comment_id,video_id,video_title,video_url,video_author,nickname,user_id,ip_location,create_time,year,like_count,sub_comment_count,impact_score,sentiment,sentiment_score,level1_category,level2_category,primary_level1,primary_level2,related_spots,primary_spot,content
273066682929,115054791957788,送你一份超详细的贵阳两日逛吃旅游攻略 | 内含图文版,https://www.bilibili.com/video/av115054791957788,迈***Q,郝***丶,,未知,2025-08-29 02:19,2025,122,11,10.7,避坑预警/痛点吐槽,-1.0,餐饮美食与特色体验,特色小吃与夜市文化,餐饮美食与特色体验,特色小吃与夜市文化,贵阳市区/黔灵山,贵阳市区/黔灵山,我8月初打算去贵阳，一搜酒店500起步，那种什么连锁更是夸张看到700一晚，而且看评论还是那种带图片的差评，看的头皮发麻，算了下一家子过去一晚开两间，一晚上光住宿费就1000-1500起步，而且我们开车到贵阳三小时车程，去贵阳花这点冤枉钱，想了想既然要出去把钱花对地方比较舒坦，然后果断买了成都的机票，直接转战成都和重庆，搜了你们的攻略美美耍了一个周[笑哭]
273313918336,115054791957788,送你一份超详细的贵阳两日逛吃旅游攻略 | 内含图文版,https://www.bilibili.com/video/av115054791957788,迈***Q,埋***我,,未知,2025-08-20 11:58,2025,66,6,9.25,强力种草/惊艳好评,2.0,自然风光与气候避暑,瀑布水景视觉震撼,自然风光与气候避暑,瀑布水景视觉震撼,贵阳市区/黔灵山,贵阳市区/黔灵山,这一年去了两次贵阳，攻略太权威了！喜欢喝奶茶的朋友强烈推荐试试贵阳本地品牌“去茶山”！
273546985904,115054791957788,送你一份超详细的贵阳两日逛吃旅游攻略 | 内含图文版,https://www.bilibili.com/video/av115054791957788,迈***Q,调***子,,未知,2025-08-22 08:27,2025,29,6,8.05,实战攻略/避坑技巧,0.2,交通自驾与行程路况,山路弯道与自驾难度,交通自驾与行程路况,山路弯道与自驾难度,黄果树瀑布 | 西江千户苗寨 | 贵阳市区/黔灵山,黄果树瀑布,强烈提醒，暑假去，避开贵阳的景点！慎去千古苗寨！黄果树需要起早并降低心理预期，自然风光真的没话说，超顶，如果不是打卡族，建议往小景点去，景色一样好
272202890913,115054791957788,送你一份超详细的贵阳两日逛吃旅游攻略 | 内含图文版,https://www.bilibili.com/video/av115054791957788,迈***Q,我***猪,,未知,2025-08-21 20:45,2025,28,11,8.54,客观探讨/咨询互动,0.0,景区运营与排队管理,核心项目超长排队与拥堵,景区运营与排队管理,核心项目超长排队与拥堵,贵州全域/综合,贵州全域/综合,今天刚回来，除了人多挤的厉害和宾馆价格略离谱外，无论人文还有景色都没得喷
312102801200,117008297493925,不只是凉快，一口气逛遍贵州全省43个景区，TOP10你去过几个？ | 【全景推荐03】,https://www.bilibili.com/video/av117008297493925,行***卒,修***爸,,未知,2026-08-04 00:33,2026,20,3,6.95,强力种草/惊艳好评,3.0,消费预算与综合性价比,高性价比与平民消费好评,消费预算与综合性价比,高性价比与平民消费好评,肇兴侗寨/加榜梯田 | 遵义红色胜地/赤水 | 阿西里西韭菜坪/百里杜鹃,肇兴侗寨/加榜梯田,"贵州的话，去那种县城最好：好吃的多主要是食材放心，酒店便宜，人不拥挤。
推荐黔西市、桐梓县、榕江，黔西的酒店双床标准间一晚上才137"
311734924960,117008297493925,不只是凉快，一口气逛遍贵州全省43个景区，TOP10你去过几个？ | 【全景推荐03】,https://www.bilibili.com/video/av117008297493925,行***卒,黑***菌,,未知,2026-08-01 12:21,2026,213,38,12.71,避坑预警/痛点吐槽,-1.0,餐饮美食与特色体验 | 交通自驾与行程路况,特色小吃与夜市文化 | 餐饮价格与隐形消费 | 山路弯道与自驾难度 | 包车打车与出租车避坑 | 高铁大巴换乘与班次衔接,餐饮美食与特色体验,特色小吃与夜市文化,贵阳市区/黔灵山,贵阳市区/黔灵山,"作为一个90后贵阳土著，来贵阳别去花果园白宫！别去青云市集！别看抖音推荐店铺！
我跑出租车遇到太多外地朋友去完以后抱怨太多了！上车就劝，不听。还说我们这里坑，白宫拍照几十一张，青云市集东西很贵，去哪哪哪吃饭味道也不怎样……
那本地人也不去的地方能有啥好？还有就是来贵阳玩的朋友们，打车如果怕被绕路教你们，上车开导航给司机看，让他按照导航行驶，绕路的话，下车后正常付款，记下车牌第一时间打12345或者出租车车门上的公司电话进行投诉，正常情况会退回你车费，司机也会被重罚！当然你说你打网约车我觉得都可以，但是总有遇到高峰期打不到，你又急用车的时候你可以看看这个。而且网约车挑单子现在行内人懂的都懂！
还有就是买土特产别去那些土特产门店，基本上价格贵！要去就去贵阳本土的一些批发市场，比如什么火车站，正兴街那种。都别说门店了，我最近突然想吃麻辣洋芋片，前些天说去摊位上买点，结果看一眼价格真特么吓人！20-25一斤！这土豆是金子做的？所以我现在已经在家被迫又学会一个技能，自己炸土豆片。"
311509592784,117008297493925,不只是凉快，一口气逛遍贵州全省43个景区，TOP10你去过几个？ | 【全景推荐03】,https://www.bilibili.com/video/av117008297493925,行***卒,u***g,,未知,2026-07-30 19:40,2026,31,16,9.03,客观探讨/咨询互动,0.0,自然风光与气候避暑,瀑布水景视觉震撼,自然风光与气候避暑,瀑布水景视觉震撼,西江千户苗寨,西江千户苗寨,"去贵州玩过很多，对排行深以为然。 

尤其是千户苗寨，没把它放进排行太对了。我是大白天去的，无聊，丑到倒贴钱我也不愿意再去了。"
308335908049,117008297493925,不只是凉快，一口气逛遍贵州全省43个景区，TOP10你去过几个？ | 【全景推荐03】,https://www.bilibili.com/video/av117008297493925,行***卒,黎***卷,,未知,2026-07-31 17:27,2026,11,3,6.11,强力种草/惊艳好评,1.0,消费预算与综合性价比,高性价比与平民消费好评,消费预算与综合性价比,高性价比与平民消费好评,贵州全域/综合,贵州全域/综合,请继续更新该视频，这是我了解贵州的唯一方式，顺便问一下，贵州好玩吗，好玩我就起床了
208486064608,1450486354,贵州9地市完整版-贵阳、毕节、六盘水、黔南、黔西南、黔东南、遵义、铜仁、安顺,https://www.bilibili.com/video/av1450486354,开***行,A***师,,未知,2024-02-17 15:09,2024,683,45,14.62,实战攻略/避坑技巧,0.2,餐饮美食与特色体验,特色小吃与夜市文化 | 折耳根与口味适应度,餐饮美食与特色体验,特色小吃与夜市文化,贵阳市区/黔灵山,贵阳市区/黔灵山,作为本地人，我的看法和up基本一致，外地的朋友完全可以用这个视频进行规划选择，另外提一点，如果没有特定的美食目标，建议就在贵阳吃，下面的地州市特色的很特色正宗，大众口味的不如有一定本地化的贵阳吃食。
208370426064,1450486354,贵州9地市完整版-贵阳、毕节、六盘水、黔南、黔西南、黔东南、遵义、铜仁、安顺,https://www.bilibili.com/video/av1450486354,开***行,伊***金,,未知,2024-02-16 20:19,2024,726,54,14.89,客观探讨/咨询互动,0.0,交通自驾与行程路况,山路弯道与自驾难度,交通自驾与行程路况,山路弯道与自驾难度,贵州全域/综合,贵州全域/综合,关注大半年，一直以为UP主叫 开心元旅行，今天突然发现叫 开元心旅行[doge]人麻了[笑哭]
209242381504,1450486354,贵州9地市完整版-贵阳、毕节、六盘水、黔南、黔西南、黔东南、遵义、铜仁、安顺,https://www.bilibili.com/video/av1450486354,开***行,有***兮,,未知,2024-02-22 00:44,2024,445,33,13.68,客观探讨/咨询互动,0.0,自然风光与气候避暑,瀑布水景视觉震撼,自然风光与气候避暑,瀑布水景视觉震撼,贵阳市区/黔灵山,贵阳市区/黔灵山,黔灵山，性价比第一，不是贵州第一，而是全国第一
208379145248,1450486354,贵州9地市完整版-贵阳、毕节、六盘水、黔南、黔西南、黔东南、遵义、铜仁、安顺,https://www.bilibili.com/video/av1450486354,开***行,A***Z,,未知,2024-02-16 21:14,2024,321,0,9.66,客观探讨/咨询互动,0.0,景区运营与排队管理,大门外移与强制观光车,景区运营与排队管理,大门外移与强制观光车,贵阳市区/黔灵山 | 织金洞 | 阿西里西韭菜坪/百里杜鹃,贵阳市区/黔灵山,"贵阳
00:21 青岩古镇 明代
01:34 阳明文化园
毕节
04:04 杜鹃林
两个点，可以观光车
04:20 织金洞
05:59 阿西里西韭菜坪
有..."
208374380736,1450486354,贵州9地市完整版-贵阳、毕节、六盘水、黔南、黔西南、黔东南、遵义、铜仁、安顺,https://www.bilibili.com/video/av1450486354,开***行,西***瓜,,未知,2024-02-16 20:44,2024,259,21,12.43,实战攻略/避坑技巧,0.2,安全防范与避坑预警,黔灵山猕猴抓咬与抢食抢包,安全防范与避坑预警,黔灵山猕猴抓咬与抢食抢包,贵阳市区/黔灵山,贵阳市区/黔灵山,贵阳黔灵山公园真的可以玩玩，景色不错。但需要注意的是猴子比较野，注意保管好自己的包，尤其不要露出任何食物（刚买的烤玉米被猴子抢走扔心有余悸[辣眼睛]）
283716628288,115621224255987,这个贵州五线小城，凭什么是中国“吃商”最高的城市？,https://www.bilibili.com/video/av115621224255987,盗***记,贵***旅,,未知,2025-11-28 11:19,2025,4293,79,17.93,客观探讨/咨询互动,0.0,消费预算与综合性价比,高性价比与平民消费好评,消费预算与综合性价比,高性价比与平民消费好评,贵州全域/综合,贵州全域/综合,贵州文旅在这里！
283936957616,115621224255987,这个贵州五线小城，凭什么是中国“吃商”最高的城市？,https://www.bilibili.com/video/av115621224255987,盗***记,言***清,,未知,2025-11-30 13:41,2025,5177,159,18.9,客观探讨/咨询互动,0.0,餐饮美食与特色体验,特色小吃与夜市文化,餐饮美食与特色体验,特色小吃与夜市文化,贵州全域/综合,贵州全域/综合,因为冒不起失学风险而回不去的安顺人只能帮大家到这里了 小三十年人生总结的安顺美食地图⬇️
283669988720,115621224255987,这个贵州五线小城，凭什么是中国“吃商”最高的城市？,https://www.bilibili.com/video/av115621224255987,盗***记,L***x,,未知,2025-11-27 20:18,2025,2051,17,15.33,客观探讨/咨询互动,0.0,综合旅游体验与漫游杂谈,全省概览/多景点串联游记,综合旅游体验与漫游杂谈,全省概览/多景点串联游记,贵州全域/综合,贵州全域/综合,这期视频观感让我感觉仿佛回到了几年前
281787790145,115621224255987,这个贵州五线小城，凭什么是中国“吃商”最高的城市？,https://www.bilibili.com/video/av115621224255987,盗***记,夏***咯,,未知,2025-11-27 22:49,2025,1800,62,16.39,强力种草/惊艳好评,3.0,餐饮美食与特色体验,酸汤系列与特色火锅 | 特色小吃与夜市文化,餐饮美食与特色体验,酸汤系列与特色火锅,贵阳市区/黔灵山 | 遵义红色胜地/赤水,贵阳市区/黔灵山,"外地朋友们如果觉得贵阳美食很惊艳，那一定要去安顺，因为连贵阳人也不得不承认，吃的安顺更在行。
其实视频里拍的蛋包洋芋、锅巴糍粑并不是安顺本地小吃，而是遵义小吃。
正宗安顺小吃还有好多没拍到：小锅凉粉、冲冲糕、油炸粑稀饭、油炸鸡蛋糕、破酥包、剪粉、旧州鸡辣子等等，都是出了安顺几乎吃不到的。
还有火锅除了视频中的灌汤猪脚和夺夺粉，还比较推荐：刘老实鱼火锅（我不爱吃鱼的人都吃的津津有味）、红豆牛肉火锅（和豆米火锅不一样）。"
279942653136,115406375224532,千呼万唤！贵阳美食攻略终于来啦！！,https://www.bilibili.com/video/av115406375224532,猴***甜,猴***甜,,未知,2025-10-21 20:43,2025,843,19,14.1,客观探讨/咨询互动,0.0,餐饮美食与特色体验,特色小吃与夜市文化,餐饮美食与特色体验,特色小吃与夜市文化,贵州全域/综合,贵州全域/综合,店铺合集
279940540624,115406375224532,千呼万唤！贵阳美食攻略终于来啦！！,https://www.bilibili.com/video/av115406375224532,猴***甜,H***e,,未知,2025-10-21 20:22,2025,476,24,13.47,客观探讨/咨询互动,0.0,餐饮美食与特色体验,特色小吃与夜市文化,餐饮美食与特色体验,特色小吃与夜市文化,贵州全域/综合,贵州全域/综合,感谢各大探店博主和各位广大网友，让本地土著知道原来还有这么多吃的东西……
278305277393,115406375224532,千呼万唤！贵阳美食攻略终于来啦！！,https://www.bilibili.com/video/av115406375224532,猴***甜,小***食,,未知,2025-10-21 18:08,2025,174,12,11.31,客观探讨/咨询互动,0.0,综合旅游体验与漫游杂谈,全省概览/多景点串联游记,综合旅游体验与漫游杂谈,全省概览/多景点串联游记,贵州全域/综合,贵州全域/综合,总算回归了[星星眼]
278324859121,115406375224532,千呼万唤！贵阳美食攻略终于来啦！！,https://www.bilibili.com/video/av115406375224532,猴***甜,N***_,,未知,2025-10-21 21:38,2025,91,61,11.91,客观探讨/咨询互动,0.0,消费预算与综合性价比,高性价比与平民消费好评,消费预算与综合性价比,高性价比与平民消费好评,贵州全域/综合,贵州全域/综合,"贵州的朋友求求你们告诉我 什么季节去最好 过年一个人去有的玩么
云贵真的我梦中情地[大哭][大哭][大哭]"
300502206193,116621750311721,我去贵州拍死亡纪录片，结果流浪了一个月,https://www.bilibili.com/video/av116621750311721,阿***记,阿***记,,未知,2026-05-24 21:06,2026,356,51,13.77,客观探讨/咨询互动,0.0,交通自驾与行程路况,山路弯道与自驾难度,交通自驾与行程路况,山路弯道与自驾难度,贵州全域/综合,贵州全域/综合,关于口语问题，因为我在大巴山天天都讲四川话，几乎不用普通话，训狗，训猫，和人类交流都用四川话，习惯了方言口语，说普通话就有点不顺畅了，以后慢慢练习下，或者以后视频直接四川话算了😐
300401560769,116621750311721,我去贵州拍死亡纪录片，结果流浪了一个月,https://www.bilibili.com/video/av116621750311721,阿***记,i***n,,未知,2026-05-23 23:57,2026,325,20,12.72,客观探讨/咨询互动,0.0,综合旅游体验与漫游杂谈,全省概览/多景点串联游记,综合旅游体验与漫游杂谈,全省概览/多景点串联游记,荔波小七孔,荔波小七孔,荔波
303392776720,116621750311721,我去贵州拍死亡纪录片，结果流浪了一个月,https://www.bilibili.com/video/av116621750311721,阿***记,不***巫,,未知,2026-05-23 22:30,2026,203,4,10.59,客观探讨/咨询互动,0.0,综合旅游体验与漫游杂谈,全省概览/多景点串联游记,综合旅游体验与漫游杂谈,全省概览/多景点串联游记,贵州全域/综合,贵州全域/综合,[桃源_给花花]梦 奇 险～
300351143617,116621750311721,我去贵州拍死亡纪录片，结果流浪了一个月,https://www.bilibili.com/video/av116621750311721,阿***记,二***4,,未知,2026-05-23 17:04,2026,78,11,10.04,客观探讨/咨询互动,0.0,综合旅游体验与漫游杂谈,全省概览/多景点串联游记,综合旅游体验与漫游杂谈,全省概览/多景点串联游记,贵州全域/综合,贵州全域/综合,怎么来我家了？
300452943393,116621750311721,我去贵州拍死亡纪录片，结果流浪了一个月,https://www.bilibili.com/video/av116621750311721,阿***记,I***g,,未知,2026-05-24 13:15,2026,74,1,8.17,客观探讨/咨询互动,0.0,综合旅游体验与漫游杂谈,全省概览/多景点串联游记,综合旅游体验与漫游杂谈,全省概览/多景点串联游记,贵州全域/综合,贵州全域/综合,我一直认为我们本土的神像，一定是发生了什么事情才有人将祂塑身的。或者说是一定发生了什么事情才有了祂。那种田埂间的神像，也许是土地神。那么这个土地神可能是当年的某个人做了某样的事，大家感谢他，死后塑泥身祭拜他
296489995569,116414467805450,贵州92.5%都是山！6天行程这样走，少踩90%人的坑！路线、节奏、费用一次讲透~,https://www.bilibili.com/video/av116414467805450,烩***上,公***皮,,未知,2026-04-17 17:12,2026,563,35,14.09,客观探讨/咨询互动,0.0,自然风光与气候避暑,瀑布水景视觉震撼,自然风光与气候避暑,瀑布水景视觉震撼,贵州全域/综合,贵州全域/综合,想起以前去的时候正值汛期，真的是“黄”～～果树瀑布[辣眼睛][辣眼睛][辣眼睛]
296429739905,116414467805450,贵州92.5%都是山！6天行程这样走，少踩90%人的坑！路线、节奏、费用一次讲透~,https://www.bilibili.com/video/av116414467805450,烩***上,阿***6,,未知,2026-04-16 23:36,2026,346,3,11.16,客观探讨/咨询互动,0.0,自然风光与气候避暑,瀑布水景视觉震撼,自然风光与气候避暑,瀑布水景视觉震撼,贵州全域/综合,贵州全域/综合,看完我最大的感受是终于有人把贵州当一个有内部逻辑的地方来做了不是把热门点串起来就完事贵州这种地形和文化密度本来就需要被认真编排不然真的很容易把最好的部分玩碎了
299201684496,116414467805450,贵州92.5%都是山！6天行程这样走，少踩90%人的坑！路线、节奏、费用一次讲透~,https://www.bilibili.com/video/av116414467805450,烩***上,j***u,,未知,2026-04-17 17:32,2026,290,18,12.45,强力种草/惊艳好评,1.0,自然风光与气候避暑,瀑布水景视觉震撼,自然风光与气候避暑,瀑布水景视觉震撼,黄果树瀑布 | 荔波小七孔,黄果树瀑布,已经玩完回来了  美的呀  美的呀小七孔的水很有质感，真的漂亮！黄果树瀑布的这个角度很像课本封面！而且现在这个季节贵州很舒服  超级舒服哈哈哈哈哈哈哈好想去一次 可惜没假期[doge][doge][doge]
299200753680,116414467805450,贵州92.5%都是山！6天行程这样走，少踩90%人的坑！路线、节奏、费用一次讲透~,https://www.bilibili.com/video/av116414467805450,烩***上,啥***l,,未知,2026-04-17 17:25,2026,370,20,12.92,强力种草/惊艳好评,1.0,自然风光与气候避暑,瀑布水景视觉震撼,自然风光与气候避暑,瀑布水景视觉震撼,黄果树瀑布,黄果树瀑布,去过，水帘洞可以走，一天玩了三景点走了快3万步！累是真累，但风景真的美！很震撼！
273135936017,115111347949448,你们贵州人嘴真严啊…这么有意思的地方怎么不早说！？,https://www.bilibili.com/video/av115111347949448,超***西,骆***学,,未知,2025-08-29 18:09,2025,2323,79,17.01,客观探讨/咨询互动,0.0,综合旅游体验与漫游杂谈,全省概览/多景点串联游记,综合旅游体验与漫游杂谈,全省概览/多景点串联游记,贵州全域/综合,贵州全域/综合,下次我一定毫不犹豫地跳下去！！！！[大笑][大笑][大笑][大笑]
274467789056,115111347949448,你们贵州人嘴真严啊…这么有意思的地方怎么不早说！？,https://www.bilibili.com/video/av115111347949448,超***西,一***啊,,未知,2025-08-29 18:10,2025,2686,48,16.74,客观探讨/咨询互动,0.0,综合旅游体验与漫游杂谈,全省概览/多景点串联游记,综合旅游体验与漫游杂谈,全省概览/多景点串联游记,贵州全域/综合,贵州全域/综合,对不起，我来的不是时候[大哭]
274511709712,115111347949448,你们贵州人嘴真严啊…这么有意思的地方怎么不早说！？,https://www.bilibili.com/video/av115111347949448,超***西,S***咩,,未知,2025-08-30 00:04,2025,866,48,15.04,强力种草/惊艳好评,1.0,自然风光与气候避暑,瀑布水景视觉震撼,自然风光与气候避暑,瀑布水景视觉震撼,贵州全域/综合,贵州全域/综合,1280一个人[OK]本土著就不去了，去个免费的，莲花洞
273169621985,115111347949448,你们贵州人嘴真严啊…这么有意思的地方怎么不早说！？,https://www.bilibili.com/video/av115111347949448,超***西,我***-,,未知,2025-08-29 22:47,2025,1068,41,15.2,客观探讨/咨询互动,0.0,综合旅游体验与漫游杂谈,全省概览/多景点串联游记,综合旅游体验与漫游杂谈,全省概览/多景点串联游记,贵州全域/综合,贵州全域/综合,驼子姐真的好可爱
274523386800,115111347949448,你们贵州人嘴真严啊…这么有意思的地方怎么不早说！？,https://www.bilibili.com/video/av115111347949448,超***西,怕***来,,未知,2025-08-30 02:52,2025,514,5,12.16,强力种草/惊艳好评,1.0,综合旅游体验与漫游杂谈,全省概览/多景点串联游记,综合旅游体验与漫游杂谈,全省概览/多景点串联游记,贵州全域/综合,贵州全域/综合,駝子简直就是现实版的美嘉啊   太可爱了
126739885584,429661049,贵州旅行懒人攻略！大环线+必打卡推荐，自驾两个月总结,https://www.bilibili.com/video/av429661049,小***猴,小***猴,,未知,2022-08-21 18:47,2022,79,12,10.14,强力种草/惊艳好评,1.0,餐饮美食与特色体验,老字号口碑 vs 网红营销店,餐饮美食与特色体验,老字号口碑 vs 网红营销店,贵州全域/综合,贵州全域/综合,欢迎大家在【评论区】留下你最想推荐的贵州宝藏旅行地！还没去过贵州的小伙伴，不妨告诉我你在视频中种草了哪里吧？最后，记得看完一键三连哦~
126795976784,429661049,贵州旅行懒人攻略！大环线+必打卡推荐，自驾两个月总结,https://www.bilibili.com/video/av429661049,小***猴,雨***游,,未知,2022-08-22 01:00,2022,391,25,13.21,客观探讨/咨询互动,0.0,餐饮美食与特色体验,特色小吃与夜市文化,餐饮美食与特色体验,特色小吃与夜市文化,黄果树瀑布 | 贵阳市区/黔灵山 | 织金洞 | 万峰林/马岭河 | 阿西里西韭菜坪/百里杜鹃 | 六盘水凉都/乌蒙大草原,黄果树瀑布,"分享一个之前做的黔西环线。
day0家-贵阳
day1贵阳-安顺，车程2小时，景区黄果树
day2安顺-兴义，车程2.5小时，景区万峰林
day3兴义-六盘水，车程2.5小时，景区乌蒙大草原
day4六盘水-毕节韭菜坪，车程2小时，景区韭菜坪
day5毕节韭菜坪-毕节织金洞，车程2.5小时，景区织金洞
day6毕节织金洞-贵阳，车程1.5小时
day6或者day7回家都行，平均每天车程也就2个小时左右，一天一个大景点，具体怎么吃住玩，还是看自己体力"
127840650208,429661049,贵州旅行懒人攻略！大环线+必打卡推荐，自驾两个月总结,https://www.bilibili.com/video/av429661049,小***猴,b***3,,未知,2022-08-28 23:13,2022,271,25,12.67,强力种草/惊艳好评,1.0,交通自驾与行程路况 | 安全防范与避坑预警,山路弯道与自驾难度 | 水上漂流与徒步涉水安全,交通自驾与行程路况,山路弯道与自驾难度,黄果树瀑布 | 荔波小七孔 | 西江千户苗寨 | 贵阳市区/黔灵山 | 镇远古城/舞阳河 | 肇兴侗寨/加榜梯田,黄果树瀑布,"我分享一个自己走过的路线，适合带孩子，比较热闹：
d1 飞到贵阳，贵州民族博物馆，甲秀楼，晚上看演出
d2 一早租车，贵阳-黄果树-青岩古镇
d3 青岩-小七孔-大七孔-荔波古城
d4 荔波-加榜梯田，吐血推荐从江梯田山庄
d5 加榜-岜沙苗寨-肇兴侗寨，看演出
d6 肇兴-杉木河漂流-施秉
d7 施秉-朗德-千户苗寨
d8 千户-贵阳，还车
d9 贵阳市内，黔灵山，晚上飞回家"
126772644160,429661049,贵州旅行懒人攻略！大环线+必打卡推荐，自驾两个月总结,https://www.bilibili.com/video/av429661049,小***猴,A***尧,,未知,2022-08-21 22:18,2022,271,113,14.14,强力种草/惊艳好评,3.0,自然风光与气候避暑,喀斯特溶洞地质奇观,自然风光与气候避暑,喀斯特溶洞地质奇观,黄果树瀑布 | 荔波小七孔 | 西江千户苗寨 | 梵净山 | 织金洞 | 万峰林/马岭河 | 镇远古城/舞阳河 | 肇兴侗寨/加榜梯田,黄果树瀑布,我的推荐是黄果树，小七孔两个必去，镇远，千户苗寨，肇兴侗寨可以三选二，不喜欢爬山且有恐高症的梵净山可以直接放弃，如果没有看过溶洞的，那织金洞可以去，如果你只有一周的时间去贵州，那万峰林可以放弃，因为路途遥远，和其他行程肯定有所冲突
182149869104,429661049,贵州旅行懒人攻略！大环线+必打卡推荐，自驾两个月总结,https://www.bilibili.com/video/av429661049,小***猴,咩***咩,,未知,2023-08-21 15:44,2023,137,2,9.49,强力种草/惊艳好评,2.0,自然风光与气候避暑 | 商业化程度与民俗真实感 | 住宿价格与酒店民宿 | 安全防范与避坑预警,瀑布水景视觉震撼 | 原生态村寨与民俗好评 | 民宿卫生隔音与硬件体验 | 水上漂流与徒步涉水安全,自然风光与气候避暑,瀑布水景视觉震撼,荔波小七孔 | 西江千户苗寨 | 肇兴侗寨/加榜梯田,荔波小七孔,"感谢Up主的分享，我也说说我推荐的贵州景点

我去过贵州三次，8月份暑假刚刚回来，如果你比较喜欢自然景观，贵州最推荐的一定是茂兰风景区，可以徒步、玩水、探洞（离荔波小七孔不远，但是人少很多）

我们住在茂兰风景区里的客栈，客栈附近就可以玩水，水很清澈，就是有点冷；那边玩水可以抓鱼和小螃蟹

探洞是走纯自然的洞穴，没有开发的景区，但是景区是允许走的，可以请向导，穿3-4个山洞，大概需要4-5小时，我们带着1岁多的娃走的，都可以全程走下来

另外茂兰还有一些徒步路线，比如漏斗森林，听说6小时+，我们带着娃就没有去

如果你喜欢人文的景观，那邑沙侗寨或者朗德苗寨这两个略微冷门的就很推荐，没有那么商业化，保留了原汁原味当地的人文建筑和生活习俗

如果感兴趣，也可以看下我最近投稿的贵州之行视频哈"
235711677136,1456349030,又扣又爱玩|贵州旅游攻略（学生党版）,https://www.bilibili.com/video/av1456349030,8***睡,8***睡,,未知,2024-08-04 22:42,2024,265,14,12.08,客观探讨/咨询互动,0.0,综合旅游体验与漫游杂谈,全省概览/多景点串联游记,综合旅游体验与漫游杂谈,全省概览/多景点串联游记,贵州全域/综合,贵州全域/综合,图文版 希望能帮到大家[桃源_乖巧]
236181990128,1456349030,又扣又爱玩|贵州旅游攻略（学生党版）,https://www.bilibili.com/video/av1456349030,8***睡,馒***3,,未知,2024-08-07 07:37,2024,144,12,11.03,客观探讨/咨询互动,0.0,餐饮美食与特色体验,特色小吃与夜市文化,餐饮美食与特色体验,特色小吃与夜市文化,贵阳市区/黔灵山,贵阳市区/黔灵山,贵阳现在属于旺季，酒店价格相比平常差不多都翻倍了[笑哭]
235706764048,1456349030,又扣又爱玩|贵州旅游攻略（学生党版）,https://www.bilibili.com/video/av1456349030,8***睡,谁***_,,未知,2024-08-04 22:18,2024,126,23,11.44,强力种草/惊艳好评,1.0,自然风光与气候避暑 | 消费预算与综合性价比,夏季清凉避暑体验 | 高性价比与平民消费好评,自然风光与气候避暑,夏季清凉避暑体验,贵州全域/综合,贵州全域/综合,贵州人狂喜[打call]欢迎大家都到贵州来避暑[打call]该说不说大贵州物价好便宜，我们去厦门玩四天四晚三千多😭
235708293152,1456349030,又扣又爱玩|贵州旅游攻略（学生党版）,https://www.bilibili.com/video/av1456349030,8***睡,a***德,,未知,2024-08-04 22:26,2024,46,6,8.72,强力种草/惊艳好评,1.0,景区运营与排队管理,核心项目超长排队与拥堵,景区运营与排队管理,核心项目超长排队与拥堵,贵阳市区/黔灵山,贵阳市区/黔灵山,黔灵山公园免费啦我那时候去还要五块钱门票呢
235711613824,1456349030,又扣又爱玩|贵州旅游攻略（学生党版）,https://www.bilibili.com/video/av1456349030,8***睡,阿***礼,,未知,2024-08-04 22:41,2024,38,1,7.19,实战攻略/避坑技巧,0.2,综合旅游体验与漫游杂谈,全省概览/多景点串联游记,综合旅游体验与漫游杂谈,全省概览/多景点串联游记,贵州全域/综合,贵州全域/综合,好详细的攻略，好细心的86[星星眼]，已经三连啦，狠狠收藏!! 期待我未来也有这样一趟旅行[打call]
260152560737,114355685296441,贵州攻略（上）贵阳、安顺三天两晚Vlog，没有1TB的胃真不行！,https://www.bilibili.com/video/av114355685296441,哎***仔,1***r,,未知,2025-04-23 09:14,2025,122,28,11.59,强力种草/惊艳好评,2.0,自然风光与气候避暑 | 餐饮美食与特色体验 | 安全防范与避坑预警,瀑布水景视觉震撼 | 喀斯特溶洞地质奇观 | 高山峡谷与世界级桥梁 | 特色小吃与夜市文化 | 折耳根与口味适应度 | 水上漂流与徒步涉水安全,自然风光与气候避暑,瀑布水景视觉震撼,黄果树瀑布 | 贵阳市区/黔灵山 | 镇远古城/舞阳河 | 阿西里西韭菜坪/百里杜鹃,黄果树瀑布,贵州还有很多野景，比如安顺万峰顶，大圣之眼，平坝大坡林场，每年的花季有百里杜鹃，平坝樱花，金海雪山，还有龙脊山，老王山，哈冲洞，丰水期的滴水滩瀑布等等，去之前都可以做做攻略。当然，还有贵阳开阳县的猴耳天坑，在体验天然天坑美景的同时，还能体验官方的原始丛林飞跃，绝壁爬岩，天坑百米大秋千飞荡等项目，特别有意思。当然，我本人还推荐，贵阳的市中心的领刻派对娱乐中心，具体玩法可以抖音搜一搜，挺丰富好玩的，去过的人很多都说好玩得不得了，周边还有贵阳著名小吃街等等。夏天，还能来贵州漂流和涉水，比如贵州杉木河白天漂和夜晚漂两个景区，贵州万佛峡谷蚂蝗沟徒步峡谷穿越人体漂水景区等等。秋天，能来贵州泡温泉疗养，比如著名的贵州息烽温泉，泡完还能吃当地美食比如息烽黄南武辣子鸡等等，暖和[doge]
260153439873,114355685296441,贵州攻略（上）贵阳、安顺三天两晚Vlog，没有1TB的胃真不行！,https://www.bilibili.com/video/av114355685296441,哎***仔,葫***秃,,未知,2025-04-23 09:33,2025,22,1,6.4,强力种草/惊艳好评,1.0,餐饮美食与特色体验,老字号口碑 vs 网红营销店,餐饮美食与特色体验,老字号口碑 vs 网红营销店,贵阳市区/黔灵山,贵阳市区/黔灵山,民生路现在成网红化了，虽然有很多吃的，但都比会贵一些，有好吃的老店也有坑，比如厕所馒头是真不好吃不知道为什么那么火
263692711729,114355685296441,贵州攻略（上）贵阳、安顺三天两晚Vlog，没有1TB的胃真不行！,https://www.bilibili.com/video/av114355685296441,哎***仔,_***归,,未知,2025-06-05 14:27,2025,16,6,7.2,强力种草/惊艳好评,1.0,餐饮美食与特色体验,特色小吃与夜市文化,餐饮美食与特色体验,特色小吃与夜市文化,贵州全域/综合,贵州全域/综合,我家是安顺紫云的，紫云的冰浆真的绝绝子！可是老板没往外开[大哭]每次看到外地的朋友说小舒好吃就替大家可惜。
298856884177,116538132662198,"贵州人:""不就是个山卡拉嘛..."" 外地游客:""这风景真绝！！！”",https://www.bilibili.com/video/av116538132662198,唯***线,唯***线,,未知,2026-05-09 09:51,2026,96,0,7.86,强力种草/惊艳好评,1.0,消费预算与综合性价比,高性价比与平民消费好评,消费预算与综合性价比,高性价比与平民消费好评,贵州全域/综合,贵州全域/综合,https://b23.tv/cm-xst-0-3IhY9 【闲鱼集市】更便宜！
298865358929,116538132662198,"贵州人:""不就是个山卡拉嘛..."" 外地游客:""这风景真绝！！！”",https://www.bilibili.com/video/av116538132662198,唯***线,厉***国,,未知,2026-05-09 11:52,2026,2243,70,16.84,客观探讨/咨询互动,0.0,自然风光与气候避暑,瀑布水景视觉震撼,自然风光与气候避暑,瀑布水景视觉震撼,贵州全域/综合,贵州全域/综合,贵林山水甲天下不是说说的[呲牙]
298858203105,116538132662198,"贵州人:""不就是个山卡拉嘛..."" 外地游客:""这风景真绝！！！”",https://www.bilibili.com/video/av116538132662198,唯***线,歐***案,,未知,2026-05-09 10:11,2026,1275,72,16.02,强力种草/惊艳好评,1.0,自然风光与气候避暑 | 安全防范与避坑预警,瀑布水景视觉震撼 | 黔灵山猕猴抓咬与抢食抢包,自然风光与气候避暑,瀑布水景视觉震撼,贵阳市区/黔灵山,贵阳市区/黔灵山,作为贵州农村人，别人每逢节假日都要去那些人贼多的景区玩，我就只喜欢喊几个哥们去大山里看风景搞几杯白酒，不喜欢嘈杂的地方，有时候还跟别人挤来挤去，自己地方的景区我都没去过几次，倒是外县市的同学来过的次数比我还多[笑哭]。大山里的空气风景真的一绝，山泉水比市面上的矿泉水还好喝，有时候运气好还可以遇见老虎豹子猴子野猪小鹿等等好多动物（有次遇见大老虎差点把哥们几个吓尿[笑哭]，还好不主动攻击我们[doge]）
301887614720,116538132662198,"贵州人:""不就是个山卡拉嘛..."" 外地游客:""这风景真绝！！！”",https://www.bilibili.com/video/av116538132662198,唯***线,再***币,,未知,2026-05-10 04:35,2026,918,14,13.94,客观探讨/咨询互动,0.0,自然风光与气候避暑,高山峡谷与世界级桥梁,自然风光与气候避暑,高山峡谷与世界级桥梁,万峰林/马岭河,万峰林/马岭河,欢迎来到马岭河峡谷
273483282400,115061804765316,今年夏天还有谁没去贵州避暑？｜三天两夜贵州凯里旅游攻略｜超绝35元酸汤牛肉自助餐、在土豆国吃路边摊Omakase｜打卡朗德苗寨、白岩村、野生响水瀑布、下司古镇,https://www.bilibili.com/video/av115061804765316,喂***豆,程***年,,未知,2025-08-21 18:19,2025,139,11,10.9,客观探讨/咨询互动,0.0,自然风光与气候避暑,夏季清凉避暑体验,自然风光与气候避暑,夏季清凉避暑体验,贵阳市区/黔灵山 | 阿西里西韭菜坪/百里杜鹃 | 六盘水凉都/乌蒙大草原,贵阳市区/黔灵山,给外地的朋友科普一下，贵州只有毕节，六盘水贵阳这几个地区是避暑的，其他黔东南这些并不凉快噢。
273625617792,115061804765316,今年夏天还有谁没去贵州避暑？｜三天两夜贵州凯里旅游攻略｜超绝35元酸汤牛肉自助餐、在土豆国吃路边摊Omakase｜打卡朗德苗寨、白岩村、野生响水瀑布、下司古镇,https://www.bilibili.com/video/av115061804765316,喂***豆,嘤***了,,未知,2025-08-22 20:35,2025,20,10,7.96,客观探讨/咨询互动,0.0,餐饮美食与特色体验,特色小吃与夜市文化,餐饮美食与特色体验,特色小吃与夜市文化,贵州全域/综合,贵州全域/综合,"感觉物价有点迷, 38可以吃牛肉自助, 结果一个薯仔就要5块, 巧贵."
273715687648,115061804765316,今年夏天还有谁没去贵州避暑？｜三天两夜贵州凯里旅游攻略｜超绝35元酸汤牛肉自助餐、在土豆国吃路边摊Omakase｜打卡朗德苗寨、白岩村、野生响水瀑布、下司古镇,https://www.bilibili.com/video/av115061804765316,喂***豆,d***姜,,未知,2025-08-23 15:39,2025,14,3,6.45,强力种草/惊艳好评,1.0,住宿价格与酒店民宿,旺季节假日价格暴涨,住宿价格与酒店民宿,旺季节假日价格暴涨,贵阳市区/黔灵山,贵阳市区/黔灵山,去年9月去的贵州玩的很开心，今年8月再去了一趟贵州，只能说旺季的贵州把人往死里坑，贵阳北站700一晚住丽枫酒店，其他酒店也好不到哪里去，算了，真的算了。必须表扬是凯里市区的酒店没有很涨价还很舒服。
273460679712,115061804765316,今年夏天还有谁没去贵州避暑？｜三天两夜贵州凯里旅游攻略｜超绝35元酸汤牛肉自助餐、在土豆国吃路边摊Omakase｜打卡朗德苗寨、白岩村、野生响水瀑布、下司古镇,https://www.bilibili.com/video/av115061804765316,喂***豆,K***1,,未知,2025-08-21 14:46,2025,10,7,6.68,客观探讨/咨询互动,0.0,交通自驾与行程路况,山路弯道与自驾难度,交通自驾与行程路况,山路弯道与自驾难度,贵阳市区/黔灵山,贵阳市区/黔灵山,5月去了一下贵阳，云贵桂的水都很无敌。下次再去贵州应该是开车去了，想去的地方有点多哈哈
240243854064,113022181901324,贵州，一个月，两个人，两万块，呕心沥血！,https://www.bilibili.com/video/av113022181901324,烟***啊,C***璇,,未知,2024-08-26 14:59,2024,371,28,13.25,避坑预警/痛点吐槽,-1.0,住宿价格与酒店民宿,旺季节假日价格暴涨,住宿价格与酒店民宿,旺季节假日价格暴涨,遵义红色胜地/赤水,遵义红色胜地/赤水,"感谢up，欢迎up再来贵州！另外也想借up的评论区跟其他想来贵州旅游的外地游客说一声欢迎，再说一声抱歉。作为本地人，说真的，我看见贵州今年爆火又开心又害怕，但其实害怕多于开心，尤其是看到酒店涨价，景点爆满，很多游客是带着失望离开的。我害怕贵州接不住这突如其来的泼天富贵，害怕贵州旅游变成一次性打卡。
贵州以前是籍籍无名的小透明，很多人听说过遵义会议，但不知道贵州是个省。贵州长期积贫积弱，咬着牙修桥修路，成为西部地区第一个县县通高速的省份，也是近5年才有了这样的发展，但是贵州基建难度太大，很多基础设施仍然落后，人民也不算富裕，之前几年修桥修路已经把贵州掏空了，硬件跟不上的致命问题一直存在。软件方面，贵州是人口输出大省，本来本地常住人口也不多，贵州教育水平低，人民没有接待这么多游客，有些时候可能多少有些小民乍富的心理，待人接物也不尽如人意。
但是贵州人民一直在努力，从不被注意到现在终于被大家看见，我们从没放弃，来到贵州并未尽兴的外地朋友，请你们再给我们一点时间，下次再来，也许会有更好的体验，来到贵州感到惊喜的外地朋友也希望能再来，感受多彩贵州不同的面貌。感恩！"
240144158208,113022181901324,贵州，一个月，两个人，两万块，呕心沥血！,https://www.bilibili.com/video/av113022181901324,烟***啊,r***g,,未知,2024-08-26 00:11,2024,86,6,9.64,强力种草/惊艳好评,1.0,餐饮美食与特色体验,特色小吃与夜市文化,餐饮美食与特色体验,特色小吃与夜市文化,肇兴侗寨/加榜梯田,肇兴侗寨/加榜梯田,06年毕业没多久去黔东南跟同学玩了一圈，黎平让我这个贵州中部的人震撼，一种完全陌生的文化即视感。整个县城在一个巨大的山峰旁。又去了肇兴，正好遇到一年一度的芦笙比赛。那时候没有旅游开发，没有大门，甚至没几个商店，感受到的只是相互拥抱的热情的侗族，让我这个从未跟亲戚拥抱过的流民受到巨大的文化冲击！
241209688289,113022181901324,贵州，一个月，两个人，两万块，呕心沥血！,https://www.bilibili.com/video/av113022181901324,烟***啊,腹***受,,未知,2024-09-03 03:20,2024,73,5,9.25,强力种草/惊艳好评,1.0,自然风光与气候避暑 | 交通自驾与行程路况 | 商业化程度与民俗真实感 | 安全防范与避坑预警,高山峡谷与世界级桥梁 | 山路弯道与自驾难度 | 原生态村寨与民俗好评 | 水上漂流与徒步涉水安全,自然风光与气候避暑,高山峡谷与世界级桥梁,黄果树瀑布 | 荔波小七孔 | 西江千户苗寨 | 梵净山 | 贵阳市区/黔灵山 | 织金洞 | 万峰林/马岭河 | 镇远古城/舞阳河 | 遵义红色胜地/赤水 | 阿西里西韭菜坪/百里杜鹃 | 六盘水凉都/乌蒙大草原,黄果树瀑布,大概随便说一下哈，贵州自驾线路简单来说就是环贵阳形成一个环线。比如我这里从广东出发进贵州，第一站应该是都匀或者荔波，先去玩小七孔。然后往北走是一个人文线，走岜沙苗寨，朗德苗寨（喜欢热闹的去西江），杉木河漂流（非常硬核，漂一天那种），镇远古城，梵净山（不想爬山可以不去，景色挺好的），然后进遵义有一些红色经典如果不感兴趣可以不去（娄山关，遵义会议），乌江寨，最后到茅台镇喝一下小酒，人文线就算结束了。南线，如果从茅台镇出发，就是沿着赤水河谷前往赤水丹霞（河谷自驾体验真的好），然后开始往南，到毕节看百里杜鹃（花期4-5月），织金洞，阿西里西韭菜坪（花期8-9月），野玉海，乌蒙大草原，到最南的万峰林和马岭河峡谷之后折回安顺，走黄果树，龙宫（和织金洞有点重复可以不去），夜郎谷，格凸河，到这里有兴趣的话还可以转去看中国天眼，去了天眼之后就快绕回出发地真正形成一条环线了，没兴趣的话可以去贵阳结束旅程。南线很多有水的地方要注意在丰水期去效果更好，枯水期真没啥看的。
240746728433,113022181901324,贵州，一个月，两个人，两万块，呕心沥血！,https://www.bilibili.com/video/av113022181901324,烟***啊,纯***星,,未知,2024-08-29 09:11,2024,60,8,9.36,客观探讨/咨询互动,0.0,餐饮美食与特色体验 | 商业化程度与民俗真实感,特色小吃与夜市文化 | 原生态村寨与民俗好评 | 民俗表演与人文真实互动,餐饮美食与特色体验,特色小吃与夜市文化,西江千户苗寨 | 肇兴侗寨/加榜梯田,西江千户苗寨,讲的没毛病，贵州很多景点已经商业化过头了，代表就是西江苗寨和肇兴侗寨，我很多年前带团去西江苗寨的时候，里面非常的原生态，没有外地人来开店，门面也是当地居民卖点当地特产啊，蜡染啊，腊肉这种，现在已经乱七八糟，跟全国大多数古城一样了，什么刻名字的珠子啊，木锤酥啊，牦牛肉干啊（凯里怎么会有牦牛？），鱼疗这种，都是其他景区已经玩烂了的玩意，一点当地民族特色都没有，既然没特色，我何必来你这里呢？去哪里都是这些。
240220650992,113022181901324,贵州，一个月，两个人，两万块，呕心沥血！,https://www.bilibili.com/video/av113022181901324,烟***啊,2***2,,未知,2024-08-26 12:44,2024,70,10,9.79,实战攻略/避坑技巧,0.2,交通自驾与行程路况 | 住宿价格与酒店民宿,高速通行费与桥隧比 | 山路弯道与自驾难度 | 旺季节假日价格暴涨,交通自驾与行程路况,高速通行费与桥隧比,梵净山 | 织金洞 | 万峰林/马岭河 | 遵义红色胜地/赤水 | 阿西里西韭菜坪/百里杜鹃,梵净山,看up走的线路虽然避开了贵州省内温度比较高的遵义地区和铜仁地区，但确实走了不少冤枉路，从毕节到凯里，也就是从黔西北一下赶到黔东南，可以说走了一个对穿，三百多四百公里，如果是边走边玩，不是选着目的地玩的话，应该从毕节出来之后，就往黔西织金洞走，然后是兴义万峰林，之后是黔南都匀，再到黔东南，逆时针方向走，因为贵州高速路桥隧比比较高，路费贵，所以行车自驾必须先做好攻略；景区商业化，这个没法子，有一个景区商业化，其他的景区就会去学，好的不学，去学坏的，还有住宿涨价，也是这样，搞住宿的就想着涨价赚一波，这次是赚到了，但是就没想过以后，游客会因为费用高了，人家就不来了
311026005009,117121359087109,贵州避暑两月总结,https://www.bilibili.com/video/av117121359087109,肖***家,大***行,,未知,2026-08-20 15:36,2026,48,1,7.53,客观探讨/咨询互动,0.0,自然风光与气候避暑,夏季清凉避暑体验,自然风光与气候避暑,夏季清凉避暑体验,贵州全域/综合,贵州全域/综合,你带小孩儿了，一切肯定都要围绕着这个小祖宗，这是最重要的因素，体验肯定会有很大的不同。另外，贵州的气候也分凉、热和中等的区域，雨水也略有不同。
314531655392,117121359087109,贵州避暑两月总结,https://www.bilibili.com/video/av117121359087109,肖***家,桜***ね,,未知,2026-08-21 12:13,2026,128,12,10.85,客观探讨/咨询互动,0.0,消费预算与综合性价比,高性价比与平民消费好评,消费预算与综合性价比,高性价比与平民消费好评,贵阳市区/黔灵山,贵阳市区/黔灵山,为什么叫贵阳，就是太阳太珍贵了
311122501921,117121359087109,贵州避暑两月总结,https://www.bilibili.com/video/av117121359087109,肖***家,恐***Q,,未知,2026-08-21 09:31,2026,27,4,7.61,客观探讨/咨询互动,0.0,住宿价格与酒店民宿,景区内住宿 vs 市区中转选择,住宿价格与酒店民宿,景区内住宿 vs 市区中转选择,贵州全域/综合,贵州全域/综合,二个月大半时间在房车里避雨，这么小的空间，憋屈死了，苦了小孩，不是坐着就床上躺着，天天外卖，开个房车过苦日子
314366310736,117121359087109,贵州避暑两月总结,https://www.bilibili.com/video/av117121359087109,肖***家,温***君,,未知,2026-08-20 09:36,2026,121,7,10.29,强力种草/惊艳好评,1.0,住宿价格与酒店民宿,景区内住宿 vs 市区中转选择,住宿价格与酒店民宿,景区内住宿 vs 市区中转选择,贵州全域/综合,贵州全域/综合,房车肯定不舒服[doge]怎么样都比不上真正的房子
314376661712,117121359087109,贵州避暑两月总结,https://www.bilibili.com/video/av117121359087109,肖***家,病***瑃,,未知,2026-08-20 11:03,2026,61,15,9.96,客观探讨/咨询互动,0.0,自然风光与气候避暑,瀑布水景视觉震撼,自然风光与气候避暑,瀑布水景视觉震撼,六盘水凉都/乌蒙大草原,六盘水凉都/乌蒙大草原,我在贵州活了将近四十年，从来没有见过今年这么多的雨水，真是罕见，又多又大，坐标六盘水[笑哭]
311504670944,117008297493925,不只是凉快，一口气逛遍贵州全省43个景区，TOP10你去过几个？ | 【全景推荐03】,https://www.bilibili.com/video/av117008297493925,行***卒,行***卒,,未知,2026-07-30 19:03,2026,10,0,4.6,强力种草/惊艳好评,1.0,景区运营与排队管理,核心项目超长排队与拥堵,景区运营与排队管理,核心项目超长排队与拥堵,贵州全域/综合,贵州全域/综合,"把所有推荐景区资料都放在表格里了
共享文档地址：https://www.kdocs.cn/l/cufU5zvjJ2Bs"
308453949873,117008297493925,不只是凉快，一口气逛遍贵州全省43个景区，TOP10你去过几个？ | 【全景推荐03】,https://www.bilibili.com/video/av117008297493925,行***卒,柯***论,,未知,2026-08-01 14:57,2026,20,0,5.57,强力种草/惊艳好评,1.0,餐饮美食与特色体验,特色小吃与夜市文化,餐饮美食与特色体验,特色小吃与夜市文化,贵阳市区/黔灵山,贵阳市区/黔灵山,"旅游，尤其是市区旅游，本质就是从你觉得坑的地方去到别人觉得坑的地方，没啥好劝的，顶多提醒人放低预期，外地人该去还是会去的，例如我这个ip省会的黄鹤楼，80块坐电梯到钢筋混凝土黄鹤楼顶楼，要多没意思有多没意思，但外地人来了该去还是去。
所以同理我觉得外地人可以去下花果园[吃瓜]，我记得第一次去也是很震惊的，一个小区通行要靠公交车，时间还不短，坐半天车还在花果园小区，这体验值得[doge_金箍]"
308458611329,117008297493925,不只是凉快，一口气逛遍贵州全省43个景区，TOP10你去过几个？ | 【全景推荐03】,https://www.bilibili.com/video/av117008297493925,行***卒,柯***论,,未知,2026-08-01 15:40,2026,10,0,4.6,客观探讨/咨询互动,0.0,餐饮美食与特色体验,特色小吃与夜市文化,餐饮美食与特色体验,特色小吃与夜市文化,贵阳市区/黔灵山,贵阳市区/黔灵山,"回复 @黑墨菌 :九龙城寨如果还在，巴西的贫民窟，在保证安全的前提下，很多人都会想去看看[吃瓜]（没有花果园是这样的意思）。
说个你可能更鄙视的，我们平原地区的人，都不用去景点，在你们贵州这开车，穿行在山里都觉得非常有意思[吃瓜]。我住个酒店，打开窗户就能看到山，也会觉得真不错"
311505092688,117008297493925,不只是凉快，一口气逛遍贵州全省43个景区，TOP10你去过几个？ | 【全景推荐03】,https://www.bilibili.com/video/av117008297493925,行***卒,行***卒,,未知,2026-07-30 19:06,2026,28,0,6.05,强力种草/惊艳好评,1.0,景区运营与排队管理,门票优惠政策与便民好评,景区运营与排队管理,门票优惠政策与便民好评,贵州全域/综合,贵州全域/综合,贵州是全国所有省里最会免门票的…经常找各种理由给自己的景区免费[笑哭]
311508391744,117008297493925,不只是凉快，一口气逛遍贵州全省43个景区，TOP10你去过几个？ | 【全景推荐03】,https://www.bilibili.com/video/av117008297493925,行***卒,行***卒,,未知,2026-07-30 19:31,2026,16,0,5.25,客观探讨/咨询互动,0.0,综合旅游体验与漫游杂谈,全省概览/多景点串联游记,综合旅游体验与漫游杂谈,全省概览/多景点串联游记,贵州全域/综合,贵州全域/综合,是大猪蹄子没征服你吗
311534740960,117008297493925,不只是凉快，一口气逛遍贵州全省43个景区，TOP10你去过几个？ | 【全景推荐03】,https://www.bilibili.com/video/av117008297493925,行***卒,老***人,,未知,2026-07-30 22:47,2026,12,0,4.85,强力种草/惊艳好评,1.0,自然风光与气候避暑,瀑布水景视觉震撼 | 喀斯特溶洞地质奇观,自然风光与气候避暑,瀑布水景视觉震撼,织金洞,织金洞,"金织洞被评为中国绝美溶洞第一名，世界一流喀斯特景观。
全世界这个档次的溶洞只有两个，一个在土耳其，一个在这，它俩涵盖了人类所有已知的溶洞类型。"
308214058689,117008297493925,不只是凉快，一口气逛遍贵州全省43个景区，TOP10你去过几个？ | 【全景推荐03】,https://www.bilibili.com/video/av117008297493925,行***卒,相***光,,未知,2026-07-30 19:05,2026,36,7,8.5,强力种草/惊艳好评,1.0,景区运营与排队管理,门票优惠政策与便民好评,景区运营与排队管理,门票优惠政策与便民好评,贵州全域/综合,贵州全域/综合,贵州全省景点教资免门票这个政策是狠狠的赞了[星星眼]
311507986816,117008297493925,不只是凉快，一口气逛遍贵州全省43个景区，TOP10你去过几个？ | 【全景推荐03】,https://www.bilibili.com/video/av117008297493925,行***卒,古***家,,未知,2026-07-30 19:28,2026,135,28,11.74,强力种草/惊艳好评,3.0,自然风光与气候避暑 | 餐饮美食与特色体验,瀑布水景视觉震撼 | 喀斯特溶洞地质奇观 | 特色小吃与夜市文化,自然风光与气候避暑,瀑布水景视觉震撼,黄果树瀑布 | 荔波小七孔 | 贵阳市区/黔灵山 | 织金洞,黄果树瀑布,贵州作为邻近省份，算我玩的基本上除四川以外最透的那一档了，整体的旅游资源绝对是很好的，5A景区也逛完了，我还是很喜欢织金洞的，至今我认为我去的别的溶洞没有任何一个能超越织金洞，然后我觉得小七孔和黄果树瀑布至少能达到“值得一去”的程度，最拉的我毫不犹豫给到青岩古镇[笑哭]，要不是贵阳本地特色美食好吃的话，我真后悔在贵阳停留了。
311515127216,117008297493925,不只是凉快，一口气逛遍贵州全省43个景区，TOP10你去过几个？ | 【全景推荐03】,https://www.bilibili.com/video/av117008297493925,行***卒,棍***木,,未知,2026-07-30 20:20,2026,65,7,9.36,客观探讨/咨询互动,0.0,安全防范与避坑预警,黔灵山猕猴抓咬与抢食抢包,安全防范与避坑预警,黔灵山猕猴抓咬与抢食抢包,贵阳市区/黔灵山,贵阳市区/黔灵山,黔灵山的邪恶猴子[笑哭]
311785988976,117008297493925,不只是凉快，一口气逛遍贵州全省43个景区，TOP10你去过几个？ | 【全景推荐03】,https://www.bilibili.com/video/av117008297493925,行***卒,不***来,,未知,2026-08-01 19:23,2026,14,17,7.95,强力种草/惊艳好评,1.0,自然风光与气候避暑 | 餐饮美食与特色体验,夏季清凉避暑体验 | 特色小吃与夜市文化 | 折耳根与口味适应度,自然风光与气候避暑,夏季清凉避暑体验,贵阳市区/黔灵山,贵阳市区/黔灵山,"我在贵阳开店，这几年游客越来越多，真是以前想都不敢想，我们贵州尽然有游客！
我都不知道你们到贵州来玩什么？爬山吗？除了避暑我能理解！游客来我店里吃饭，我每次都很紧张，甚至有点不想接待，因为游客好多不吃辣，我不知道该怎么给他们解释我这种土店做不了不辣的菜。在此也斗胆给来贵州的尊贵客人提一点建议，没有必要为了猎奇尝试我们的土家管，出来玩钱省着点花，我不觉得我们贵州都东西好吃，我从小到大从来没有觉得我们贵州以美食出众。我个人感觉你们觉得好吃，是因为爬了一天山饿了。"
311750659376,117008297493925,不只是凉快，一口气逛遍贵州全省43个景区，TOP10你去过几个？ | 【全景推荐03】,https://www.bilibili.com/video/av117008297493925,行***卒,a***o,,未知,2026-08-01 14:29,2026,14,3,6.45,强力种草/惊艳好评,1.0,自然风光与气候避暑 | 交通自驾与行程路况,瀑布水景视觉震撼 | 雨季泥沙浑浊与恶劣天气 | 山路弯道与自驾难度,自然风光与气候避暑,瀑布水景视觉震撼,黄果树瀑布 | 荔波小七孔 | 梵净山 | 织金洞 | 遵义红色胜地/赤水,黄果树瀑布,安顺黄果树瀑布（套餐含天星洞和陡坡塘两个景区一定要去看）、铜仁梵净山、铜仁有个苗王寨也可以逛逛、遵义会议、赤水丹霞、赤水十丈洞瀑布、织金洞、小七孔，来贵州旅游最好另备一套秋装[doge]下个雨降温八九度啥的，头一天30度暴晒，第二天早上17度冷得你跳起来
308487511777,117008297493925,不只是凉快，一口气逛遍贵州全省43个景区，TOP10你去过几个？ | 【全景推荐03】,https://www.bilibili.com/video/av117008297493925,行***卒,种***个,,未知,2026-08-01 19:40,2026,39,53,10.52,强力种草/惊艳好评,1.0,自然风光与气候避暑 | 餐饮美食与特色体验,夏季清凉避暑体验 | 特色小吃与夜市文化,自然风光与气候避暑,夏季清凉避暑体验,贵阳市区/黔灵山 | 阿西里西韭菜坪/百里杜鹃,贵阳市区/黔灵山,作为一个贵州土著，你若是避暑的话，建议是安顺和毕节这两个地方没重工业，气候很舒服，你要是想体验热闹的话，那就是贵阳唯一一个发展起来的城市，以及夏季旅游季的安顺小吃街
308216435425,117008297493925,不只是凉快，一口气逛遍贵州全省43个景区，TOP10你去过几个？ | 【全景推荐03】,https://www.bilibili.com/video/av117008297493925,行***卒,问***p,,未知,2026-07-30 19:22,2026,13,4,6.57,强力种草/惊艳好评,1.0,综合旅游体验与漫游杂谈,全省概览/多景点串联游记,综合旅游体验与漫游杂谈,全省概览/多景点串联游记,贵州全域/综合,贵州全域/综合,感谢up的免费安利！！希望大家能多给我们提提意见，让我们变得更好！在旅游这件事上更好的为大家服务~
308228115009,117008297493925,不只是凉快，一口气逛遍贵州全省43个景区，TOP10你去过几个？ | 【全景推荐03】,https://www.bilibili.com/video/av117008297493925,行***卒,浪***楚,,未知,2026-07-30 20:51,2026,12,6,6.79,避坑预警/痛点吐槽,-2.0,交通自驾与行程路况 | 商业化程度与民俗真实感,包车打车与出租车避坑 | 千户苗寨商业化过度/同质化 | 旅拍乱象与服装套路,交通自驾与行程路况,包车打车与出租车避坑,西江千户苗寨,西江千户苗寨,"贵州别的地方都挺好，但千户苗寨一生黑
当时是国庆，和朋友包车游的贵州，在去千户苗寨的路上堵了2个小时，这俩小时还在大山里，手机信号时有时没有，车基本处于每次停一会蠕动一下的状态，后面实在等的难受，沿着公路徒步了将近1个小时到了千户苗寨
河边全是各种旅拍，路边全是1元一串黑猪肉，到山顶看底下一片光污染确实还有点感觉，刚挽回一点印象分就被景区管理狠狠打脸，在山顶等景交车等了1个多小时没上车，景交车又少又慢，而且插队啥的都不管"
311917191984,117008297493925,不只是凉快，一口气逛遍贵州全省43个景区，TOP10你去过几个？ | 【全景推荐03】,https://www.bilibili.com/video/av117008297493925,行***卒,反***哥,,未知,2026-08-02 18:42,2026,18,29,8.82,强力种草/惊艳好评,1.0,自然风光与气候避暑 | 餐饮美食与特色体验,夏季清凉避暑体验 | 特色小吃与夜市文化,自然风光与气候避暑,夏季清凉避暑体验,贵阳市区/黔灵山,贵阳市区/黔灵山,贵州避暑我只去贵阳。因为不会变态冷，刚刚好 而且好吃的美食是真的多
308220727729,117008297493925,不只是凉快，一口气逛遍贵州全省43个景区，TOP10你去过几个？ | 【全景推荐03】,https://www.bilibili.com/video/av117008297493925,行***卒,大***亲,,未知,2026-07-30 19:55,2026,11,10,7.13,强力种草/惊艳好评,1.0,景区运营与排队管理,核心项目超长排队与拥堵,景区运营与排队管理,核心项目超长排队与拥堵,荔波小七孔,荔波小七孔,小七孔这个景区不是什么时候都好的，去错季节简直拉完了，我昨天刚到小七孔，那水真难看，听当地人说今年夏季雨水多，我估计小七孔要枯水期才真是好看，我真是花钱白来了[大哭]
308217194689,117008297493925,不只是凉快，一口气逛遍贵州全省43个景区，TOP10你去过几个？ | 【全景推荐03】,https://www.bilibili.com/video/av117008297493925,行***卒,风***日,,未知,2026-07-30 19:29,2026,37,9,8.76,客观探讨/咨询互动,0.0,综合旅游体验与漫游杂谈,全省概览/多景点串联游记,综合旅游体验与漫游杂谈,全省概览/多景点串联游记,贵州全域/综合,贵州全域/综合,[doge]我媳妇儿半个月前去了，我没假期
308399771297,117008297493925,不只是凉快，一口气逛遍贵州全省43个景区，TOP10你去过几个？ | 【全景推荐03】,https://www.bilibili.com/video/av117008297493925,行***卒,雨***荷,,未知,2026-08-01 02:40,2026,23,0,5.77,客观探讨/咨询互动,0.0,自然风光与气候避暑,瀑布水景视觉震撼,自然风光与气候避暑,瀑布水景视觉震撼,贵州全域/综合,贵州全域/综合,😂你们一家真是铁人啊，几天逛这么多景点
308220912081,117008297493925,不只是凉快，一口气逛遍贵州全省43个景区，TOP10你去过几个？ | 【全景推荐03】,https://www.bilibili.com/video/av117008297493925,行***卒,天***淡,,未知,2026-07-30 19:57,2026,80,31,11.06,强力种草/惊艳好评,2.0,自然风光与气候避暑 | 交通自驾与行程路况 | 景区运营与排队管理 | 安全防范与避坑预警 | 消费预算与综合性价比,瀑布水景视觉震撼 | 高山峡谷与世界级桥梁 | 山路弯道与自驾难度 | 大门外移与强制观光车 | 核心项目超长排队与拥堵 | 水上漂流与徒步涉水安全 | 高性价比与平民消费好评 | 免费/平替景点精选推荐,自然风光与气候避暑,瀑布水景视觉震撼,黄果树瀑布 | 荔波小七孔 | 贵阳市区/黔灵山 | 万峰林/马岭河 | 阿西里西韭菜坪/百里杜鹃,黄果树瀑布,"25年暑假8月底带老婆女儿从广西自驾出发，第一天赶路住小七孔西。
第二天玩小七孔，女儿爱玩水，看了瀑布，划了船，一家子都很开心，综合评价5颗星。出景区赶去黄果树附近住2天。
第三天赶去阿西里西韭菜坪，揽车要等很久，建议小观光车上然后揽车下，8月底韭菜花开得可以，也就一个月花期赶上了，之前没见过的风景，综合评价四星半。可惜起得晚+揽车排队久，导致大草原没去成。出景去回黄果树住。
第四天游玩黄果树瀑布，因时间关系只游了大瀑布含水帘洞和陡坡塘瀑布，门票+车票挺贵，综合评价四星半（没抢到水帘洞的话三星半）。下午出景区去兴义，绕了点路先去滴水滩瀑布，尚未开发，落差是黄果树瀑布6倍，可惜时间关系只是远观没下去近处，但远观已能感觉其震撼。另外路上抬头能看到坝陵河大桥也尤为壮观。
第五天游玩马岭河峡谷，门票不贵，自驾建议停2号门停车场（老门），即便是停新的1号门停车场也建议先步行过老门，出停车场左转上桥，从桥上看峡谷全貌，2号门步行下去不远就是万马奔腾瀑布，往回走到底观光梯上来步行回停车场。风光优美，门票不贵，综合评价四星半。完后去万峰林，没进收费景区，成片稻田金黄，在免费区域游车抓鱼，体验不错，综合评价四颗星。
第六天到贵阳市区逛逛，第七天返程。"
296642774129,116414467805450,贵州92.5%都是山！6天行程这样走，少踩90%人的坑！路线、节奏、费用一次讲透~,https://www.bilibili.com/video/av116414467805450,烩***上,烩***上,,未知,2026-04-18 22:56,2026,75,0,7.5,客观探讨/咨询互动,0.0,自然风光与气候避暑,雨季泥沙浑浊与恶劣天气,自然风光与气候避暑,雨季泥沙浑浊与恶劣天气,贵州全域/综合,贵州全域/综合,这个属于水非常大的时候了～雨季
296475357121,116414467805450,贵州92.5%都是山！6天行程这样走，少踩90%人的坑！路线、节奏、费用一次讲透~,https://www.bilibili.com/video/av116414467805450,烩***上,烩***上,,未知,2026-04-17 14:00,2026,134,0,8.36,强力种草/惊艳好评,1.0,自然风光与气候避暑 | 景区运营与排队管理,瀑布水景视觉震撼 | 核心项目超长排队与拥堵,自然风光与气候避暑,瀑布水景视觉震撼,黄果树瀑布 | 西江千户苗寨,黄果树瀑布,贵州最可惜的就是这件事，明明每个地方单独拿出来都够厉害，但是被乱排一通之后互相打架。上午刚在苗寨里被那种安静的密度打动了，下午就被塞进一个大瀑布景区排队，情绪完全接不上，两个都好但放在同一天就互相消解。这就是为什么很多人贵州回来说好看是好看但说不出到底好在哪，因为记忆是碎的，没有一条线把它们串成完整的体验。
296493567457,116414467805450,贵州92.5%都是山！6天行程这样走，少踩90%人的坑！路线、节奏、费用一次讲透~,https://www.bilibili.com/video/av116414467805450,烩***上,烩***上,,未知,2026-04-17 17:48,2026,14,0,5.06,客观探讨/咨询互动,0.0,综合旅游体验与漫游杂谈,全省概览/多景点串联游记,综合旅游体验与漫游杂谈,全省概览/多景点串联游记,贵州全域/综合,贵州全域/综合,等五一再去一次[doge_金箍]
299215759568,116414467805450,贵州92.5%都是山！6天行程这样走，少踩90%人的坑！路线、节奏、费用一次讲透~,https://www.bilibili.com/video/av116414467805450,烩***上,啥***l,,未知,2026-04-17 19:38,2026,33,0,6.29,客观探讨/咨询互动,0.0,消费预算与综合性价比,高性价比与平民消费好评,消费预算与综合性价比,高性价比与平民消费好评,贵州全域/综合,贵州全域/综合,回复 @轻度浪漫主义患者 :对啊，贵州真的是被低估的地方，各种旅游帖子出的都是土豆，洋芋，但贵州真正美的有意思的从来不是那些，贵州旅游业还是发展的太晚了[星星眼][星星眼]
299661190176,116414467805450,贵州92.5%都是山！6天行程这样走，少踩90%人的坑！路线、节奏、费用一次讲透~,https://www.bilibili.com/video/av116414467805450,烩***上,H***s,,未知,2026-04-21 10:48,2026,14,0,5.06,强力种草/惊艳好评,1.0,综合旅游体验与漫游杂谈,全省概览/多景点串联游记,综合旅游体验与漫游杂谈,全省概览/多景点串联游记,贵州全域/综合,贵州全域/综合,那更喜欢了
299951838160,116414467805450,贵州92.5%都是山！6天行程这样走，少踩90%人的坑！路线、节奏、费用一次讲透~,https://www.bilibili.com/video/av116414467805450,烩***上,随***1,,未知,2026-04-23 22:52,2026,64,0,7.26,客观探讨/咨询互动,0.0,综合旅游体验与漫游杂谈,全省概览/多景点串联游记,综合旅游体验与漫游杂谈,全省概览/多景点串联游记,贵州全域/综合,贵州全域/综合,回复 @HtReus :6
300206711184,116414467805450,贵州92.5%都是山！6天行程这样走，少踩90%人的坑！路线、节奏、费用一次讲透~,https://www.bilibili.com/video/av116414467805450,烩***上,蘭***子,,未知,2026-04-25 23:14,2026,10,0,4.6,强力种草/惊艳好评,1.0,综合旅游体验与漫游杂谈,全省概览/多景点串联游记,综合旅游体验与漫游杂谈,全省概览/多景点串联游记,贵州全域/综合,贵州全域/综合,回复 @HtReus :不但喜欢自己抽还喜欢别人抽的是吧
300389624976,116414467805450,贵州92.5%都是山！6天行程这样走，少踩90%人的坑！路线、节奏、费用一次讲透~,https://www.bilibili.com/video/av116414467805450,烩***上,T***e,,未知,2026-04-27 11:54,2026,33,0,6.29,客观探讨/咨询互动,0.0,综合旅游体验与漫游杂谈,全省概览/多景点串联游记,综合旅游体验与漫游杂谈,全省概览/多景点串联游记,贵州全域/综合,贵州全域/综合,没办法，本地人也很讨厌公共厕所抽烟[藏狐]
303981460208,116414467805450,贵州92.5%都是山！6天行程这样走，少踩90%人的坑！路线、节奏、费用一次讲透~,https://www.bilibili.com/video/av116414467805450,烩***上,犹***牛,,未知,2026-05-29 11:36,2026,51,0,6.93,客观探讨/咨询互动,0.0,消费预算与综合性价比,高性价比与平民消费好评,消费预算与综合性价比,高性价比与平民消费好评,贵州全域/综合,贵州全域/综合,不止贵州吧感觉到处都是这样真没法
305189640512,116414467805450,贵州92.5%都是山！6天行程这样走，少踩90%人的坑！路线、节奏、费用一次讲透~,https://www.bilibili.com/video/av116414467805450,烩***上,N***t,,未知,2026-06-09 18:13,2026,44,0,6.71,客观探讨/咨询互动,0.0,自然风光与气候避暑,瀑布水景视觉震撼,自然风光与气候避暑,瀑布水景视觉震撼,贵州全域/综合,贵州全域/综合,回复 @愚公背背山 :那是你小时候啊，现在再在公交上抽烟试试看呢？社会是在进步的，居民素质是在提高的，没必要拿以前怎么怎么样来反驳现在更和谐优美的社会
296956724129,116414467805450,贵州92.5%都是山！6天行程这样走，少踩90%人的坑！路线、节奏、费用一次讲透~,https://www.bilibili.com/video/av116414467805450,烩***上,烩***上,,未知,2026-04-21 19:03,2026,91,0,7.78,强力种草/惊艳好评,1.0,住宿价格与酒店民宿,景区内住宿 vs 市区中转选择,住宿价格与酒店民宿,景区内住宿 vs 市区中转选择,贵州全域/综合,贵州全域/综合,"唉，你说的这种情况很典型。因为&#34;豪华型&#34;这三个字在旅游业里基本没有统一标准，很多团用的是自封的等级，不是挂牌星级。凡是只写&#34;豪华型&#34;&#34;轻奢型&#34;这种模糊词的，大概率就是留了操作空间。他居然还说&#34;其他人都满意就你不满意&#34;这种话来pua你！太过分了！但其实应该就是他们的产品货不对板。
但我在这里也顺便借个楼说一下，我们和那样的团不一样，我们的住宿，绝对会在定行程前交代清楚，写进合同，确认接受再签，不搞货不对板那一套。"
299475967920,116414467805450,贵州92.5%都是山！6天行程这样走，少踩90%人的坑！路线、节奏、费用一次讲透~,https://www.bilibili.com/video/av116414467805450,烩***上,3***a,,未知,2026-04-19 19:53,2026,23,0,5.77,客观探讨/咨询互动,0.0,综合旅游体验与漫游杂谈,全省概览/多景点串联游记,综合旅游体验与漫游杂谈,全省概览/多景点串联游记,贵州全域/综合,贵州全域/综合,这种沟通是真的难受
296505321937,116414467805450,贵州92.5%都是山！6天行程这样走，少踩90%人的坑！路线、节奏、费用一次讲透~,https://www.bilibili.com/video/av116414467805450,烩***上,烩***上,,未知,2026-04-17 19:37,2026,23,0,5.77,客观探讨/咨询互动,0.0,综合旅游体验与漫游杂谈,全省概览/多景点串联游记,综合旅游体验与漫游杂谈,全省概览/多景点串联游记,贵州全域/综合,贵州全域/综合,那可以去草原！
296514315985,116414467805450,贵州92.5%都是山！6天行程这样走，少踩90%人的坑！路线、节奏、费用一次讲透~,https://www.bilibili.com/video/av116414467805450,烩***上,史***人,,未知,2026-04-17 20:58,2026,11,0,4.73,客观探讨/咨询互动,0.0,自然风光与气候避暑,瀑布水景视觉震撼,自然风光与气候避暑,瀑布水景视觉震撼,贵州全域/综合,贵州全域/综合,我贵州去一次就想回来好好休息一个月。这辈子爬的山好像都爬完了。绝对挑战体能。我下次决定去乌江坐船。
296838580737,116414467805450,贵州92.5%都是山！6天行程这样走，少踩90%人的坑！路线、节奏、费用一次讲透~,https://www.bilibili.com/video/av116414467805450,烩***上,小***弟,,未知,2026-04-20 17:13,2026,35,0,6.38,客观探讨/咨询互动,0.0,综合旅游体验与漫游杂谈,全省概览/多景点串联游记,综合旅游体验与漫游杂谈,全省概览/多景点串联游记,贵州全域/综合,贵州全域/综合,这个应该是九寨沟
299647762368,116414467805450,贵州92.5%都是山！6天行程这样走，少踩90%人的坑！路线、节奏、费用一次讲透~,https://www.bilibili.com/video/av116414467805450,烩***上,B***1,,未知,2026-04-21 07:22,2026,16,0,5.25,客观探讨/咨询互动,0.0,综合旅游体验与漫游杂谈,全省概览/多景点串联游记,综合旅游体验与漫游杂谈,全省概览/多景点串联游记,贵州全域/综合,贵州全域/综合,可是这四个人看看不对吧？[脸红]
299770548480,116414467805450,贵州92.5%都是山！6天行程这样走，少踩90%人的坑！路线、节奏、费用一次讲透~,https://www.bilibili.com/video/av116414467805450,烩***上,b***0,,未知,2026-04-22 10:11,2026,55,0,7.04,客观探讨/咨询互动,0.0,综合旅游体验与漫游杂谈,全省概览/多景点串联游记,综合旅游体验与漫游杂谈,全省概览/多景点串联游记,贵州全域/综合,贵州全域/综合,"图中4人分别是：
孙悟空，孙悟空，唐悟空，沙八戒[doge]"
296481504945,116414467805450,贵州92.5%都是山！6天行程这样走，少踩90%人的坑！路线、节奏、费用一次讲透~,https://www.bilibili.com/video/av116414467805450,烩***上,烩***上,,未知,2026-04-17 15:24,2026,15,0,5.16,实战攻略/避坑技巧,0.2,交通自驾与行程路况,山路弯道与自驾难度,交通自驾与行程路况,山路弯道与自驾难度,贵州全域/综合,贵州全域/综合,对呀，如果说路的质量差、颠簸、烂路多，那确实是冤枉贵州了，所以说规划好线路真的很重要！
299444273088,116414467805450,贵州92.5%都是山！6天行程这样走，少踩90%人的坑！路线、节奏、费用一次讲透~,https://www.bilibili.com/video/av116414467805450,烩***上,单***记,,未知,2026-04-19 15:15,2026,15,0,5.16,客观探讨/咨询互动,0.0,综合旅游体验与漫游杂谈,全省概览/多景点串联游记,综合旅游体验与漫游杂谈,全省概览/多景点串联游记,贵州全域/综合,贵州全域/综合,跟旅行团就是赶时间，都玩不到点
305060323393,116414467805450,贵州92.5%都是山！6天行程这样走，少踩90%人的坑！路线、节奏、费用一次讲透~,https://www.bilibili.com/video/av116414467805450,烩***上,l***可,,未知,2026-07-06 16:58,2026,10,0,4.6,强力种草/惊艳好评,1.0,餐饮美食与特色体验 | 景区运营与排队管理,特色小吃与夜市文化 | 核心项目超长排队与拥堵,餐饮美食与特色体验,特色小吃与夜市文化,贵阳市区/黔灵山,贵阳市区/黔灵山,来更新行程啦，第一天，新海航飞机晚点，落地已经四点了，贵阳入住汉庭酒店（喷水池店），酒店环境很满意。晚上巴倒烫烤鱼、点外卖童年烤鸡、烤小肠、巧八角冰浆，烤鱼吃到后面有点咸给9分，烤鸡9.1分，烤小肠9.9分，冰浆抹茶味9.2分，黄瓜味9.1分，全都是高分选手，你懂那种快乐吗？！吃完逛青云市集，的确好逛，回去还偶遇大冰的小屋。PS：烤鱼5点半前去，否则排队要等好久的，我们5点多去，还等了很久才吃上。
296646177217,116414467805450,贵州92.5%都是山！6天行程这样走，少踩90%人的坑！路线、节奏、费用一次讲透~,https://www.bilibili.com/video/av116414467805450,烩***上,账***销,,未知,2026-04-18 23:24,2026,332,43,13.5,客观探讨/咨询互动,0.0,餐饮美食与特色体验,特色小吃与夜市文化,餐饮美食与特色体验,特色小吃与夜市文化,贵州全域/综合,贵州全域/综合,贵州不改善抽烟这个问题，真没法去，每家饭店都是抽烟的人 这怎么活
296942468289,116414467805450,贵州92.5%都是山！6天行程这样走，少踩90%人的坑！路线、节奏、费用一次讲透~,https://www.bilibili.com/video/av116414467805450,烩***上,贞***友,,未知,2026-04-21 16:39,2026,273,11,11.9,强力种草/惊艳好评,1.0,餐饮美食与特色体验,特色小吃与夜市文化,餐饮美食与特色体验,特色小吃与夜市文化,贵州全域/综合,贵州全域/综合,别信这类的，之前我报了个桂林豪华团，2-8人游，说的是住豪华型酒店，结果就是普通的酒店，空间小，而且卫生间的门和淋浴间的门居然是共用一个门，第一次见。我提出疑义的时候，导游跟我说这就是豪华型的，其他人都满意，就你不满意。最后我怕他接下来旅行途中为难我，我就没再说了。
296743136113,116414467805450,贵州92.5%都是山！6天行程这样走，少踩90%人的坑！路线、节奏、费用一次讲透~,https://www.bilibili.com/video/av116414467805450,烩***上,继***哥,,未知,2026-04-19 19:31,2026,142,3,9.83,实战攻略/避坑技巧,0.2,安全防范与避坑预警,水上漂流与徒步涉水安全,安全防范与避坑预警,水上漂流与徒步涉水安全,贵州全域/综合,贵州全域/综合,真心想去，也加了微信，但我真的觉得跟客服沟通好痛苦，他说5.1🈚漂流，那我问是替换了什么？他回复，没有替换，直接就是五天4晚的行程啦[喜极而泣]我问同一个链接，有不同天数，有啥区别，他回复，有6天5晚的行程也有5天4晚的行程，行程不一样，说5天4晚没有漂流。那6天5晚，是多了啥行程？总之就是觉得沟通成本好大，哎
296479026817,116414467805450,贵州92.5%都是山！6天行程这样走，少踩90%人的坑！路线、节奏、费用一次讲透~,https://www.bilibili.com/video/av116414467805450,烩***上,心***瘦,,未知,2026-04-17 14:50,2026,99,40,11.62,客观探讨/咨询互动,0.0,交通自驾与行程路况,山路弯道与自驾难度,交通自驾与行程路况,山路弯道与自驾难度,贵州全域/综合,贵州全域/综合,我真的不想在贵州旅游了，都是上楼梯下楼梯走好多路，我想走平地，贵州本地人对平路的向往[笑哭]
296491995761,116414467805450,贵州92.5%都是山！6天行程这样走，少踩90%人的坑！路线、节奏、费用一次讲透~,https://www.bilibili.com/video/av116414467805450,烩***上,找***价,,未知,2026-04-17 17:32,2026,110,36,11.68,客观探讨/咨询互动,0.0,自然风光与气候避暑,瀑布水景视觉震撼,自然风光与气候避暑,瀑布水景视觉震撼,黄果树瀑布,黄果树瀑布,86版西游记好像是在黄果树取得景[doge_金箍]
299186666352,116414467805450,贵州92.5%都是山！6天行程这样走，少踩90%人的坑！路线、节奏、费用一次讲透~,https://www.bilibili.com/video/av116414467805450,烩***上,伟***尼,,未知,2026-04-17 14:49,2026,74,12,10.04,实战攻略/避坑技巧,0.2,交通自驾与行程路况,山路弯道与自驾难度,交通自驾与行程路况,山路弯道与自驾难度,贵州全域/综合,贵州全域/综合,弹幕谁说的贵州路难走…尬黑了，贵州的路桥可能是国内质量最好的地方之一了，这要算难走我不知道什么叫好走…明明是自己选择的路线一坨，东一榔头西一棒子只能一直一直一直坐车，坐车坐到屁股痛，怪得着路吗…
301111893617,116414467805450,贵州92.5%都是山！6天行程这样走，少踩90%人的坑！路线、节奏、费用一次讲透~,https://www.bilibili.com/video/av116414467805450,烩***上,凯***卷,,未知,2026-05-30 19:52,2026,59,8,9.34,客观探讨/咨询互动,0.0,交通自驾与行程路况,山路弯道与自驾难度,交通自驾与行程路况,山路弯道与自驾难度,贵州全域/综合,贵州全域/综合,开车去了这里
299121494448,116414467805450,贵州92.5%都是山！6天行程这样走，少踩90%人的坑！路线、节奏、费用一次讲透~,https://www.bilibili.com/video/av116414467805450,烩***上,糖***豆,,未知,2026-04-16 22:08,2026,43,1,7.37,客观探讨/咨询互动,0.0,自然风光与气候避暑,瀑布水景视觉震撼,自然风光与气候避暑,瀑布水景视觉震撼,西江千户苗寨,西江千户苗寨,地下世界这个切口太好了！很多人提贵州只会想到瀑布和苗寨，但洞穴系统才是真的隐藏王牌，尤其白玉洞关灯那个环节，一下就把贵州从风景目的地拉成了身体体验目的地！
302867697025,116414467805450,贵州92.5%都是山！6天行程这样走，少踩90%人的坑！路线、节奏、费用一次讲透~,https://www.bilibili.com/video/av116414467805450,烩***上,我***糖,,未知,2026-06-16 20:35,2026,38,15,9.27,强力种草/惊艳好评,2.0,交通自驾与行程路况,山路弯道与自驾难度,交通自驾与行程路况,山路弯道与自驾难度,黄果树瀑布 | 西江千户苗寨,黄果树瀑布,从山东自驾去的贵州，特别喜欢雷公山的乌东苗寨，住了4天半，很喜欢这种么有过度商业化的地方。（不推荐黄果树、千户苗寨）
299240934224,116414467805450,贵州92.5%都是山！6天行程这样走，少踩90%人的坑！路线、节奏、费用一次讲透~,https://www.bilibili.com/video/av116414467805450,烩***上,l***嘿,,未知,2026-04-17 23:11,2026,34,14,9.04,客观探讨/咨询互动,0.0,自然风光与气候避暑 | 餐饮美食与特色体验,高山峡谷与世界级桥梁 | 特色小吃与夜市文化,自然风光与气候避暑,高山峡谷与世界级桥梁,黄果树瀑布 | 荔波小七孔 | 梵净山 | 贵阳市区/黔灵山 | 织金洞 | 阿西里西韭菜坪/百里杜鹃 | 六盘水凉都/乌蒙大草原,黄果树瀑布,没报团去过一次贵州，玩了一周，贵阳，织金洞大峡谷，黄果树，乌蒙大草原，梵净山都去了，吃了三四顿烙锅，感觉确实是最值的一次旅行，唯一遗憾是当时天不好小七孔没有去
299444258032,116414467805450,贵州92.5%都是山！6天行程这样走，少踩90%人的坑！路线、节奏、费用一次讲透~,https://www.bilibili.com/video/av116414467805450,烩***上,单***记,,未知,2026-04-19 15:14,2026,30,8,8.35,客观探讨/咨询互动,0.0,消费预算与综合性价比,高性价比与平民消费好评,消费预算与综合性价比,高性价比与平民消费好评,贵州全域/综合,贵州全域/综合,自由行就行了，贵州现在旅游已经很完善了
299218124032,116414467805450,贵州92.5%都是山！6天行程这样走，少踩90%人的坑！路线、节奏、费用一次讲透~,https://www.bilibili.com/video/av116414467805450,烩***上,枕***月,,未知,2026-04-17 19:59,2026,26,3,7.33,客观探讨/咨询互动,0.0,消费预算与综合性价比,高性价比与平民消费好评,消费预算与综合性价比,高性价比与平民消费好评,贵州全域/综合,贵州全域/综合,贵州真的完全被低估，之前出差去过一次，当地同事带我们去了个什么地方，忘记了完全是我们这些平原孩子没见过，没体验过的！！
304537299504,116414467805450,贵州92.5%都是山！6天行程这样走，少踩90%人的坑！路线、节奏、费用一次讲透~,https://www.bilibili.com/video/av116414467805450,烩***上,鄂***家,,未知,2026-06-03 14:30,2026,27,4,7.61,客观探讨/咨询互动,0.0,综合旅游体验与漫游杂谈,全省概览/多景点串联游记,综合旅游体验与漫游杂谈,全省概览/多景点串联游记,贵州全域/综合,贵州全域/综合,已去，不欠[星星眼]
296519624033,116414467805450,贵州92.5%都是山！6天行程这样走，少踩90%人的坑！路线、节奏、费用一次讲透~,https://www.bilibili.com/video/av116414467805450,烩***上,所***散,,未知,2026-04-17 21:46,2026,26,1,6.64,实战攻略/避坑技巧,0.2,交通自驾与行程路况,山路弯道与自驾难度,交通自驾与行程路况,山路弯道与自驾难度,贵州全域/综合,贵州全域/综合,看完以后我想到，好的旅行不是信息摄入，而是感官重建。视觉、触觉、听觉、人情、释放，这种安排的意义在于，它让人不是站在外面观看贵州，而是真的逐步进入贵州。很多线路的问题，不是内容不丰富，而是身体根本没来得及进入状态，行程就结束了。
300099490977,116414467805450,贵州92.5%都是山！6天行程这样走，少踩90%人的坑！路线、节奏、费用一次讲透~,https://www.bilibili.com/video/av116414467805450,烩***上,l***可,,未知,2026-05-21 13:47,2026,28,41,9.79,实战攻略/避坑技巧,0.2,交通自驾与行程路况,包车打车与出租车避坑,交通自驾与行程路况,包车打车与出租车避坑,贵州全域/综合,贵州全域/综合,只有5天行程，4个年轻人自由行（包车），这是我安排的行程，不知道走下来感觉怎么样
303974169088,116414467805450,贵州92.5%都是山！6天行程这样走，少踩90%人的坑！路线、节奏、费用一次讲透~,https://www.bilibili.com/video/av116414467805450,烩***上,最***体,,未知,2026-05-29 10:01,2026,10,0,4.6,客观探讨/咨询互动,0.0,自然风光与气候避暑,夏季清凉避暑体验,自然风光与气候避暑,夏季清凉避暑体验,贵州全域/综合,贵州全域/综合,我去年八月份去的，人不是一般的多[笑哭]都去贵州避暑了
299125828128,116414467805450,贵州92.5%都是山！6天行程这样走，少踩90%人的坑！路线、节奏、费用一次讲透~,https://www.bilibili.com/video/av116414467805450,烩***上,M***e,,未知,2026-04-16 22:46,2026,17,1,6.03,客观探讨/咨询互动,0.0,交通自驾与行程路况,山路弯道与自驾难度,交通自驾与行程路况,山路弯道与自驾难度,贵州全域/综合,贵州全域/综合,终于有人把贵州转场，不是景点之间点到点这么简单说清楚了，是翻山越岭过谷地，所以真正好线路的核心从来不是景点多，而是车程控制，不然每天都被山路榨干
299135457920,116414467805450,贵州92.5%都是山！6天行程这样走，少踩90%人的坑！路线、节奏、费用一次讲透~,https://www.bilibili.com/video/av116414467805450,烩***上,夏***寂,,未知,2026-04-17 00:17,2026,18,0,5.42,实战攻略/避坑技巧,0.2,综合旅游体验与漫游杂谈,全省概览/多景点串联游记,综合旅游体验与漫游杂谈,全省概览/多景点串联游记,贵州全域/综合,贵州全域/综合,最后那句把你送到对的地方在对的时间用对的身体状态真的说到点子上了很多时候不是地方不行是人在错误的节奏里抵达了它一个好行程最大的价值就是帮你把状态调对！
296912102241,116414467805450,贵州92.5%都是山！6天行程这样走，少踩90%人的坑！路线、节奏、费用一次讲透~,https://www.bilibili.com/video/av116414467805450,烩***上,落***生,,未知,2026-04-21 10:36,2026,14,8,7.26,强力种草/惊艳好评,1.0,景区运营与排队管理,门票优惠政策与便民好评,景区运营与排队管理,门票优惠政策与便民好评,黄果树瀑布 | 荔波小七孔 | 贵阳市区/黔灵山 | 肇兴侗寨/加榜梯田,黄果树瀑布,24年八月去的贵州，真的最友好的旅行地，我走的凯里-朗德上寨-榕江看村超-大利侗寨-荔波-小七孔-黄果树-安顺-最后会贵阳。医护景点都免门票真的很NICE！好玩的地方太多了，期待再有机会去
304998542048,116414467805450,贵州92.5%都是山！6天行程这样走，少踩90%人的坑！路线、节奏、费用一次讲透~,https://www.bilibili.com/video/av116414467805450,烩***上,鹤***卦,,未知,2026-06-07 21:19,2026,13,1,5.65,强力种草/惊艳好评,1.0,消费预算与综合性价比,高性价比与平民消费好评,消费预算与综合性价比,高性价比与平民消费好评,贵州全域/综合,贵州全域/综合,贵州好玩吗？好玩的话我就下楼了
299229997520,116414467805450,贵州92.5%都是山！6天行程这样走，少踩90%人的坑！路线、节奏、费用一次讲透~,https://www.bilibili.com/video/av116414467805450,烩***上,秋***的,,未知,2026-04-17 21:41,2026,13,1,5.65,强力种草/惊艳好评,1.0,消费预算与综合性价比,高性价比与平民消费好评,消费预算与综合性价比,高性价比与平民消费好评,贵州全域/综合,贵州全域/综合,我很喜欢你把贵州解释为“门”而不是“障碍”！
303296287984,116414467805450,贵州92.5%都是山！6天行程这样走，少踩90%人的坑！路线、节奏、费用一次讲透~,https://www.bilibili.com/video/av116414467805450,烩***上,F***D,,未知,2026-05-23 07:55,2026,12,7,6.93,客观探讨/咨询互动,0.0,景区运营与排队管理,景中景与二次收费/套票陷阱,景区运营与排队管理,景中景与二次收费/套票陷阱,贵州全域/综合,贵州全域/综合,贵州去过，不想再去，景区门票贵还差劲[喜极而泣]
300539423104,116414467805450,贵州92.5%都是山！6天行程这样走，少踩90%人的坑！路线、节奏、费用一次讲透~,https://www.bilibili.com/video/av116414467805450,烩***上,萄***葡,,未知,2026-04-28 17:36,2026,11,20,7.77,客观探讨/咨询互动,0.0,安全防范与避坑预警,水上漂流与徒步涉水安全,安全防范与避坑预警,水上漂流与徒步涉水安全,贵州全域/综合,贵州全域/综合,如果8月份去贵州，会不会全是人啊[笑哭]但是我真的很想去漂流[笑哭]
296579158497,116414467805450,贵州92.5%都是山！6天行程这样走，少踩90%人的坑！路线、节奏、费用一次讲透~,https://www.bilibili.com/video/av116414467805450,烩***上,林***然,,未知,2026-04-18 12:58,2026,11,9,7.03,客观探讨/咨询互动,0.0,自然风光与气候避暑,瀑布水景视觉震撼,自然风光与气候避暑,瀑布水景视觉震撼,黄果树瀑布,黄果树瀑布,4.13那天我们走完水帘洞就封闭了，4.15回呼市其他人经历了强对流天气，我正常到呼市。总得来见我觉得运气很好。
308334433408,116832136594420,5个景区+4座城市，细节全讲清，少走冤枉路！【贵州旅游攻略】,https://www.bilibili.com/video/av116832136594420,以***信,以***信,,未知,2026-07-07 14:00,2026,21,7,7.72,客观探讨/咨询互动,0.0,综合旅游体验与漫游杂谈,全省概览/多景点串联游记,综合旅游体验与漫游杂谈,全省概览/多景点串联游记,贵州全域/综合,贵州全域/综合,https://pan.baidu.com/s/125K69lyDCztJAFHAJptkpw 提取码: 6m93，PDF版本
308076034032,116832136594420,5个景区+4座城市，细节全讲清，少走冤枉路！【贵州旅游攻略】,https://www.bilibili.com/video/av116832136594420,以***信,以***信,,未知,2026-07-05 12:32,2026,76,4,9.13,实战攻略/避坑技巧,0.2,自然风光与气候避暑 | 餐饮美食与特色体验,雨季泥沙浑浊与恶劣天气 | 特色小吃与夜市文化,自然风光与气候避暑,雨季泥沙浑浊与恶劣天气,黄果树瀑布 | 荔波小七孔 | 贵阳市区/黔灵山 | 织金洞 | 万峰林/马岭河,黄果树瀑布,"视频的章节划分，存在“最高10个”上限。因此，这里把“城市路线+总结”这两部分，更细密地列一下：
13：00贵阳总览+住宿+第一天路线（小吃）
14：08贵阳第二天路线（黔灵山公园）
16：20贵阳第三天路线（博物馆）
18：17贵阳边角料（织金洞/白宫/地铁/老城区交通）
19：56安顺总览+住宿
20：11安顺城市路线
23：27住黄果树景区附近的缺点+周边美食
24：17黄果树景区附近“三个游客中心”辨析
25：40兴义总览+住宿
26：25兴义城市路线
27：47兴义美食
28：25荔波总览+住宿
29：28荔波美食
29：57总消费及其分布
30：13不同景区带什么雨具
31：09穿什么鞋
31：27带什么衣服
31：44雨季=赌性
32：14票务"
308971114448,116832136594420,5个景区+4座城市，细节全讲清，少走冤枉路！【贵州旅游攻略】,https://www.bilibili.com/video/av116832136594420,以***信,夏***洛,,未知,2026-07-12 10:19,2026,66,9,9.61,避坑预警/痛点吐槽,-2.0,自然风光与气候避暑,雨季泥沙浑浊与恶劣天气,自然风光与气候避暑,雨季泥沙浑浊与恶劣天气,荔波小七孔,荔波小七孔,小七孔近期不要去，灾害太严重了，两边树被水泡都枯死，房顶上都是泥汤子，水现在和臭水沟大差不差，只开放了不到一半的景点，千万别来，今天开园，进来不到一小时没啥可看的走了
309046429712,116832136594420,5个景区+4座城市，细节全讲清，少走冤枉路！【贵州旅游攻略】,https://www.bilibili.com/video/av116832136594420,以***信,小***花,,未知,2026-07-12 20:43,2026,18,2,6.52,客观探讨/咨询互动,0.0,综合旅游体验与漫游杂谈,全省概览/多景点串联游记,综合旅游体验与漫游杂谈,全省概览/多景点串联游记,贵州全域/综合,贵州全域/综合,太干货了，以至于听到一半都累了
308145728160,116832136594420,5个景区+4座城市，细节全讲清，少走冤枉路！【贵州旅游攻略】,https://www.bilibili.com/video/av116832136594420,以***信,奏***灬,,未知,2026-07-05 22:30,2026,14,6,7.01,客观探讨/咨询互动,0.0,交通自驾与行程路况,山路弯道与自驾难度,交通自驾与行程路况,山路弯道与自驾难度,黄果树瀑布,黄果树瀑布,黄果树带老人小孩一定一定要买要客票，尤其是天星桥上半段回来那段（听说有缆车但是我去的时候下半段关了进不去然后走去普票的上车点）。普票你带小孩老人就走吧，一走一个不吱声。还有扶梯60岁老人和小孩是要买全票的不能买单层票（我去的时候牌子上是这样写的）
208551700928,1450486354,贵州9地市完整版-贵阳、毕节、六盘水、黔南、黔西南、黔东南、遵义、铜仁、安顺,https://www.bilibili.com/video/av1450486354,开***行,A***师,,未知,2024-02-17 22:20,2024,22,0,5.7,强力种草/惊艳好评,1.0,餐饮美食与特色体验,酸汤系列与特色火锅 | 特色小吃与夜市文化,餐饮美食与特色体验,酸汤系列与特色火锅,贵阳市区/黔灵山,贵阳市区/黔灵山,回复 @克里斯一世 :贵阳市区以及旁边卫星城大体上可以这么说，所谓能看的不如吃的好，但是让我来推荐的话，火锅是比较过度大众化的类型了我只推荐三种类型，酸汤，酸汤酸汤xx，干锅xx其它的嘛就一般了，胃主要用来装小吃类的，两个目前打造的小吃街27街，青云集市都能够满足你。如果有本地朋友带路那当然更好。
208570371856,1450486354,贵州9地市完整版-贵阳、毕节、六盘水、黔南、黔西南、黔东南、遵义、铜仁、安顺,https://www.bilibili.com/video/av1450486354,开***行,周***哥,,未知,2024-02-18 00:16,2024,132,0,8.34,强力种草/惊艳好评,2.0,餐饮美食与特色体验,酸汤系列与特色火锅 | 特色小吃与夜市文化,餐饮美食与特色体验,酸汤系列与特色火锅,贵阳市区/黔灵山 | 阿西里西韭菜坪/百里杜鹃,贵阳市区/黔灵山,每次看到推荐贵阳小吃的时候，我都恨毕节文旅不争气，贵州省第一小吃县城大方县就在毕节市，早餐粉面就有十多种，正餐小火锅小吃也有七八种特色，夜宵小吃本地围绕豆制品的一大堆，你想一个皱椒之乡加豆制品之乡，奢香夫人所在地，吃喝绝对的赞，可惜文旅宣传抓不到重点，一直搞天麻，虽然天麻也是这里特色，贵州小吃来毕节，毕节小吃来大方。
208642446304,1450486354,贵州9地市完整版-贵阳、毕节、六盘水、黔南、黔西南、黔东南、遵义、铜仁、安顺,https://www.bilibili.com/video/av1450486354,开***行,金***花,,未知,2024-02-18 14:21,2024,16,0,5.25,避坑预警/痛点吐槽,-1.0,餐饮美食与特色体验,特色小吃与夜市文化,餐饮美食与特色体验,特色小吃与夜市文化,贵阳市区/黔灵山 | 六盘水凉都/乌蒙大草原,贵阳市区/黔灵山,提一嘴，贵阳的粉很难吃，想吃粉建议来六盘水
208660148880,1450486354,贵州9地市完整版-贵阳、毕节、六盘水、黔南、黔西南、黔东南、遵义、铜仁、安顺,https://www.bilibili.com/video/av1450486354,开***行,A***师,,未知,2024-02-18 16:33,2024,21,0,5.64,避坑预警/痛点吐槽,-1.0,餐饮美食与特色体验,特色小吃与夜市文化 | 折耳根与口味适应度,餐饮美食与特色体验,特色小吃与夜市文化,贵阳市区/黔灵山 | 六盘水凉都/乌蒙大草原,贵阳市区/黔灵山,回复 @金木壹花 :要是放在十年前，单就羊肉粉来说，雀实如你所说，贵阳的非常难吃，现在已经完全不同了，就连我家附近都有好几家接近水城粉味道的羊肉粉。且贵阳的酸粉也算特色了，各类酸粉都值得一试，宽粉的大众口味也谁都能吃，还有很多诸如米皮，豆花面之类的小吃，都是从各地来了后进行了一定程度本地化，大众化的口味，其实都是不错值得尝试的。
208736747856,1450486354,贵州9地市完整版-贵阳、毕节、六盘水、黔南、黔西南、黔东南、遵义、铜仁、安顺,https://www.bilibili.com/video/av1450486354,开***行,宇***_,,未知,2024-02-19 00:21,2024,11,0,4.73,客观探讨/咨询互动,0.0,餐饮美食与特色体验,特色小吃与夜市文化,餐饮美食与特色体验,特色小吃与夜市文化,贵阳市区/黔灵山,贵阳市区/黔灵山,贵州有句土话 ，贵阳的穿着，安顺的吃喝。贵阳的吃食在贵州属于不够看的
208372454352,1450486354,贵州9地市完整版-贵阳、毕节、六盘水、黔南、黔西南、黔东南、遵义、铜仁、安顺,https://www.bilibili.com/video/av1450486354,开***行,画***月,,未知,2024-02-16 20:32,2024,21,0,5.64,客观探讨/咨询互动,0.0,交通自驾与行程路况,山路弯道与自驾难度,交通自驾与行程路况,山路弯道与自驾难度,贵州全域/综合,贵州全域/综合,我关注了，一直叫开心旅行社哈哈哈
208419221312,1450486354,贵州9地市完整版-贵阳、毕节、六盘水、黔南、黔西南、黔东南、遵义、铜仁、安顺,https://www.bilibili.com/video/av1450486354,开***行,孤***冰,,未知,2024-02-17 01:53,2024,13,0,4.96,客观探讨/咨询互动,0.0,交通自驾与行程路况,山路弯道与自驾难度,交通自驾与行程路况,山路弯道与自驾难度,贵州全域/综合,贵州全域/综合,回复 @开元心旅行 :赶紧把开心元也注册了[doge]
210207239344,1450486354,贵州9地市完整版-贵阳、毕节、六盘水、黔南、黔西南、黔东南、遵义、铜仁、安顺,https://www.bilibili.com/video/av1450486354,开***行,账***8,,未知,2024-02-28 12:51,2024,53,0,6.98,客观探讨/咨询互动,0.0,安全防范与避坑预警,黔灵山猕猴抓咬与抢食抢包,安全防范与避坑预警,黔灵山猕猴抓咬与抢食抢包,贵阳市区/黔灵山,贵阳市区/黔灵山,就是要小心猴子[吃瓜][吃瓜][吃瓜]这里的猴子恶劣程度堪比峨眉山
210277476272,1450486354,贵州9地市完整版-贵阳、毕节、六盘水、黔南、黔西南、黔东南、遵义、铜仁、安顺,https://www.bilibili.com/video/av1450486354,开***行,海***空,,未知,2024-02-28 22:32,2024,69,0,7.37,客观探讨/咨询互动,0.0,交通自驾与行程路况,山路弯道与自驾难度,交通自驾与行程路况,山路弯道与自驾难度,贵州全域/综合,贵州全域/综合,现在连5块钱的门票都不要了，还有大熊猫，要啥自行车
212116109392,1450486354,贵州9地市完整版-贵阳、毕节、六盘水、黔南、黔西南、黔东南、遵义、铜仁、安顺,https://www.bilibili.com/video/av1450486354,开***行,则***庄,,未知,2024-03-13 00:01,2024,18,0,5.42,强力种草/惊艳好评,1.0,自然风光与气候避暑,瀑布水景视觉震撼,自然风光与气候避暑,瀑布水景视觉震撼,贵州全域/综合,贵州全域/综合,今天刚去了。建议爬一爬山，东门进，先去关刀岩，然后转到马鞍山，下山就是黔灵湖。人不多，值得一去
224841941840,1450486354,贵州9地市完整版-贵阳、毕节、六盘水、黔南、黔西南、黔东南、遵义、铜仁、安顺,https://www.bilibili.com/video/av1450486354,开***行,J***话,,未知,2024-06-05 20:05,2024,10,0,4.6,客观探讨/咨询互动,0.0,消费预算与综合性价比,免费/平替景点精选推荐,消费预算与综合性价比,免费/平替景点精选推荐,贵州全域/综合,贵州全域/综合,有点夸张了，毕竟西湖也不要门票
224846875328,1450486354,贵州9地市完整版-贵阳、毕节、六盘水、黔南、黔西南、黔东南、遵义、铜仁、安顺,https://www.bilibili.com/video/av1450486354,开***行,有***兮,,未知,2024-06-05 20:37,2024,16,0,5.25,客观探讨/咨询互动,0.0,综合旅游体验与漫游杂谈,全省概览/多景点串联游记,综合旅游体验与漫游杂谈,全省概览/多景点串联游记,贵州全域/综合,贵州全域/综合,回复 @Jimmy瞎说带实话 :西湖有熊猫吗[doge]
225455910384,1450486354,贵州9地市完整版-贵阳、毕节、六盘水、黔南、黔西南、黔东南、遵义、铜仁、安顺,https://www.bilibili.com/video/av1450486354,开***行,靠***石,,未知,2024-06-09 15:16,2024,10,0,4.6,客观探讨/咨询互动,0.0,消费预算与综合性价比,免费/平替景点精选推荐,消费预算与综合性价比,免费/平替景点精选推荐,贵州全域/综合,贵州全域/综合,回复 @Jimmy瞎说带实话 :那你这么说，长沙的橘子洲头，省博物院，岳麓山都不要门票[藏狐]
228207744224,1450486354,贵州9地市完整版-贵阳、毕节、六盘水、黔南、黔西南、黔东南、遵义、铜仁、安顺,https://www.bilibili.com/video/av1450486354,开***行,有***兮,,未知,2024-06-26 10:46,2024,24,0,5.83,客观探讨/咨询互动,0.0,餐饮美食与特色体验,特色小吃与夜市文化,餐饮美食与特色体验,特色小吃与夜市文化,贵州全域/综合,贵州全域/综合,回复 @是何何呀呀 :吃西湖醋鱼的仪式是不是得坐靠窗位置，鱼端上来，吃一口，然后连鱼带盘一起丢湖里[doge]
208377220656,1450486354,贵州9地市完整版-贵阳、毕节、六盘水、黔南、黔西南、黔东南、遵义、铜仁、安顺,https://www.bilibili.com/video/av1450486354,开***行,醒***I,,未知,2024-02-16 21:01,2024,33,0,6.29,强力种草/惊艳好评,1.0,安全防范与避坑预警,黔灵山猕猴抓咬与抢食抢包,安全防范与避坑预警,黔灵山猕猴抓咬与抢食抢包,贵阳市区/黔灵山,贵阳市区/黔灵山,其实还好哎，我去了两次，好多人喂，之前看攻略说猴子抢东西，吓得我小背包都藏衣服里面，去了之后遇到的猴子没这么野，但是还是发现有人的一大兜车厘子被抢走了[喜极而泣][喜极而泣]我捡了地上一个花生递到一个小猴宝宝手里，手凉凉的好嫩[星星眼][星星眼]其实我觉得最好玩的还是黔灵山公园门口那个大菜市场，我买了好多脆哨和辣椒面
208433977184,1450486354,贵州9地市完整版-贵阳、毕节、六盘水、黔南、黔西南、黔东南、遵义、铜仁、安顺,https://www.bilibili.com/video/av1450486354,开***行,夜***鸣,,未知,2024-02-17 08:24,2024,11,0,4.73,强力种草/惊艳好评,1.0,景区运营与排队管理,门票优惠政策与便民好评,景区运营与排队管理,门票优惠政策与便民好评,贵阳市区/黔灵山,贵阳市区/黔灵山,回复 @U型合计 :还在，而且24年开始黔灵山免门票了，免费看熊猫
208749936144,1450486354,贵州9地市完整版-贵阳、毕节、六盘水、黔南、黔西南、黔东南、遵义、铜仁、安顺,https://www.bilibili.com/video/av1450486354,开***行,佑***夫,,未知,2024-02-19 02:43,2024,14,0,5.06,强力种草/惊艳好评,1.0,综合旅游体验与漫游杂谈,全省概览/多景点串联游记,综合旅游体验与漫游杂谈,全省概览/多景点串联游记,贵州全域/综合,贵州全域/综合,回复 @待我问鼎中原 :都有，现在还免费，不过走起来有点累。
208423635056,1450486354,贵州9地市完整版-贵阳、毕节、六盘水、黔南、黔西南、黔东南、遵义、铜仁、安顺,https://www.bilibili.com/video/av1450486354,开***行,内***哒,,未知,2024-02-17 03:03,2024,57,0,7.09,强力种草/惊艳好评,2.0,交通自驾与行程路况 | 安全防范与避坑预警,山路弯道与自驾难度 | 水上漂流与徒步涉水安全,交通自驾与行程路况,山路弯道与自驾难度,镇远古城/舞阳河,镇远古城/舞阳河,个人感觉。高过河漂流。是整个贵州省最好玩的漂流。可以和镇远放在一起。就在镇远古城旁边。其实夏天我这边几个朋友会自驾周末去高过河漂流。漂流然后镇远逛一逛。吃点烧烤喝点酒。然后第二天去石阡泡温泉。每年都会去一次。[笑哭]夏天还是比较安逸的。
208476795968,1450486354,贵州9地市完整版-贵阳、毕节、六盘水、黔南、黔西南、黔东南、遵义、铜仁、安顺,https://www.bilibili.com/video/av1450486354,开***行,哈***霍,,未知,2024-02-17 13:59,2024,16,0,5.25,实战攻略/避坑技巧,0.2,交通自驾与行程路况,山路弯道与自驾难度,交通自驾与行程路况,山路弯道与自驾难度,贵州全域/综合,贵州全域/综合,回复 @bili_18442506466 : 去贵州玩最好是自驾，各个景区内或者景区与景区之间的公共交通的频次不多，靠公共交通出行会影响行程导致每天可玩的时间大大减少。
208378418896,1450486354,贵州9地市完整版-贵阳、毕节、六盘水、黔南、黔西南、黔东南、遵义、铜仁、安顺,https://www.bilibili.com/video/av1450486354,开***行,这***呐,,未知,2024-02-16 21:09,2024,25,0,5.89,客观探讨/咨询互动,0.0,自然风光与气候避暑,瀑布水景视觉震撼,自然风光与气候避暑,瀑布水景视觉震撼,贵州全域/综合,贵州全域/综合,不去不去，和广西一样的风景[doge]
208447096080,1450486354,贵州9地市完整版-贵阳、毕节、六盘水、黔南、黔西南、黔东南、遵义、铜仁、安顺,https://www.bilibili.com/video/av1450486354,开***行,哆***梦,,未知,2024-02-17 10:31,2024,19,0,5.49,客观探讨/咨询互动,0.0,消费预算与综合性价比,高性价比与平民消费好评,消费预算与综合性价比,高性价比与平民消费好评,贵州全域/综合,贵州全域/综合,那我还是感觉我们贵州牛皮[doge]
230241118768,1450486354,贵州9地市完整版-贵阳、毕节、六盘水、黔南、黔西南、黔东南、遵义、铜仁、安顺,https://www.bilibili.com/video/av1450486354,开***行,广***表,,未知,2024-07-08 05:32,2024,11,0,4.73,强力种草/惊艳好评,1.0,自然风光与气候避暑 | 安全防范与避坑预警,瀑布水景视觉震撼 | 水上漂流与徒步涉水安全,自然风光与气候避暑,瀑布水景视觉震撼,梵净山,梵净山,回复 @我不会3 :简直说出了我的心声，什么水啊，山啊，瀑布啊，洞啊，万亩油菜花啊，梯田啊，漂流啊，少民寨子啊，古城古镇啊等等等等等都很雷同，除了梵净山有些特殊差异外，其他真提不起兴趣。广西和贵州差异化还值得游的是广西有海边，还可以看、玩、吃，走走边境线体验异国风情，还有广西的水果品种多质量好绝对量大管够，还有不想过贵州的一点是贵州高速真没广西的高速好开，贵州高速开得累。[撇嘴]
209290653856,1450486354,贵州9地市完整版-贵阳、毕节、六盘水、黔南、黔西南、黔东南、遵义、铜仁、安顺,https://www.bilibili.com/video/av1450486354,开***行,喵***艿,,未知,2024-02-22 12:05,2024,60,0,7.17,客观探讨/咨询互动,0.0,景区运营与排队管理,核心项目超长排队与拥堵,景区运营与排队管理,核心项目超长排队与拥堵,贵州全域/综合,贵州全域/综合,兄台去景区渡劫可不行这样啊[doge]
209595858032,1450486354,贵州9地市完整版-贵阳、毕节、六盘水、黔南、黔西南、黔东南、遵义、铜仁、安顺,https://www.bilibili.com/video/av1450486354,开***行,太***马,,未知,2024-02-24 07:28,2024,19,0,5.49,避坑预警/痛点吐槽,-1.0,自然风光与气候避暑 | 交通自驾与行程路况 | 消费预算与综合性价比,瀑布水景视觉震撼 | 山路弯道与自驾难度 | 门票交通综合开销偏高,自然风光与气候避暑,瀑布水景视觉震撼,黄果树瀑布,黄果树瀑布,"回复 @sarcina2015 :景区里大瀑布边有2间酒店，我住的黔首居，另外那间柏悦太贵了。
我去的那次头天下午3点多办理入住，接着逛陡坡塘（天黑后大瀑布那边有灯光秀我没去）。第二天开园后第一时间步行去坐大电梯前往大瀑布。然后再去天星桥（走完全程很累）。"
208421207232,1450486354,贵州9地市完整版-贵阳、毕节、六盘水、黔南、黔西南、黔东南、遵义、铜仁、安顺,https://www.bilibili.com/video/av1450486354,开***行,b***酋,,未知,2024-02-17 02:20,2024,126,0,8.27,客观探讨/咨询互动,0.0,综合旅游体验与漫游杂谈,全省概览/多景点串联游记,综合旅游体验与漫游杂谈,全省概览/多景点串联游记,贵州全域/综合,贵州全域/综合,我要是被关在里面我也是说一般[doge]
208450893840,1450486354,贵州9地市完整版-贵阳、毕节、六盘水、黔南、黔西南、黔东南、遵义、铜仁、安顺,https://www.bilibili.com/video/av1450486354,开***行,小***酱,,未知,2024-02-17 10:58,2024,51,0,6.93,客观探讨/咨询互动,0.0,自然风光与气候避暑,瀑布水景视觉震撼,自然风光与气候避暑,瀑布水景视觉震撼,贵州全域/综合,贵州全域/综合,可不是一般吗[doge]就一个小洞洞，搁我我也一般，不仅一般，还要骂几句
208551285488,1450486354,贵州9地市完整版-贵阳、毕节、六盘水、黔南、黔西南、黔东南、遵义、铜仁、安顺,https://www.bilibili.com/video/av1450486354,开***行,亓***洋,,未知,2024-02-17 22:18,2024,27,0,6.0,客观探讨/咨询互动,0.0,综合旅游体验与漫游杂谈,全省概览/多景点串联游记,综合旅游体验与漫游杂谈,全省概览/多景点串联游记,贵州全域/综合,贵州全域/综合,要是我肯定不会评价一般，必是痛骂[doge]
208641598128,1450486354,贵州9地市完整版-贵阳、毕节、六盘水、黔南、黔西南、黔东南、遵义、铜仁、安顺,https://www.bilibili.com/video/av1450486354,开***行,打***物,,未知,2024-02-18 14:16,2024,36,0,6.42,客观探讨/咨询互动,0.0,餐饮美食与特色体验,特色小吃与夜市文化,餐饮美食与特色体验,特色小吃与夜市文化,贵州全域/综合,贵州全域/综合,张学良进去不仅免票，甚至包吃包住， 还要什么自行车
208686898992,1450486354,贵州9地市完整版-贵阳、毕节、六盘水、黔南、黔西南、黔东南、遵义、铜仁、安顺,https://www.bilibili.com/video/av1450486354,开***行,_***_,,未知,2024-02-18 19:24,2024,26,0,5.94,客观探讨/咨询互动,0.0,交通自驾与行程路况,山路弯道与自驾难度,交通自驾与行程路况,山路弯道与自驾难度,贵州全域/综合,贵州全域/综合,张学良进去的时候肯定还没开发，全是荒郊野岭，而且是被关在里面，能评价一般都可以了[抠鼻]
208406534832,1450486354,贵州9地市完整版-贵阳、毕节、六盘水、黔南、黔西南、黔东南、遵义、铜仁、安顺,https://www.bilibili.com/video/av1450486354,开***行,麻***斯,,未知,2024-02-17 00:01,2024,226,2,10.24,客观探讨/咨询互动,0.0,自然风光与气候避暑 | 交通自驾与行程路况,高山峡谷与世界级桥梁 | 高速通行费与桥隧比,自然风光与气候避暑,高山峡谷与世界级桥梁,黄果树瀑布,黄果树瀑布,给up主补遗一下，贵州的高速公路会路过非常多的高桥（世界桥梁博物馆不是浪得虚名），有很多建在大桥周边的服务区是可以去一游的，比如天眼旁边的平塘大桥天空之眼服务区，上期你说过的黄果树边坝陵河桥梁科技馆，以后还有世界第一高桥花江峡谷桥等等
208707029424,1450486354,贵州9地市完整版-贵阳、毕节、六盘水、黔南、黔西南、黔东南、遵义、铜仁、安顺,https://www.bilibili.com/video/av1450486354,开***行,n***m,,未知,2024-02-18 21:24,2024,266,18,12.33,强力种草/惊艳好评,1.0,餐饮美食与特色体验,特色小吃与夜市文化,餐饮美食与特色体验,特色小吃与夜市文化,贵阳市区/黔灵山,贵阳市区/黔灵山,贵阳其他都可以不去，黔灵山公园一定要去，因为只要五块钱门票，有时候甚至不要钱，当动物园逛就行了，该有的都有，山顶十块钱的斋饭也还算丰盛，门口各类小吃味道也不错，重要的是，可以看大熊猫，可以看大熊猫，可以看大熊猫。
208781930464,1450486354,贵州9地市完整版-贵阳、毕节、六盘水、黔南、黔西南、黔东南、遵义、铜仁、安顺,https://www.bilibili.com/video/av1450486354,开***行,头***大,,未知,2024-02-19 11:32,2024,174,5,10.54,客观探讨/咨询互动,0.0,景区运营与排队管理,核心项目超长排队与拥堵,景区运营与排队管理,核心项目超长排队与拥堵,贵阳市区/黔灵山,贵阳市区/黔灵山,"其实甲秀楼在建国以后，修缮过多次。
我外公就参与了文革以后的第一次修缮！
进大门以后那些大梁，就是我外公弄的。"
208368572160,1450486354,贵州9地市完整版-贵阳、毕节、六盘水、黔南、黔西南、黔东南、遵义、铜仁、安顺,https://www.bilibili.com/video/av1450486354,开***行,且***忆,,未知,2024-02-16 20:07,2024,168,5,10.49,客观探讨/咨询互动,0.0,综合旅游体验与漫游杂谈,全省概览/多景点串联游记,综合旅游体验与漫游杂谈,全省概览/多景点串联游记,贵州全域/综合,贵州全域/综合,魏总，考不考虑把您做固定发班的跟团游，做成vlog形式放出来，既是记录，也算软广，给想详细了解的潜在客人一个参考，当然也要征得客人的同意，摄影剪辑得跟得上
208382936672,1450486354,贵州9地市完整版-贵阳、毕节、六盘水、黔南、黔西南、黔东南、遵义、铜仁、安顺,https://www.bilibili.com/video/av1450486354,开***行,留***1,,未知,2024-02-16 21:37,2024,177,65,12.96,强力种草/惊艳好评,2.0,自然风光与气候避暑 | 商业化程度与民俗真实感 | 安全防范与避坑预警,瀑布水景视觉震撼 | 高山峡谷与世界级桥梁 | 千户苗寨商业化过度/同质化 | 旅拍乱象与服装套路 | 水上漂流与徒步涉水安全,自然风光与气候避暑,瀑布水景视觉震撼,黄果树瀑布 | 荔波小七孔 | 西江千户苗寨 | 梵净山 | 贵阳市区/黔灵山 | 万峰林/马岭河 | 镇远古城/舞阳河 | 肇兴侗寨/加榜梯田,黄果树瀑布,23年7月中在贵州玩了几天，行程如下：万峰林-马岭河峡谷-黄果树瀑布-黔灵山公园-小七孔-梵净山(印江西门上山，因为没抢到东门的票)-镇远古城-高过河漂流-榕江村超-西江千户苗寨，万峰林、黄果树、小七孔、梵净山个人感觉很值得，也会向朋友强推；马岭河峡谷和高过河漂流也推荐，游玩体验不亏；西江千户苗寨商业化严重，住宿也贵，到处都是女性穿着性感拍写真，吵得很，我沿着梯田爬上山，一路只遇到两位游客和几位当地的农民，感觉风光还可以，散心也说的过去。
208368257696,1450486354,贵州9地市完整版-贵阳、毕节、六盘水、黔南、黔西南、黔东南、遵义、铜仁、安顺,https://www.bilibili.com/video/av1450486354,开***行,S***t,,未知,2024-02-16 20:05,2024,162,17,11.53,客观探讨/咨询互动,0.0,消费预算与综合性价比,高性价比与平民消费好评,消费预算与综合性价比,高性价比与平民消费好评,贵州全域/综合,贵州全域/综合,贵州，一个让广西人很纠结的旅游地...
208387283392,1450486354,贵州9地市完整版-贵阳、毕节、六盘水、黔南、黔西南、黔东南、遵义、铜仁、安顺,https://www.bilibili.com/video/av1450486354,开***行,巧***步,,未知,2024-02-16 22:03,2024,160,3,10.01,客观探讨/咨询互动,0.0,自然风光与气候避暑,雨季泥沙浑浊与恶劣天气,自然风光与气候避暑,雨季泥沙浑浊与恶劣天气,西江千户苗寨,西江千户苗寨,千户苗寨可以住在外面一个很近的酒店里面，进去玩到晚上看一下灯火就挺好的住着就不方便了，尤其是带着老人小孩的，要住里面的民宿最好也是住在靠河边的地方，千万不要住在一看就是山上的地方，雨季碰到下雨路都不好走，而且很多房子明显是原本只有两层，然后看到游客多了再直接把屋顶去掉加盖的真的不是很安全。还有就是…………三点鸡就开始叫了呀[笑哭]
208417981712,1450486354,贵州9地市完整版-贵阳、毕节、六盘水、黔南、黔西南、黔东南、遵义、铜仁、安顺,https://www.bilibili.com/video/av1450486354,开***行,秦***项,,未知,2024-02-17 01:39,2024,126,6,10.21,实战攻略/避坑技巧,0.2,自然风光与气候避暑 | 餐饮美食与特色体验 | 交通自驾与行程路况,瀑布水景视觉震撼 | 喀斯特溶洞地质奇观 | 高山峡谷与世界级桥梁 | 酸汤系列与特色火锅 | 特色小吃与夜市文化 | 折耳根与口味适应度 | 山路弯道与自驾难度,自然风光与气候避暑,瀑布水景视觉震撼,贵阳市区/黔灵山 | 织金洞 | 遵义红色胜地/赤水 | 六盘水凉都/乌蒙大草原,贵阳市区/黔灵山,"一两天想体会贵州山水的，适合花溪公园及其周边的天河潭。
隆里的军屯堡垒保存得原汁味足，当地的吃一般般。青岩古镇麻是明清拓疆体系的中心点，得有知晓历史、周边路况熟悉的人带着慢慢玩，奇险恶的瀑布、峡谷、溶洞+化石、打牛、民俗、星空+银河、河水、小湖泊、滑翔伞、摄影、奇特天气都可以体会到，饮食:菌子、蕨菜、糟辣椒，好的猪肉得看运气。青岩南面的惠水走县道可见小风景，适合驻足饮酒，因为这里的马肉还行，牛肉干建议外地的朋友大量购买～盒马有内蒙的风干牛肉，个人觉得在滋味上输于惠水的，东部朋友们就不用提自己家乡的了～会被吊起打的。
温泉还得是息烽～水好+真温泉，就是除了温泉就没有其他的了，辣子鸡是当地的美食。
遵义会议看了、缅怀，直接仁怀、赤水，品酒、赏景、躺睡～夏天千万不要去。
在贵州的县道，可以喝到粮食酿的酒～好喝，但注意安全、身体健康。
六盘水的威宁火腿也得看运气～自家都不够吃[笑哭]。"
208396163408,1450486354,贵州9地市完整版-贵阳、毕节、六盘水、黔南、黔西南、黔东南、遵义、铜仁、安顺,https://www.bilibili.com/video/av1450486354,开***行,太***马,,未知,2024-02-16 22:56,2024,113,6,10.05,强力种草/惊艳好评,1.0,自然风光与气候避暑,瀑布水景视觉震撼,自然风光与气候避暑,瀑布水景视觉震撼,黄果树瀑布 | 西江千户苗寨 | 梵净山,黄果树瀑布,"黄果树真心推荐住景区里，独享瀑布。
住梵净山脚，晚上爆雷把路劈怀了；住西江千户苗寨，饭店老板亲兄弟开的另一家店着火甚至还有人烧没了。天雷地火可不关我的事啊[笑哭]。"
208393383536,1450486354,贵州9地市完整版-贵阳、毕节、六盘水、黔南、黔西南、黔东南、遵义、铜仁、安顺,https://www.bilibili.com/video/av1450486354,开***行,找***碴,,未知,2024-02-16 22:39,2024,141,20,11.48,强力种草/惊艳好评,1.0,景区运营与排队管理,核心项目超长排队与拥堵,景区运营与排队管理,核心项目超长排队与拥堵,黄果树瀑布 | 荔波小七孔,黄果树瀑布,贵州一定要丰水期去才好玩，这是我11年端午前后去的，前2张是黄果树景区，剩下的是荔波小七孔景区，重点提醒一下小七孔穿凉鞋去，中间有一段水上森林，像似九寨沟树正海与珍珠滩的合体，九寨沟不允许你踩到水里，而水上森林你可以随意放肆
297518765153,1450486354,贵州9地市完整版-贵阳、毕节、六盘水、黔南、黔西南、黔东南、遵义、铜仁、安顺,https://www.bilibili.com/video/av1450486354,开***行,无***兔,,未知,2026-04-26 21:41,2026,110,6,10.01,客观探讨/咨询互动,0.0,综合旅游体验与漫游杂谈,全省概览/多景点串联游记,综合旅游体验与漫游杂谈,全省概览/多景点串联游记,贵州全域/综合,贵州全域/综合,截图
209691144624,1450486354,贵州9地市完整版-贵阳、毕节、六盘水、黔南、黔西南、黔东南、遵义、铜仁、安顺,https://www.bilibili.com/video/av1450486354,开***行,摄***森,,未知,2024-02-24 19:13,2024,89,3,9.14,客观探讨/咨询互动,0.0,景区运营与排队管理,核心项目超长排队与拥堵,景区运营与排队管理,核心项目超长排队与拥堵,贵州全域/综合,贵州全域/综合,文案很幽默介绍很实在关注了，比起景区的硬核，我觉得视频中途换个发型这个纵观B站都是很硬核的[OK][脱单doge]
208439676080,1450486354,贵州9地市完整版-贵阳、毕节、六盘水、黔南、黔西南、黔东南、遵义、铜仁、安顺,https://www.bilibili.com/video/av1450486354,开***行,w***3,,未知,2024-02-17 09:28,2024,65,2,8.38,客观探讨/咨询互动,0.0,自然风光与气候避暑,瀑布水景视觉震撼,自然风光与气候避暑,瀑布水景视觉震撼,黄果树瀑布,黄果树瀑布,丰水期的黄果树，以为看的是壶口大瀑布[doge]
208369769696,1450486354,贵州9地市完整版-贵阳、毕节、六盘水、黔南、黔西南、黔东南、遵义、铜仁、安顺,https://www.bilibili.com/video/av1450486354,开***行,一***梦,,未知,2024-02-16 20:15,2024,70,6,9.34,客观探讨/咨询互动,0.0,餐饮美食与特色体验,特色小吃与夜市文化,餐饮美食与特色体验,特色小吃与夜市文化,贵阳市区/黔灵山,贵阳市区/黔灵山,张学良对黔灵山的评价是一般。[吃瓜]
208704677824,1450486354,贵州9地市完整版-贵阳、毕节、六盘水、黔南、黔西南、黔东南、遵义、铜仁、安顺,https://www.bilibili.com/video/av1450486354,开***行,小***豆,,未知,2024-02-18 21:09,2024,67,20,10.37,避坑预警/痛点吐槽,-2.0,自然风光与气候避暑 | 餐饮美食与特色体验 | 安全防范与避坑预警 | 消费预算与综合性价比,高山峡谷与世界级桥梁 | 餐饮价格与隐形消费 | 水上漂流与徒步涉水安全 | 高性价比与平民消费好评 | 免费/平替景点精选推荐,自然风光与气候避暑,高山峡谷与世界级桥梁,镇远古城/舞阳河,镇远古城/舞阳河,"镇远本地人说一下
新大桥附近靠河的饭店问清价再考虑吃不吃
基本上都是本地人租给外地人做生意（有宰客）[笑哭]
路线推荐：第一天石屏山＋祝圣桥＋青龙洞古建筑群＋步行街＋观光游船（有经济基础的可以考虑一下，步行街＋河边散步其实也差不多）
第二天龙潭＋铁溪景区农家乐（可以烧烤玩水ps：注意安全）
第三天舞阳河＋高过河漂流（高过河对于刚接触漂流的游客水流有点太急了，施秉杉木河可以作为漂流平替）
三天游玩可以玩得很轻松，建议淡季来玩，住房价格什么的都会便宜很多。不建议城内开车，镇远以前是边防重镇，易守难攻，道路设计比较窄[笑哭]开车不是很方便，且停车价格一视同仁（都很贵30＋一晚，本地人也一样）。城内大型停车场正在修建，修好了估计可以改善一下。"
208615080864,1450486354,贵州9地市完整版-贵阳、毕节、六盘水、黔南、黔西南、黔东南、遵义、铜仁、安顺,https://www.bilibili.com/video/av1450486354,开***行,你***呢,,未知,2024-02-18 11:20,2024,13,0,4.96,客观探讨/咨询互动,0.0,景区运营与排队管理,核心项目超长排队与拥堵,景区运营与排队管理,核心项目超长排队与拥堵,贵州全域/综合,贵州全域/综合,回复 @Mojito和Tequila :贵州没有春山这个景区啦，他楼主提到的“上春山”据说是贵州文旅为了吸引大家来旅游制作给春晚演唱的歌，因为“占春山”事件，这首歌因祸得福还挺火的
209171511856,1450486354,贵州9地市完整版-贵阳、毕节、六盘水、黔南、黔西南、黔东南、遵义、铜仁、安顺,https://www.bilibili.com/video/av1450486354,开***行,1***了,,未知,2024-02-21 17:55,2024,59,7,9.22,客观探讨/咨询互动,0.0,自然风光与气候避暑,喀斯特溶洞地质奇观,自然风光与气候避暑,喀斯特溶洞地质奇观,织金洞,织金洞,有一说一，如果只论山水和溶洞，游过贵州后可以排除全国大部分地区了。看得出up可能有幽闭恐惧症，遇到洞都有点怕。
208458344656,1450486354,贵州9地市完整版-贵阳、毕节、六盘水、黔南、黔西南、黔东南、遵义、铜仁、安顺,https://www.bilibili.com/video/av1450486354,开***行,夏***长,,未知,2024-02-17 11:51,2024,59,1,7.83,强力种草/惊艳好评,3.0,景区运营与排队管理 | 消费预算与综合性价比,大门外移与强制观光车 | 核心项目超长排队与拥堵 | 高性价比与平民消费好评,景区运营与排队管理,大门外移与强制观光车,织金洞 | 阿西里西韭菜坪/百里杜鹃,织金洞,"刚去了毕节那边玩。额，毕节织金洞那边感觉基础设施完全不配套，周边堵车，车道窄，周边到处是垃圾。。。排水沟里也全是。景区摆渡车很慢，等半天不说，排队只有一两个年轻人指挥，然后就是一来车，那些嬢嬢啥的一窝蜂插队上车，气都能气死，门票不便宜，结果管理乱的一批。
奢香古镇那里就一个商业化古镇，有个坑有梯田，免费的就还行吧，可以逛逛，但也不是特别好玩，奢香古镇所在的大方县，有奢香古镇，奢香博物馆（免费可以去看一下），宣慰府（门票20，影楼风彝族建筑，不太推荐），还有个斗姥阁，是个寺庙，里面有免费的香，旁边有电子点火器，是依山往上建的，就还不错。然后可以去油杉河，那边的草原和爬山也不错。"
208552974304,1450486354,贵州9地市完整版-贵阳、毕节、六盘水、黔南、黔西南、黔东南、遵义、铜仁、安顺,https://www.bilibili.com/video/av1450486354,开***行,一***w,,未知,2024-02-17 22:28,2024,55,0,7.04,客观探讨/咨询互动,0.0,自然风光与气候避暑 | 交通自驾与行程路况,瀑布水景视觉震撼 | 山路弯道与自驾难度,自然风光与气候避暑,瀑布水景视觉震撼,黄果树瀑布 | 荔波小七孔 | 梵净山 | 遵义红色胜地/赤水,黄果树瀑布,来贵州玩的朋友们做好心理准备，山路多就算了，而且景点的交通通达度都不是很高，要走很多路，基本一个景点（小七孔、赤水大瀑布、梵净山这种）走下来都是以万计数，体力不好的、做不了长时间车的一定要慎重！[给心心]
208430054112,1450486354,贵州9地市完整版-贵阳、毕节、六盘水、黔南、黔西南、黔东南、遵义、铜仁、安顺,https://www.bilibili.com/video/av1450486354,开***行,毛***锅,,未知,2024-02-17 07:01,2024,51,3,8.31,客观探讨/咨询互动,0.0,自然风光与气候避暑,瀑布水景视觉震撼,自然风光与气候避暑,瀑布水景视觉震撼,贵州全域/综合,贵州全域/综合,欢迎大家去贵州上春山[脱单doge]
266744457185,1450486354,贵州9地市完整版-贵阳、毕节、六盘水、黔南、黔西南、黔东南、遵义、铜仁、安顺,https://www.bilibili.com/video/av1450486354,开***行,8***i,,未知,2025-07-07 00:30,2025,57,9,9.39,强力种草/惊艳好评,1.0,交通自驾与行程路况 | 安全防范与避坑预警,山路弯道与自驾难度 | 水上漂流与徒步涉水安全,交通自驾与行程路况,山路弯道与自驾难度,黄果树瀑布 | 荔波小七孔 | 西江千户苗寨 | 贵阳市区/黔灵山 | 万峰林/马岭河 | 镇远古城/舞阳河 | 肇兴侗寨/加榜梯田,黄果树瀑布,"按照旅长推荐做的自驾游，给大家参考，5天公休加的前后周末，8天多。
第一天下午到贵阳，下午采购，贵阳吃饭完毕后开车住龙宫附近
第二天上午游玩龙宫，下午游玩黄果树，住黄果树附近
第三天上午游玩黄果树，下午前往兴义，住万峰林附近
第四天上午游玩万峰林，下午游玩马岭河，结束后去紫云县，住紫云县
第五天游玩格凸河，结束后前往荔波，住小七孔东门
第六天 游玩小七孔，游玩结束后前往从江县，住从江县
第七天上午游玩岜沙苗寨，下午游玩隆里古城，结束去施秉县，住施秉县
第八天 上午杉木河漂流，结束后去乌江寨
第九天乌江寨游玩结束去贵阳飞回家"
208368779984,1450486354,贵州9地市完整版-贵阳、毕节、六盘水、黔南、黔西南、黔东南、遵义、铜仁、安顺,https://www.bilibili.com/video/av1450486354,开***行,洛***照,,未知,2024-02-16 20:09,2024,46,13,9.41,客观探讨/咨询互动,0.0,自然风光与气候避暑,瀑布水景视觉震撼,自然风光与气候避暑,瀑布水景视觉震撼,贵州全域/综合,贵州全域/综合,我想去独山县看看水司楼
208607372224,1450486354,贵州9地市完整版-贵阳、毕节、六盘水、黔南、黔西南、黔东南、遵义、铜仁、安顺,https://www.bilibili.com/video/av1450486354,开***行,魔***わ,,未知,2024-02-18 10:23,2024,44,4,8.32,客观探讨/咨询互动,0.0,安全防范与避坑预警,水上漂流与徒步涉水安全,安全防范与避坑预警,水上漂流与徒步涉水安全,镇远古城/舞阳河,镇远古城/舞阳河,评价很中肯，不过贵州最硬核的漂流当然是高过河啦，视频里没有提到
208363731552,1450486354,贵州9地市完整版-贵阳、毕节、六盘水、黔南、黔西南、黔东南、遵义、铜仁、安顺,https://www.bilibili.com/video/av1450486354,开***行,宝***子,,未知,2024-02-16 19:37,2024,41,0,6.61,客观探讨/咨询互动,0.0,自然风光与气候避暑,瀑布水景视觉震撼,自然风光与气候避暑,瀑布水景视觉震撼,贵州全域/综合,贵州全域/综合,春山学三好生来了[doge]
208395769136,1450486354,贵州9地市完整版-贵阳、毕节、六盘水、黔南、黔西南、黔东南、遵义、铜仁、安顺,https://www.bilibili.com/video/av1450486354,开***行,菲*,,未知,2024-02-16 22:53,2024,35,12,8.94,客观探讨/咨询互动,0.0,安全防范与避坑预警,水上漂流与徒步涉水安全,安全防范与避坑预警,水上漂流与徒步涉水安全,镇远古城/舞阳河,镇远古城/舞阳河,镇远附近有个高过河漂流，玩过，印象深刻。
208375832880,1450486354,贵州9地市完整版-贵阳、毕节、六盘水、黔南、黔西南、黔东南、遵义、铜仁、安顺,https://www.bilibili.com/video/av1450486354,开***行,一***汉,,未知,2024-02-16 20:53,2024,35,2,7.47,客观探讨/咨询互动,0.0,综合旅游体验与漫游杂谈,全省概览/多景点串联游记,综合旅游体验与漫游杂谈,全省概览/多景点串联游记,遵义红色胜地/赤水,遵义红色胜地/赤水,"遵义还有遵义会议遗址
安顺平坝樱花园 应季可以玩玩[doge]"
217360947280,1450486354,贵州9地市完整版-贵阳、毕节、六盘水、黔南、黔西南、黔东南、遵义、铜仁、安顺,https://www.bilibili.com/video/av1450486354,开***行,灵***词,,未知,2024-04-18 03:21,2024,33,5,8.08,实战攻略/避坑技巧,0.2,自然风光与气候避暑 | 餐饮美食与特色体验 | 安全防范与避坑预警,瀑布水景视觉震撼 | 酸汤系列与特色火锅 | 特色小吃与夜市文化 | 水上漂流与徒步涉水安全,自然风光与气候避暑,瀑布水景视觉震撼,黄果树瀑布 | 西江千户苗寨 | 贵阳市区/黔灵山 | 织金洞 | 万峰林/马岭河 | 遵义红色胜地/赤水,黄果树瀑布,去贵州多逛洞就行了，织金洞，龙宫，九龙洞，双河洞！在贵阳可以去天河潭，不在贵阳玩不用特地去。五一去爬山逛森林公园没有必要，除非想去打卡比如黄果树，我认为五一人太多了毫无意义[笑哭]，去逛赤水瀑布就可以了。五一建议逛逛洞，马岭河漂流，看赤水瀑布联合景区，逛一逛非西江的苗寨，吃吃各种美食，酸汤火锅全国一绝！
208624364688,1450486354,贵州9地市完整版-贵阳、毕节、六盘水、黔南、黔西南、黔东南、遵义、铜仁、安顺,https://www.bilibili.com/video/av1450486354,开***行,我***觉,,未知,2024-02-18 12:22,2024,32,7,8.32,客观探讨/咨询互动,0.0,消费预算与综合性价比,高性价比与平民消费好评,消费预算与综合性价比,高性价比与平民消费好评,贵阳市区/黔灵山,贵阳市区/黔灵山,神泉谷，离贵阳近，九十月份看花海，其他时候都是中老年去，再过去点有个四千多年的银杏树
208481501728,1450486354,贵州9地市完整版-贵阳、毕节、六盘水、黔南、黔西南、黔东南、遵义、铜仁、安顺,https://www.bilibili.com/video/av1450486354,开***行,滴***咚,,未知,2024-02-17 14:34,2024,31,2,7.3,客观探讨/咨询互动,0.0,自然风光与气候避暑,瀑布水景视觉震撼,自然风光与气候避暑,瀑布水景视觉震撼,贵阳市区/黔灵山,贵阳市区/黔灵山,黔灵山公园最大的快乐是人与自然的交流，就看你打不打得过猴[妙啊]追着猴打和被猴追着打，两者兼得
208377687680,1450486354,贵州9地市完整版-贵阳、毕节、六盘水、黔南、黔西南、黔东南、遵义、铜仁、安顺,https://www.bilibili.com/video/av1450486354,开***行,4***g,,未知,2024-02-16 21:04,2024,34,5,8.12,强力种草/惊艳好评,1.0,景区运营与排队管理,核心项目超长排队与拥堵,景区运营与排队管理,核心项目超长排队与拥堵,贵阳市区/黔灵山,贵阳市区/黔灵山,贵州黔灵山公园 推荐 门票5块 索道20 还能看大熊猫 超值 在贵州中转有时间去看看
270647021664,1450486354,贵州9地市完整版-贵阳、毕节、六盘水、黔南、黔西南、黔东南、遵义、铜仁、安顺,https://www.bilibili.com/video/av1450486354,开***行,M***r,,未知,2025-07-30 17:23,2025,32,0,6.24,实战攻略/避坑技巧,0.2,消费预算与综合性价比,高性价比与平民消费好评,消费预算与综合性价比,高性价比与平民消费好评,贵州全域/综合,贵州全域/综合,"视频总结：贵州旅游深度指南——17年资深玩家带你玩转九大地市
作为一名拥有17年旅游行业经验的资深玩家，我将为您带来一份独家贵州旅游攻略。这份指南并非网络..."
209563424256,1450486354,贵州9地市完整版-贵阳、毕节、六盘水、黔南、黔西南、黔东南、遵义、铜仁、安顺,https://www.bilibili.com/video/av1450486354,开***行,山***梦,,未知,2024-02-23 23:22,2024,20,2,6.67,强力种草/惊艳好评,1.0,自然风光与气候避暑,瀑布水景视觉震撼,自然风光与气候避暑,瀑布水景视觉震撼,贵州全域/综合,贵州全域/综合,金海雪山强烈推荐
264761664657,1450486354,贵州9地市完整版-贵阳、毕节、六盘水、黔南、黔西南、黔东南、遵义、铜仁、安顺,https://www.bilibili.com/video/av1450486354,开***行,整***辅,,未知,2025-06-16 23:28,2025,19,1,6.19,强力种草/惊艳好评,1.0,自然风光与气候避暑,高山峡谷与世界级桥梁,自然风光与气候避暑,高山峡谷与世界级桥梁,贵阳市区/黔灵山,贵阳市区/黔灵山,贵阳推荐的这几个景点，青岩、天河潭、黔灵山和甲秀楼算是可以推荐外地朋友的，其他都只能说是本地人家庭周末或小节假日出游的地方，远不如花果园（白宫门口跟着当地人蹦迪💃🏻）、小车河湿地（老森林公园）、花溪十里河滩花溪公园来的实在，自然风光美的同时一趟地铁就刹到了[笑哭]
213022781856,1450486354,贵州9地市完整版-贵阳、毕节、六盘水、黔南、黔西南、黔东南、遵义、铜仁、安顺,https://www.bilibili.com/video/av1450486354,开***行,N***7,,未知,2024-03-19 12:21,2024,19,6,7.44,避坑预警/痛点吐槽,-2.0,餐饮美食与特色体验 | 交通自驾与行程路况 | 景区运营与排队管理,特色小吃与夜市文化 | 折耳根与口味适应度 | 餐饮价格与隐形消费 | 山路弯道与自驾难度 | 核心项目超长排队与拥堵,餐饮美食与特色体验,特色小吃与夜市文化,贵阳市区/黔灵山,贵阳市区/黔灵山,刚从贵阳回来，我的评价是，可去可不去。如果是特意为了吃去贵阳玩两三天没必要，我就在那呆了三天，无聊的很，而且路况很奇葩，各种地下通道，四条路有八个出口，并且每个地下通道还有地下商场，搞的更乱了，更分不清哪是哪了。连百度地图高德地图全都失灵的地方！而且坡路和楼梯真的太多太多了。吃方面其实一天就够了，如果你接受不了折耳根也不建议去，那么多小吃其实真没有网上博主说的多好吃，我还属于是对贵州美食接受度高的，通行的人吃什么都是无语皱眉头。网上博主的拍摄手法有点夸张了，还有那么多人排队的碗耳糕，真的无语，买到发现就是个红糖发糕，还比别的地方都贵一倍。总之，贵阳美食不少，但是被各种博主吹的有点太大，路况很不好爱堵车地图导航都失灵，一天要爬坡爬台阶一两万步，没有强大的体力不建议去。
208375006368,1450486354,贵州9地市完整版-贵阳、毕节、六盘水、黔南、黔西南、黔东南、遵义、铜仁、安顺,https://www.bilibili.com/video/av1450486354,开***行,辣***脑,,未知,2024-02-16 20:48,2024,20,4,7.18,客观探讨/咨询互动,0.0,综合旅游体验与漫游杂谈,全省概览/多景点串联游记,综合旅游体验与漫游杂谈,全省概览/多景点串联游记,遵义红色胜地/赤水,遵义红色胜地/赤水,遵义会议会址还是可以去看看
209191976352,1450486354,贵州9地市完整版-贵阳、毕节、六盘水、黔南、黔西南、黔东南、遵义、铜仁、安顺,https://www.bilibili.com/video/av1450486354,开***行,老***帅,,未知,2024-02-21 19:49,2024,16,0,5.25,客观探讨/咨询互动,0.0,消费预算与综合性价比,高性价比与平民消费好评,消费预算与综合性价比,高性价比与平民消费好评,梵净山 | 贵阳市区/黔灵山 | 遵义红色胜地/赤水,梵净山,可能后期剪视频的时候把归属搞错了。大明边城属于铜仁而不是遵义，夜郎谷属于贵阳而不是安顺。最后的表格是正确的。
208405304544,1450486354,贵州9地市完整版-贵阳、毕节、六盘水、黔南、黔西南、黔东南、遵义、铜仁、安顺,https://www.bilibili.com/video/av1450486354,开***行,銀***王,,未知,2024-02-16 23:53,2024,14,1,5.76,客观探讨/咨询互动,0.0,景区运营与排队管理,门票优惠政策与便民好评,景区运营与排队管理,门票优惠政策与便民好评,贵阳市区/黔灵山,贵阳市区/黔灵山,黔灵山五块钱门票就可以看熊猫 对了现在还免门票 硬核到家了分币不花能看熊猫 另外夜郎谷在贵阳不在安顺
208563650512,1450486354,贵州9地市完整版-贵阳、毕节、六盘水、黔南、黔西南、黔东南、遵义、铜仁、安顺,https://www.bilibili.com/video/av1450486354,开***行,游***舟,,未知,2024-02-17 23:32,2024,12,0,4.85,避坑预警/痛点吐槽,-1.0,自然风光与气候避暑,瀑布水景视觉震撼,自然风光与气候避暑,瀑布水景视觉震撼,贵州全域/综合,贵州全域/综合,贵定人点名表扬金海雪山，从以前的人满为患，本地人大量去烧烤，到现在门可罗雀，本地人烧烤都换它附近其他地方，甚至有的地方就比他远1km，你就知道什么叫一手好牌打稀烂了。[小电视_差评]
268433529824,1450486354,贵州9地市完整版-贵阳、毕节、六盘水、黔南、黔西南、黔东南、遵义、铜仁、安顺,https://www.bilibili.com/video/av1450486354,开***行,该***销,,未知,2025-07-12 11:40,2025,11,3,6.11,强力种草/惊艳好评,1.0,自然风光与气候避暑,瀑布水景视觉震撼,自然风光与气候避暑,瀑布水景视觉震撼,贵阳市区/黔灵山,贵阳市区/黔灵山,大众景点人太多了，给大家推荐小众的：罗甸大小井，安顺冰臼，安顺大圣之眼+安顺天印山，惠水燕子洞，石阡佛顶山，修文六广河，贵定元龙山，纳雍吊水岩瀑布，金沙红旗渠，贵阳清镇羊皮洞，贵阳开阳紫江地缝。
208426297632,1450486354,贵州9地市完整版-贵阳、毕节、六盘水、黔南、黔西南、黔东南、遵义、铜仁、安顺,https://www.bilibili.com/video/av1450486354,开***行,打***君,,未知,2024-02-17 04:15,2024,11,0,4.73,强力种草/惊艳好评,1.0,自然风光与气候避暑 | 餐饮美食与特色体验,喀斯特溶洞地质奇观 | 特色小吃与夜市文化,自然风光与气候避暑,喀斯特溶洞地质奇观,贵阳市区/黔灵山 | 织金洞,贵阳市区/黔灵山,天河潭外地的也适合去的，是个很老的景区现在翻新了我有10多年没去了，分水洞和旱洞，去了就不用去龙宫和织金洞了，水洞坐船进溶洞里有种盗墓笔记第一部的感觉，水洞上岸后就到旱洞要步行，优点就是离花溪区很近20分钟的车程，去了天河潭还可以去青岩古镇逛，都是在花溪区的，花溪区最有名的花溪王记牛肉粉值得去吃一下，晚上就住在贵阳市区里第二天还可以去黔灵山看吗喽拜佛吃斋饭
208375934800,1450486354,贵州9地市完整版-贵阳、毕节、六盘水、黔南、黔西南、黔东南、遵义、铜仁、安顺,https://www.bilibili.com/video/av1450486354,开***行,网***堆,,未知,2024-02-16 20:54,2024,11,2,5.83,避坑预警/痛点吐槽,-1.0,交通自驾与行程路况,山路弯道与自驾难度,交通自驾与行程路况,山路弯道与自驾难度,镇远古城/舞阳河,镇远古城/舞阳河,去过高过河，价格不高也没有啥套路，感觉很值啊，不知道跟杉木河比咋样
253508441089,1450486354,贵州9地市完整版-贵阳、毕节、六盘水、黔南、黔西南、黔东南、遵义、铜仁、安顺,https://www.bilibili.com/video/av1450486354,开***行,h***d,,未知,2025-02-02 10:35,2025,13,1,5.65,客观探讨/咨询互动,0.0,自然风光与气候避暑 | 住宿价格与酒店民宿 | 安全防范与避坑预警,喀斯特溶洞地质奇观 | 位置偏远与接驳不便 | 水上漂流与徒步涉水安全,自然风光与气候避暑,喀斯特溶洞地质奇观,织金洞,织金洞,看了视频后去的，双河溶洞探险，溶洞看过太多所以只选择了探险，根据客服推送的导航，到了一个村儿，叫什么基地，没有旅游景点的面貌，就是村里的一个铺面，门口摆了一大排祭奠的花圈[抠鼻]，旁边有个厕所，外表装修现代化，里面不开灯，进去后借助微弱的光线一看，屎都蹦出来了，过道上星星点点的屎，便池里也满了，这里因人而异，有的吓得往外跑，有的淡然处之。进洞后就是攀岩，有保护措施，不会让你彻底掉下去，最多短暂的掉落一两米，死亡的可能性不大，但摔骨折很轻松，皮肤擦伤是大概率，有头盔，包裹住了头顶部位。如果你是一个出了被窝进被窝的人，你手臂没有力量你在上面会有支撑不住了的感受，休息的挂钩也不好挂，还有人催你快点，能爬上去完全是求生欲激发了你的斗志，是被硬生生吓上去的[呲牙]，如果你是肌肉发达身轻如燕的人，那么这个就显得太简单了。
208402788448,1450486354,贵州9地市完整版-贵阳、毕节、六盘水、黔南、黔西南、黔东南、遵义、铜仁、安顺,https://www.bilibili.com/video/av1450486354,开***行,i***周,,未知,2024-02-16 23:37,2024,13,1,5.65,强力种草/惊艳好评,2.0,综合旅游体验与漫游杂谈,全省概览/多景点串联游记,综合旅游体验与漫游杂谈,全省概览/多景点串联游记,西江千户苗寨 | 肇兴侗寨/加榜梯田,西江千户苗寨,喜欢田园风光和民族寨子的，推荐肇兴侗寨+堂安梯田，规模没有西江那么大，但商业化程度适中，公共交通过去也还算便利。
208536430688,1450486354,贵州9地市完整版-贵阳、毕节、六盘水、黔南、黔西南、黔东南、遵义、铜仁、安顺,https://www.bilibili.com/video/av1450486354,开***行,鸠*,,未知,2024-02-17 20:47,2024,10,3,5.98,避坑预警/痛点吐槽,-1.0,自然风光与气候避暑,瀑布水景视觉震撼,自然风光与气候避暑,瀑布水景视觉震撼,贵州全域/综合,贵州全域/综合,贵州感觉适合喜欢探险爬山的人去，如果很喜欢瀑布也挺适合。如果不喜欢动来动去的，那就不建议来。我浙江的室友来心肺能力得到很大改善。。。。
208442231984,1450486354,贵州9地市完整版-贵阳、毕节、六盘水、黔南、黔西南、黔东南、遵义、铜仁、安顺,https://www.bilibili.com/video/av1450486354,开***行,上***干,,未知,2024-02-17 09:52,2024,12,5,6.64,客观探讨/咨询互动,0.0,综合旅游体验与漫游杂谈,全省概览/多景点串联游记,综合旅游体验与漫游杂谈,全省概览/多景点串联游记,西江千户苗寨 | 肇兴侗寨/加榜梯田,西江千户苗寨,肇兴侗寨比西江苗寨好很多
281771923201,115621224255987,这个贵州五线小城，凭什么是中国“吃商”最高的城市？,https://www.bilibili.com/video/av115621224255987,盗***记,小***碧,,未知,2025-11-27 19:50,2025,66,0,7.31,客观探讨/咨询互动,0.0,餐饮美食与特色体验,特色小吃与夜市文化,餐饮美食与特色体验,特色小吃与夜市文化,贵州全域/综合,贵州全域/综合,回复 @荷包肉拌饭 :坐在车上，是看不到下面的。只能平视周围的山。
281826216977,115621224255987,这个贵州五线小城，凭什么是中国“吃商”最高的城市？,https://www.bilibili.com/video/av115621224255987,盗***记,江***橙,,未知,2025-11-28 12:47,2025,115,0,8.13,客观探讨/咨询互动,0.0,自然风光与气候避暑,瀑布水景视觉震撼,自然风光与气候避暑,瀑布水景视觉震撼,贵州全域/综合,贵州全域/综合,抽座山发来[doge]
281830876753,115621224255987,这个贵州五线小城，凭什么是中国“吃商”最高的城市？,https://www.bilibili.com/video/av115621224255987,盗***记,盗***记,,未知,2025-11-28 13:47,2025,113,0,8.1,客观探讨/咨询互动,0.0,综合旅游体验与漫游杂谈,全省概览/多景点串联游记,综合旅游体验与漫游杂谈,全省概览/多景点串联游记,贵州全域/综合,贵州全域/综合,抓抓～
282039829681,115621224255987,这个贵州五线小城，凭什么是中国“吃商”最高的城市？,https://www.bilibili.com/video/av115621224255987,盗***记,i***l,,未知,2025-11-30 15:22,2025,42,0,6.64,客观探讨/咨询互动,0.0,餐饮美食与特色体验,特色小吃与夜市文化,餐饮美食与特色体验,特色小吃与夜市文化,贵州全域/综合,贵州全域/综合,收藏了，下次有机会去吃
282052069057,115621224255987,这个贵州五线小城，凭什么是中国“吃商”最高的城市？,https://www.bilibili.com/video/av115621224255987,盗***记,罪***家,,未知,2025-11-30 17:44,2025,190,0,8.88,客观探讨/咨询互动,0.0,综合旅游体验与漫游杂谈,全省概览/多景点串联游记,综合旅游体验与漫游杂谈,全省概览/多景点串联游记,贵州全域/综合,贵州全域/综合,谢谢兄弟，半夜打这些不会馋得想家么
281775056993,115621224255987,这个贵州五线小城，凭什么是中国“吃商”最高的城市？,https://www.bilibili.com/video/av115621224255987,盗***记,Z***咚,,未知,2025-11-27 20:26,2025,264,0,9.37,客观探讨/咨询互动,0.0,综合旅游体验与漫游杂谈,全省概览/多景点串联游记,综合旅游体验与漫游杂谈,全省概览/多景点串联游记,贵州全域/综合,贵州全域/综合,好长时间没看到盗月社推送了，是不是因为你这句话我看到了
283677760544,115621224255987,这个贵州五线小城，凭什么是中国“吃商”最高的城市？,https://www.bilibili.com/video/av115621224255987,盗***记,银***子,,未知,2025-11-27 21:41,2025,59,0,7.14,客观探讨/咨询互动,0.0,餐饮美食与特色体验,特色小吃与夜市文化,餐饮美食与特色体验,特色小吃与夜市文化,贵州全域/综合,贵州全域/综合,对对我也这么觉得，又有美食又有人间烟火。
281805272401,115621224255987,这个贵州五线小城，凭什么是中国“吃商”最高的城市？,https://www.bilibili.com/video/av115621224255987,盗***记,我***3,,未知,2025-11-28 06:12,2025,817,0,11.06,客观探讨/咨询互动,0.0,餐饮美食与特色体验,特色小吃与夜市文化,餐饮美食与特色体验,特色小吃与夜市文化,贵州全域/综合,贵州全域/综合,这期视频做的稍微认真了点。重心回归美食，而不是动不动上价值
283706986416,115621224255987,这个贵州五线小城，凭什么是中国“吃商”最高的城市？,https://www.bilibili.com/video/av115621224255987,盗***记,森***I,,未知,2025-11-28 08:50,2025,85,0,7.68,客观探讨/咨询互动,0.0,综合旅游体验与漫游杂谈,全省概览/多景点串联游记,综合旅游体验与漫游杂谈,全省概览/多景点串联游记,贵州全域/综合,贵州全域/综合,对的对的对的！感觉就是几年前的风味，人间烟火，默默的温暖就传递来了[脱单doge]
283714270896,115621224255987,这个贵州五线小城，凭什么是中国“吃商”最高的城市？,https://www.bilibili.com/video/av115621224255987,盗***记,_***e,,未知,2025-11-28 10:46,2025,11,0,4.73,客观探讨/咨询互动,0.0,交通自驾与行程路况,山路弯道与自驾难度,交通自驾与行程路况,山路弯道与自驾难度,贵州全域/综合,贵州全域/综合,这种感觉开头就对味了
281829311137,115621224255987,这个贵州五线小城，凭什么是中国“吃商”最高的城市？,https://www.bilibili.com/video/av115621224255987,盗***记,多***君,,未知,2025-11-28 13:24,2025,12,0,4.85,客观探讨/咨询互动,0.0,综合旅游体验与漫游杂谈,全省概览/多景点串联游记,综合旅游体验与漫游杂谈,全省概览/多景点串联游记,贵州全域/综合,贵州全域/综合,还是网易严选甲方好。
281769222177,115621224255987,这个贵州五线小城，凭什么是中国“吃商”最高的城市？,https://www.bilibili.com/video/av115621224255987,盗***记,盗***记,,未知,2025-11-27 19:20,2025,370,0,9.87,客观探讨/咨询互动,0.0,餐饮美食与特色体验,特色小吃与夜市文化,餐饮美食与特色体验,特色小吃与夜市文化,贵州全域/综合,贵州全域/综合,谢谢你 暂停侠[辣眼睛]
283665295056,115621224255987,这个贵州五线小城，凭什么是中国“吃商”最高的城市？,https://www.bilibili.com/video/av115621224255987,盗***记,m***7,,未知,2025-11-27 19:26,2025,16,0,5.25,客观探讨/咨询互动,0.0,综合旅游体验与漫游杂谈,全省概览/多景点串联游记,综合旅游体验与漫游杂谈,全省概览/多景点串联游记,贵州全域/综合,贵州全域/综合,回复 @盗月社食遇记 :哈哈哈哈哈哈哈哈哈哈哈哈奖励说了，惩罚呢？
283666326880,115621224255987,这个贵州五线小城，凭什么是中国“吃商”最高的城市？,https://www.bilibili.com/video/av115621224255987,盗***记,时***流,,未知,2025-11-27 19:37,2025,22,0,5.7,客观探讨/咨询互动,0.0,综合旅游体验与漫游杂谈,全省概览/多景点串联游记,综合旅游体验与漫游杂谈,全省概览/多景点串联游记,贵州全域/综合,贵州全域/综合,私人订制
283663256464,115621224255987,这个贵州五线小城，凭什么是中国“吃商”最高的城市？,https://www.bilibili.com/video/av115621224255987,盗***记,我***天,,未知,2025-11-27 19:04,2025,204,0,8.98,客观探讨/咨询互动,0.0,综合旅游体验与漫游杂谈,全省概览/多景点串联游记,综合旅游体验与漫游杂谈,全省概览/多景点串联游记,贵州全域/综合,贵州全域/综合,？卖相很好
281767645937,115621224255987,这个贵州五线小城，凭什么是中国“吃商”最高的城市？,https://www.bilibili.com/video/av115621224255987,盗***记,空***嚣,,未知,2025-11-27 19:04,2025,535,0,10.43,客观探讨/咨询互动,0.0,综合旅游体验与漫游杂谈,全省概览/多景点串联游记,综合旅游体验与漫游杂谈,全省概览/多景点串联游记,贵州全域/综合,贵州全域/综合,克苏鲁的克？[doge]
283663474912,115621224255987,这个贵州五线小城，凭什么是中国“吃商”最高的城市？,https://www.bilibili.com/video/av115621224255987,盗***记,叽***8,,未知,2025-11-27 19:06,2025,17,0,5.34,客观探讨/咨询互动,0.0,综合旅游体验与漫游杂谈,全省概览/多景点串联游记,综合旅游体验与漫游杂谈,全省概览/多景点串联游记,贵州全域/综合,贵州全域/综合,@大家的养分 养分老师复刻一下！
283664307632,115621224255987,这个贵州五线小城，凭什么是中国“吃商”最高的城市？,https://www.bilibili.com/video/av115621224255987,盗***记,q***7,,未知,2025-11-27 19:15,2025,23,0,5.77,客观探讨/咨询互动,0.0,餐饮美食与特色体验,特色小吃与夜市文化,餐饮美食与特色体验,特色小吃与夜市文化,贵州全域/综合,贵州全域/综合,这个克家菜是不是叫“克苏鲁的呼唤”？
281771175233,115621224255987,这个贵州五线小城，凭什么是中国“吃商”最高的城市？,https://www.bilibili.com/video/av115621224255987,盗***记,盗***记,,未知,2025-11-27 19:43,2025,115,0,8.13,客观探讨/咨询互动,0.0,综合旅游体验与漫游杂谈,全省概览/多景点串联游记,综合旅游体验与漫游杂谈,全省概览/多景点串联游记,贵州全域/综合,贵州全域/综合,每一座桥背后都是一个个了不起的人们[爱心]
281780043025,115621224255987,这个贵州五线小城，凭什么是中国“吃商”最高的城市？,https://www.bilibili.com/video/av115621224255987,盗***记,小***o,,未知,2025-11-27 21:24,2025,97,0,7.88,客观探讨/咨询互动,0.0,交通自驾与行程路况,山路弯道与自驾难度,交通自驾与行程路况,山路弯道与自驾难度,贵州全域/综合,贵州全域/综合,贵州有125万座大山  通过几代人的努力打破层层壁垒 见山开山 见水拉桥 只为让世界看到贵州  感谢你的父亲 很了不起的人  欢迎你到贵州玩 走一走贵州的路和桥   希望这片土地能让你和父亲多一份羁绊和共鸣
281819999937,115621224255987,这个贵州五线小城，凭什么是中国“吃商”最高的城市？,https://www.bilibili.com/video/av115621224255987,盗***记,彩***儿,,未知,2025-11-28 11:33,2025,23,0,5.77,客观探讨/咨询互动,0.0,综合旅游体验与漫游杂谈,全省概览/多景点串联游记,综合旅游体验与漫游杂谈,全省概览/多景点串联游记,贵州全域/综合,贵州全域/综合,他对你的缺席，成就了千千万万个的相聚[爱心]
283685666752,115621224255987,这个贵州五线小城，凭什么是中国“吃商”最高的城市？,https://www.bilibili.com/video/av115621224255987,盗***记,夜***s,,未知,2025-11-27 23:08,2025,815,0,11.06,强力种草/惊艳好评,1.0,自然风光与气候避暑,夏季清凉避暑体验,自然风光与气候避暑,夏季清凉避暑体验,贵州全域/综合,贵州全域/综合,其实不太合适，天气冷，还容易有冻雨，建议清明以后再去天气会舒服很多。不过这两年气候变化蛮大的，说不定你去的那两天不下雨[喜极而泣]
281789540017,115621224255987,这个贵州五线小城，凭什么是中国“吃商”最高的城市？,https://www.bilibili.com/video/av115621224255987,盗***记,幻***否,,未知,2025-11-27 23:09,2025,28,0,6.05,客观探讨/咨询互动,0.0,餐饮美食与特色体验,特色小吃与夜市文化,餐饮美食与特色体验,特色小吃与夜市文化,贵州全域/综合,贵州全域/综合,合适的，但是主要是吃
281790030401,115621224255987,这个贵州五线小城，凭什么是中国“吃商”最高的城市？,https://www.bilibili.com/video/av115621224255987,盗***记,喧***近,,未知,2025-11-27 23:14,2025,335,0,9.73,客观探讨/咨询互动,0.0,餐饮美食与特色体验,特色小吃与夜市文化,餐饮美食与特色体验,特色小吃与夜市文化,贵州全域/综合,贵州全域/综合,吃东西可以，但是真不适合玩，湿冷得很，而且容易下冻雨，高速动不动就封路了，哪都去不成[笑哭]
283686772160,115621224255987,这个贵州五线小城，凭什么是中国“吃商”最高的城市？,https://www.bilibili.com/video/av115621224255987,盗***记,头***太,,未知,2025-11-27 23:20,2025,34,0,6.33,客观探讨/咨询互动,0.0,餐饮美食与特色体验,酸汤系列与特色火锅,餐饮美食与特色体验,酸汤系列与特色火锅,贵州全域/综合,贵州全域/综合,过年我都呆家里不想出门的，湿冷湿冷的，但是出去吃个酸汤或豆米火锅是真的爽
283689803584,115621224255987,这个贵州五线小城，凭什么是中国“吃商”最高的城市？,https://www.bilibili.com/video/av115621224255987,盗***记,辣***解,,未知,2025-11-27 23:55,2025,34,0,6.33,客观探讨/咨询互动,0.0,餐饮美食与特色体验,特色小吃与夜市文化,餐饮美食与特色体验,特色小吃与夜市文化,贵阳市区/黔灵山,贵阳市区/黔灵山,过年？过年很少有店家开门…以前的贵阳很多店甚至要到 大年十五才开店
281793755329,115621224255987,这个贵州五线小城，凭什么是中国“吃商”最高的城市？,https://www.bilibili.com/video/av115621224255987,盗***记,R***1,,未知,2025-11-27 23:59,2025,50,0,6.9,避坑预警/痛点吐槽,-1.0,自然风光与气候避暑,瀑布水景视觉震撼,自然风光与气候避暑,瀑布水景视觉震撼,贵州全域/综合,贵州全域/综合,过年别来啊…冷的批爆还没有太阳[妙啊]我有一年寒假，就在贵州见了两天太阳。冬天还得去华南f3，暖和、阳光明媚
283690848864,115621224255987,这个贵州五线小城，凭什么是中国“吃商”最高的城市？,https://www.bilibili.com/video/av115621224255987,盗***记,_***_,,未知,2025-11-28 00:08,2025,15,0,5.16,客观探讨/咨询互动,0.0,餐饮美食与特色体验,特色小吃与夜市文化,餐饮美食与特色体验,特色小吃与夜市文化,贵州全域/综合,贵州全域/综合,再就是安顺过年其实很挤我感觉[微笑][微笑][微笑]在外务工回来的太多了 他们买土豆饼那条街全是人 超级多[辣眼睛][辣眼睛][辣眼睛]去年过年给我挤得不想出门[辣眼睛]
283715190384,115621224255987,这个贵州五线小城，凭什么是中国“吃商”最高的城市？,https://www.bilibili.com/video/av115621224255987,盗***记,内***比,,未知,2025-11-28 10:59,2025,98,0,7.89,强力种草/惊艳好评,2.0,餐饮美食与特色体验,酸汤系列与特色火锅 | 特色小吃与夜市文化,餐饮美食与特色体验,酸汤系列与特色火锅,贵州全域/综合,贵州全域/综合,真的很好吃，推荐豆汤圆子火锅，莆田麻辣牛肉，烙锅，一大堆好吃的[偷笑]
283721642576,115621224255987,这个贵州五线小城，凭什么是中国“吃商”最高的城市？,https://www.bilibili.com/video/av115621224255987,盗***记,内***比,,未知,2025-11-28 12:19,2025,20,0,5.57,客观探讨/咨询互动,0.0,餐饮美食与特色体验,特色小吃与夜市文化,餐饮美食与特色体验,特色小吃与夜市文化,贵州全域/综合,贵州全域/综合,回复 @船长梦话储存瓶 :家长滤镜啊，呼伦贝尔牛羊肉和东北菜[doge]
294109569537,116287783182165,我劝你，先看完这条再决定去不去贵州，全网最详细贵州旅游攻略和避坑指南！,https://www.bilibili.com/video/av116287783182165,冉***-,冉***-,,未知,2026-03-25 14:07,2026,47,2,7.91,实战攻略/避坑技巧,0.2,交通自驾与行程路况,山路弯道与自驾难度,交通自驾与行程路况,山路弯道与自驾难度,贵州全域/综合,贵州全域/综合,我是冉冉，一个干了12年的文旅人，专门规划云贵川线路，希望这期视频能给想去贵州的你一个专业建议，不仅贵州，全国各地都有了解，想出发还是想私人定制都可以联系我！戳我 https://b23.tv/cm-cmt-1-1W0sk
296751153696,116287783182165,我劝你，先看完这条再决定去不去贵州，全网最详细贵州旅游攻略和避坑指南！,https://www.bilibili.com/video/av116287783182165,冉***-,c***水,,未知,2026-03-26 20:09,2026,263,75,13.69,避坑预警/痛点吐槽,-1.0,交通自驾与行程路况,山路弯道与自驾难度 | 景点分散与长途拉车疲劳,交通自驾与行程路况,山路弯道与自驾难度,西江千户苗寨,西江千户苗寨,来贵州最好自驾，或者来贵州租车，景点多但是分散，而且很多景区交通不是很方便，避雷西江千户苗寨就行[笑哭]
297168164336,116287783182165,我劝你，先看完这条再决定去不去贵州，全网最详细贵州旅游攻略和避坑指南！,https://www.bilibili.com/video/av116287783182165,冉***-,㡣***㡣,,未知,2026-03-30 16:26,2026,116,29,11.54,避坑预警/痛点吐槽,-1.0,自然风光与气候避暑 | 餐饮美食与特色体验 | 交通自驾与行程路况 | 安全防范与避坑预警,瀑布水景视觉震撼 | 特色小吃与夜市文化 | 折耳根与口味适应度 | 山路弯道与自驾难度 | 水上漂流与徒步涉水安全,自然风光与气候避暑,瀑布水景视觉震撼,黄果树瀑布 | 贵阳市区/黔灵山 | 阿西里西韭菜坪/百里杜鹃,黄果树瀑布,"贵州23年土著給外地朋友一个建议——贵州最好看的地方我觉得就是路上，你把贵州当成一个很大的景区，路上那些不经意的花花草草山山水水可能就是最好看的地方。所以体验最好的方式就是自驾，或是说开小车走。但是，贵州的路况，不建议外地朋友过来开车，驾驶习惯和外地尤其平原地区差别很大的，大车还多（走高速的时候尤其是沪昆高速，沪昆高速是贵州连接东西的干线）。吃的感觉相比看的玩的多太多了，没有时间在贵阳都能找到。贵阳辣子鸡啊，肠旺面啊，宫爆菜啊，铁签烤肉啊，干锅牛肉啊，羊肉粉啊，多求得很。
现在花期就是看看百里杜鹃平坝樱花，天热起来就可以看看黄果树瀑布啊再去高其他搞点漂流啊。有什么想问的可以问我，欢迎大家来我们贵州哈[粉红兔子恋与篇_加油]"
294439555809,116287783182165,我劝你，先看完这条再决定去不去贵州，全网最详细贵州旅游攻略和避坑指南！,https://www.bilibili.com/video/av116287783182165,冉***-,果***了,,未知,2026-03-28 20:44,2026,53,14,9.69,强力种草/惊艳好评,3.0,餐饮美食与特色体验,特色小吃与夜市文化,餐饮美食与特色体验,特色小吃与夜市文化,贵州全域/综合,贵州全域/综合,贵州其实真没啥好玩的，还经常下雨。但你要是换个思路，来吃美食，那就安逸咯，贵州的小吃，只要你能吃点辣，保证顿顿都吃得舒舒服服的
294640518833,116287783182165,我劝你，先看完这条再决定去不去贵州，全网最详细贵州旅游攻略和避坑指南！,https://www.bilibili.com/video/av116287783182165,冉***-,帝***曲,,未知,2026-03-30 19:25,2026,48,6,8.78,强力种草/惊艳好评,2.0,自然风光与气候避暑 | 交通自驾与行程路况,瀑布水景视觉震撼 | 喀斯特溶洞地质奇观 | 高山峡谷与世界级桥梁 | 山路弯道与自驾难度,自然风光与气候避暑,瀑布水景视觉震撼,梵净山 | 贵阳市区/黔灵山 | 织金洞,梵净山,给大家总结一下，作为一个土生土长的贵阳人，告诉你们要来贵州玩，想玩好玩开心，别说旅游团了，没20天以上行程玩个屁，其次什么攻略基本上没用，你得认识当地人不然很多真正的景点你们是玩不到的，只能去看人头。就拿同仁来说，除了梵净山，大峡谷你们还知道什么？不知道了吧！同仁万山的汞矿矿山公园不好玩吗？你们要去看风景那种旅游线路有啥好看的，就在万山找当地人问他们中华山在哪里自己去看看还要当地人带你走茶园小道，一个是少爬山，下山的时候可以走老路会轻松很多。去溶洞玩能不去织金洞？等等很多很多地方又散，最好看自驾。但是话又说回来了自驾吧，反正你们注意别翻沟里就行，平原小伙可以找个当地的随行导游开车，千万别自己开啊。
294213722481,116287783182165,我劝你，先看完这条再决定去不去贵州，全网最详细贵州旅游攻略和避坑指南！,https://www.bilibili.com/video/av116287783182165,冉***-,琼***花,,未知,2026-03-26 16:06,2026,47,28,10.17,客观探讨/咨询互动,0.0,交通自驾与行程路况,山路弯道与自驾难度,交通自驾与行程路况,山路弯道与自驾难度,梵净山,梵净山,铜仁骑自行车一天，诺
295579794817,116287783182165,我劝你，先看完这条再决定去不去贵州，全网最详细贵州旅游攻略和避坑指南！,https://www.bilibili.com/video/av116287783182165,冉***-,纯***星,,未知,2026-04-08 20:02,2026,35,11,8.86,避坑预警/痛点吐槽,-1.0,景区运营与排队管理,核心项目超长排队与拥堵,景区运营与排队管理,核心项目超长排队与拥堵,贵阳市区/黔灵山 | 万峰林/马岭河,贵阳市区/黔灵山,真别来了，到处都是人，贵州真就是到处吃吃吃就行了，景点什么的真没沿途景色好看。。不要放假的时候去那些知名景点，那意味着你可能要在高速出口堵一个小时，进景区还要排两个小时。春假加清明这6天，连万峰林这个没有油菜花的过气景点都堵得水泄不通，我家楼下甲秀楼每天晚上人居然还排队过马路。。连带娃娃餐后散散步现在都成了奢侈。河边人太多。。
294661487393,116287783182165,我劝你，先看完这条再决定去不去贵州，全网最详细贵州旅游攻略和避坑指南！,https://www.bilibili.com/video/av116287783182165,冉***-,种***菇,,未知,2026-03-30 22:49,2026,35,8,8.57,客观探讨/咨询互动,0.0,餐饮美食与特色体验,特色小吃与夜市文化,餐饮美食与特色体验,特色小吃与夜市文化,万峰林/马岭河,万峰林/马岭河,去万峰林看油菜花吧[响指]
296695925744,116287783182165,我劝你，先看完这条再决定去不去贵州，全网最详细贵州旅游攻略和避坑指南！,https://www.bilibili.com/video/av116287783182165,冉***-,u***6,,未知,2026-03-26 09:31,2026,31,3,7.58,强力种草/惊艳好评,1.0,自然风光与气候避暑,瀑布水景视觉震撼,自然风光与气候避暑,瀑布水景视觉震撼,贵州全域/综合,贵州全域/综合,贵州的花季确实可以，但是这个时间段贵州的天气也不是很好，一般是阴天或者下毛毛雨没有蓝天白云。我个人觉得好玩还是在5月份以后10月份以前
294123984497,116287783182165,我劝你，先看完这条再决定去不去贵州，全网最详细贵州旅游攻略和避坑指南！,https://www.bilibili.com/video/av116287783182165,冉***-,泡***点,,未知,2026-03-25 17:20,2026,30,1,6.84,客观探讨/咨询互动,0.0,自然风光与气候避暑,喀斯特溶洞地质奇观,自然风光与气候避暑,喀斯特溶洞地质奇观,织金洞,织金洞,有一说一，如果只论山水和溶洞，游过贵州后可以排除全国大部分地区了。
294535843825,116287783182165,我劝你，先看完这条再决定去不去贵州，全网最详细贵州旅游攻略和避坑指南！,https://www.bilibili.com/video/av116287783182165,冉***-,不***称,,未知,2026-03-29 18:15,2026,27,8,8.2,客观探讨/咨询互动,0.0,综合旅游体验与漫游杂谈,全省概览/多景点串联游记,综合旅游体验与漫游杂谈,全省概览/多景点串联游记,西江千户苗寨,西江千户苗寨,千户苗寨不要去了，就是一个商业化的镇，没啥看头，你有可能在那里买的小商品说不定是义务批发过来的，
294506049969,116287783182165,我劝你，先看完这条再决定去不去贵州，全网最详细贵州旅游攻略和避坑指南！,https://www.bilibili.com/video/av116287783182165,冉***-,绫***岚,,未知,2026-03-29 13:04,2026,27,0,6.0,强力种草/惊艳好评,3.0,自然风光与气候避暑 | 餐饮美食与特色体验 | 交通自驾与行程路况 | 景区运营与排队管理 | 安全防范与避坑预警 | 消费预算与综合性价比,瀑布水景视觉震撼 | 高山峡谷与世界级桥梁 | 酸汤系列与特色火锅 | 特色小吃与夜市文化 | 折耳根与口味适应度 | 山路弯道与自驾难度 | 包车打车与出租车避坑 | 高铁大巴换乘与班次衔接 | 大门外移与强制观光车 | 核心项目超长排队与拥堵 | 水上漂流与徒步涉水安全 | 高性价比与平民消费好评,自然风光与气候避暑,瀑布水景视觉震撼,黄果树瀑布 | 西江千户苗寨 | 梵净山 | 贵阳市区/黔灵山 | 织金洞,黄果树瀑布,作为一个土生土长贵阳人，我的朋友和客户基本都是外省，尤其北方为主(绝大部分是北京)。给所有外省的朋友几个最重要的建议！美食：第一必须有最低最基本的辣椒适应能力！只要能吃外地川菜馆(比如北京的)的微辣，就可以！你能喜欢贵州80%的美食。能吃四川微辣火锅的程度，你会爱上贵州美食。折耳根不是必须的选项，但你能吃折耳根，就会爱死贵州美食。标准广东人的吃辣就别来了，你找不到什么好吃的！第二，住宿！贵阳的住宿其实不贵，就是旺季也不贵！你网上软件看看就找的到便宜，性价比高的。但你非要在很小的范围，或按什么网红攻略去找高铁站周边500米，景区门口的，旺季高价那也没办法！第三，交通。绝对不建议，重没开或西南地区的人自驾游！这是核心的！当然你能自驾西藏，自驾新疆的人就随意！景区道路是好道路，高速也方便。但景区门口那几百米，或景区非正规的停车场(正规的停的太少)，能要北方的驾驶员老命！个人也不推荐自驾游！贵州景点很散，自驾很费体力。贵州的景点需要沉浸式深入感受才好好！不是打卡拍照那种！所以，绝大部分需要体力是玩，开车并不好，太累。我们自己去玩，都尽量不开车！第四，旅游路线，在贵州玩，找当地旅行团是最优解！但是不要听那种网红或旅游指南的那种攻略！太累，纯打卡拍照。真的体验不到真的贵州旅游的乐趣！人数多一点，只要上10个，所有贵州旅行可以定制路线的。价格是很便宜的。你就要旅行团，包车，景点门票，其他都不要！连饭都不需要。你在景点里还是自己买的。回来到酒店附近，自己找美食就可以了！价格比你自己买便宜的多，旅行团就赚个团购差价钱。这种团，核心就是要去的地点少，时间才充足，这样才能玩的好。比如最经典的，黄果树龙宫天星桥一日游！这个行程太紧，纯打卡。自己玩，10人团只去一个黄果树就够了！你不但可以拍照，还可以去黄果树瀑布后的石道！可以去上游看其它瀑布区！你一天三处，人多旺季时，你只能拍个照片，连去瀑布后面的时间都没有！所以，贵州玩，一天只去一个地点，有的地方需要2天！(比如梵净山)强烈推荐外省区的几个地点。黄果树(一天)织金洞(一天)梵净山(两天)，漂流(一天)。漂流一定要随团！（团很多，天天都有）不随团，南江大峡谷漂流，自己去方便是顶级的。贵阳北站买高铁票到南江站（大概50分钟，早上7点到晚上8点），在高铁站就有南江大峡谷的景区观光车，25分钟拉到景区大门！不推荐：西江苗寨！
294271039329,116287783182165,我劝你，先看完这条再决定去不去贵州，全网最详细贵州旅游攻略和避坑指南！,https://www.bilibili.com/video/av116287783182165,冉***-,酸***的,,未知,2026-03-27 07:16,2026,27,3,7.38,实战攻略/避坑技巧,0.2,自然风光与气候避暑 | 交通自驾与行程路况,瀑布水景视觉震撼 | 高山峡谷与世界级桥梁 | 山路弯道与自驾难度 | 包车打车与出租车避坑 | 高铁大巴换乘与班次衔接,自然风光与气候避暑,瀑布水景视觉震撼,贵州全域/综合,贵州全域/综合,山里这段时间风景还是不错的，早上可以看云海。但是除了云贵川渝的师傅，就不要自驾了，路弯弯还是大的。其实去每个地方差不多都是有班车的，只不过没有自驾那么方便随时能走而已。
296633039616,116287783182165,我劝你，先看完这条再决定去不去贵州，全网最详细贵州旅游攻略和避坑指南！,https://www.bilibili.com/video/av116287783182165,冉***-,洛***鸭,,未知,2026-03-25 17:34,2026,25,18,8.83,避坑预警/痛点吐槽,-1.0,安全防范与避坑预警,野导游与路边揽客套路,安全防范与避坑预警,野导游与路边揽客套路,贵州全域/综合,贵州全域/综合,报过低价团......购物花了2w，一直带我们去购物.，无语死了
294768554913,116287783182165,我劝你，先看完这条再决定去不去贵州，全网最详细贵州旅游攻略和避坑指南！,https://www.bilibili.com/video/av116287783182165,冉***-,琼***花,,未知,2026-04-01 00:22,2026,24,2,6.93,客观探讨/咨询互动,0.0,综合旅游体验与漫游杂谈,全省概览/多景点串联游记,综合旅游体验与漫游杂谈,全省概览/多景点串联游记,贵州全域/综合,贵州全域/综合,厕所门口长这样
296995786512,116287783182165,我劝你，先看完这条再决定去不去贵州，全网最详细贵州旅游攻略和避坑指南！,https://www.bilibili.com/video/av116287783182165,冉***-,爱***风,,未知,2026-03-29 00:36,2026,22,4,7.31,客观探讨/咨询互动,0.0,综合旅游体验与漫游杂谈,全省概览/多景点串联游记,综合旅游体验与漫游杂谈,全省概览/多景点串联游记,贵州全域/综合,贵州全域/综合,[脱单doge]
294178548289,116287783182165,我劝你，先看完这条再决定去不去贵州，全网最详细贵州旅游攻略和避坑指南！,https://www.bilibili.com/video/av116287783182165,冉***-,皮***1,,未知,2026-03-26 07:42,2026,21,3,7.02,客观探讨/咨询互动,0.0,餐饮美食与特色体验,特色小吃与夜市文化,餐饮美食与特色体验,特色小吃与夜市文化,贵州全域/综合,贵州全域/综合,[吃瓜][吃瓜]去贵州最好一个人去，带父母去可能会很扫兴，带孩子去你根本没时间，带老婆去她会说好累
296631345232,116287783182165,我劝你，先看完这条再决定去不去贵州，全网最详细贵州旅游攻略和避坑指南！,https://www.bilibili.com/video/av116287783182165,冉***-,来***米,,未知,2026-03-25 17:15,2026,17,1,6.03,实战攻略/避坑技巧,0.2,餐饮美食与特色体验,特色小吃与夜市文化 | 折耳根与口味适应度,餐饮美食与特色体验,特色小吃与夜市文化,贵阳市区/黔灵山,贵阳市区/黔灵山,作为本地人，我的看法和up基本一致，外地的朋友完全可以用这个视频进行规划选择，另外提一点，如果没有特定的美食目标，建议就在贵阳吃，下面的地州市特色的很特色正宗，大众口味的不如有一定本地化的贵阳吃食。
297376196384,116287783182165,我劝你，先看完这条再决定去不去贵州，全网最详细贵州旅游攻略和避坑指南！,https://www.bilibili.com/video/av116287783182165,冉***-,拍***人,,未知,2026-04-01 14:55,2026,16,4,6.86,客观探讨/咨询互动,0.0,交通自驾与行程路况,山路弯道与自驾难度,交通自驾与行程路况,山路弯道与自驾难度,贵州全域/综合,贵州全域/综合,我现在报名了这家旅行社的这条线路，会实时更新测评情况，有必要会发布记录视频
297777548160,116287783182165,我劝你，先看完这条再决定去不去贵州，全网最详细贵州旅游攻略和避坑指南！,https://www.bilibili.com/video/av116287783182165,冉***-,麦***闯,,未知,2026-04-05 02:36,2026,15,9,7.46,客观探讨/咨询互动,0.0,自然风光与气候避暑,瀑布水景视觉震撼 | 夏季清凉避暑体验,自然风光与气候避暑,瀑布水景视觉震撼,贵州全域/综合,贵州全域/综合,本地人现身说法，来避暑的还行，吃东西也可以，就是物价也算高，旅游的话，贵州风景很好，但是千万不要在区内买东西，宰人的，
294128703905,116287783182165,我劝你，先看完这条再决定去不去贵州，全网最详细贵州旅游攻略和避坑指南！,https://www.bilibili.com/video/av116287783182165,冉***-,温***香,,未知,2026-03-25 18:12,2026,16,1,5.94,客观探讨/咨询互动,0.0,交通自驾与行程路况,包车打车与出租车避坑,交通自驾与行程路况,包车打车与出租车避坑,贵阳市区/黔灵山,贵阳市区/黔灵山,刚从这个团回来，人还在贵阳就来迫不及待评价，真的玩的非常开心，过程和up说的一摸一样。咱们的导游和司机师傅真的太棒了！真的是温柔细致又周到！没想到刷到了up的视频，支持！！
297838392336,116287783182165,我劝你，先看完这条再决定去不去贵州，全网最详细贵州旅游攻略和避坑指南！,https://www.bilibili.com/video/av116287783182165,冉***-,貓***6,,未知,2026-04-05 16:46,2026,13,1,5.65,避坑预警/痛点吐槽,-3.0,自然风光与气候避暑 | 住宿价格与酒店民宿 | 消费预算与综合性价比,瀑布水景视觉震撼 | 旺季节假日价格暴涨 | 高性价比与平民消费好评,自然风光与气候避暑,瀑布水景视觉震撼,贵州全域/综合,贵州全域/综合,不值得，我反正去过了，吃的挺好，住的也便宜，风景真的美，你们千万别去，别给我去涨价了，害我以后去物价上涨[doge][doge][doge]
294670482049,116287783182165,我劝你，先看完这条再决定去不去贵州，全网最详细贵州旅游攻略和避坑指南！,https://www.bilibili.com/video/av116287783182165,冉***-,南***y,,未知,2026-03-31 00:22,2026,12,0,4.85,避坑预警/痛点吐槽,-1.0,自然风光与气候避暑 | 餐饮美食与特色体验 | 交通自驾与行程路况 | 景区运营与排队管理,瀑布水景视觉震撼 | 特色小吃与夜市文化 | 折耳根与口味适应度 | 山路弯道与自驾难度 | 核心项目超长排队与拥堵,自然风光与气候避暑,瀑布水景视觉震撼,贵州全域/综合,贵州全域/综合,作为一个贵州女婿，属于常去类型！现身说法，贵州旅游绝对是一顶一的，物价和风景以及游玩体验都很好（最好有本地朋友[笑哭]有些东西宰的很）。说两句大家最关心的问题，自驾，我老婆家在贵州西南位置，贴近云南哈。贵州有一个最大的问题就是你不懂路的人，特别是导航去的话，很容易开进“必经”小路，这里打双引号。然后就是堵车堵车再堵车！因为我都是春节去，所以平时什么情况大家自己分析，应该是不怎么堵！不过大家能去旅游的时间点应该都是节假日，这就不多赘述了！贵州最值得你去的地方，一定是美食，是辣椒的多元化发展，香而不辣，又香又辣，贵州的辣椒制品一定不会让你们失望[蹲蹲]PS：ip闽东，从小不吃辣的地方都能吃的爽翻，除了有点咸[蹲蹲]
294579102881,116287783182165,我劝你，先看完这条再决定去不去贵州，全网最详细贵州旅游攻略和避坑指南！,https://www.bilibili.com/video/av116287783182165,冉***-,火***g,,未知,2026-03-30 01:59,2026,14,0,5.06,客观探讨/咨询互动,0.0,餐饮美食与特色体验,特色小吃与夜市文化,餐饮美食与特色体验,特色小吃与夜市文化,贵阳市区/黔灵山,贵阳市区/黔灵山,四大美食之都贵阳
300390398433,116287783182165,我劝你，先看完这条再决定去不去贵州，全网最详细贵州旅游攻略和避坑指南！,https://www.bilibili.com/video/av116287783182165,冉***-,努***友,,未知,2026-05-23 22:27,2026,11,6,6.67,强力种草/惊艳好评,3.0,自然风光与气候避暑 | 商业化程度与民俗真实感,瀑布水景视觉震撼 | 高山峡谷与世界级桥梁 | 民俗表演与人文真实互动,自然风光与气候避暑,瀑布水景视觉震撼,万峰林/马岭河 | 阿西里西韭菜坪/百里杜鹃,万峰林/马岭河,来黔西南可以找我，本地人，爱吃爱玩，你想要玩的东西，想看的风景，还有本地人真二八经的推荐，不是某书，某音，总之，没有乱七八糟的推荐，来这边，松弛就对了。还有啊，如果来贵州，千万别想着想学习什么，体验为主最好，我也是做旅游几年了的，说句实话，贵州？除了喀斯特，少数民族非遗，还有啥？这两东西网上学不到？来玩就对了，来放肆就对了，来感受就对了。学个屁[doge][doge][doge]。峡谷？不给你下水玩个屁？瀑布，淋都不淋，看个屁，不淋过。你出片的感觉都不一样。民宿？要住就要住小众出片的，我反正对所有接待的客人就一句话，来这里就是玩的。和我吹牛得行，要和我聊文化，我只能和您说一些我作为本地人，作为文旅人会的。但是作为朋友，我还是希望你能够体验好，回去才觉得不虚此行，贵州，好玩[大笑]
296988622912,116287783182165,我劝你，先看完这条再决定去不去贵州，全网最详细贵州旅游攻略和避坑指南！,https://www.bilibili.com/video/av116287783182165,冉***-,兜***粑,,未知,2026-03-28 23:24,2026,11,1,5.42,强力种草/惊艳好评,1.0,自然风光与气候避暑 | 餐饮美食与特色体验,高山峡谷与世界级桥梁 | 特色小吃与夜市文化,自然风光与气候避暑,高山峡谷与世界级桥梁,荔波小七孔 | 织金洞 | 万峰林/马岭河 | 遵义红色胜地/赤水 | 阿西里西韭菜坪/百里杜鹃 | 六盘水凉都/乌蒙大草原,荔波小七孔,这几个地方好像离得不近吧。我记得百里杜鹃在毕节，乌江村双河洞是在遵义附近。这条线路跨得挺开的。有没有就近的推荐，比如毕节看杜鹃的就附带织金洞威宁草原或是附近六盘水的玉舍公园乌蒙草原，兴义的就是万峰林马岭河峡谷蘑菇酒店啥的，荔波就是小七孔啥的。最好就近，也可以当地的美食吃个遍。
294691909953,116287783182165,我劝你，先看完这条再决定去不去贵州，全网最详细贵州旅游攻略和避坑指南！,https://www.bilibili.com/video/av116287783182165,冉***-,曲***意,,未知,2026-03-31 10:08,2026,11,4,6.34,客观探讨/咨询互动,0.0,交通自驾与行程路况,山路弯道与自驾难度,交通自驾与行程路况,山路弯道与自驾难度,贵州全域/综合,贵州全域/综合,但是贵州旅游是真的累啊，每个景点之间间隔太远了，一天大半时间都要花在路上。每天在车上起码5-6个小时。
294426064385,116287783182165,我劝你，先看完这条再决定去不去贵州，全网最详细贵州旅游攻略和避坑指南！,https://www.bilibili.com/video/av116287783182165,冉***-,我***风,,未知,2026-03-28 18:38,2026,11,3,6.11,客观探讨/咨询互动,0.0,自然风光与气候避暑,瀑布水景视觉震撼,自然风光与气候避暑,瀑布水景视觉震撼,贵州全域/综合,贵州全域/综合,你们真有钱啊，不用上班天天想着去哪旅游[大哭]
297870927536,116287783182165,我劝你，先看完这条再决定去不去贵州，全网最详细贵州旅游攻略和避坑指南！,https://www.bilibili.com/video/av116287783182165,冉***-,账***销,,未知,2026-04-05 21:22,2026,10,9,6.9,客观探讨/咨询互动,0.0,综合旅游体验与漫游杂谈,全省概览/多景点串联游记,综合旅游体验与漫游杂谈,全省概览/多景点串联游记,贵州全域/综合,贵州全域/综合,家门口
229450634064,1855832929,贵州个别景区令人不适的售票套路和操作丨滚轮·第二季·番外,https://www.bilibili.com/video/av1855832929,兔***窝,真***雨,,未知,2024-07-03 17:50,2024,1292,63,15.91,避坑预警/痛点吐槽,-2.0,景区运营与排队管理,核心项目超长排队与拥堵,景区运营与排队管理,核心项目超长排队与拥堵,贵州全域/综合,贵州全域/综合,身为贵州人，希望都有人多曝光这种事情，这些景区真无语！当然，不只是贵州，希望全国所有景区都不要搞那么多套路！
229237677040,1855832929,贵州个别景区令人不适的售票套路和操作丨滚轮·第二季·番外,https://www.bilibili.com/video/av1855832929,兔***窝,怪***飯,,未知,2024-07-02 12:08,2024,945,26,14.57,客观探讨/咨询互动,0.0,综合旅游体验与漫游杂谈,全省概览/多景点串联游记,综合旅游体验与漫游杂谈,全省概览/多景点串联游记,贵州全域/综合,贵州全域/综合,想说的一大堆，但想想还是算了[笑哭]只能说up说的绝对真实
229506120464,1855832929,贵州个别景区令人不适的售票套路和操作丨滚轮·第二季·番外,https://www.bilibili.com/video/av1855832929,兔***窝,沫***l,,未知,2024-07-03 23:13,2024,966,43,15.1,避坑预警/痛点吐槽,-1.0,景区运营与排队管理,核心项目超长排队与拥堵,景区运营与排队管理,核心项目超长排队与拥堵,贵州全域/综合,贵州全域/综合,景区这么搞也不是不行，对，没犯法。那就别怪别人不选择来你这里玩，贵州文旅拉胯也不是一天两天了，看着评论里解释这解释那的就想笑。支持up主发声[拥抱]
229272365472,1855832929,贵州个别景区令人不适的售票套路和操作丨滚轮·第二季·番外,https://www.bilibili.com/video/av1855832929,兔***窝,苏***诗,,未知,2024-07-02 16:23,2024,571,12,13.09,客观探讨/咨询互动,0.0,餐饮美食与特色体验,特色小吃与夜市文化,餐饮美食与特色体验,特色小吃与夜市文化,贵州全域/综合,贵州全域/综合,有点像视频网站，买了VIP，还有SVIP[吃瓜]
230223893920,1855832929,贵州个别景区令人不适的售票套路和操作丨滚轮·第二季·番外,https://www.bilibili.com/video/av1855832929,兔***窝,鹅***儿,,未知,2024-07-08 00:41,2024,529,43,14.19,避坑预警/痛点吐槽,-1.0,景区运营与排队管理,大门外移与强制观光车,景区运营与排队管理,大门外移与强制观光车,贵州全域/综合,贵州全域/综合,最烦就是那种把景区入口设置很远，逼你坐观光车才能到核心景点。你说你要是像九寨沟那种，景区大，观光车确确实实能方便游客。但是那种明明核心景点没多大，非要搞个观光车就很无语。
230657950528,1855832929,贵州个别景区令人不适的售票套路和操作丨滚轮·第二季·番外,https://www.bilibili.com/video/av1855832929,兔***窝,甜***航,,未知,2024-07-10 14:38,2024,450,8,12.36,客观探讨/咨询互动,0.0,景区运营与排队管理,核心项目超长排队与拥堵,景区运营与排队管理,核心项目超长排队与拥堵,贵州全域/综合,贵州全域/综合,我是支持UP发声的，只有让景区重视甚至到省文旅重视才能真正的整顿好。跟不上时代的，就该淘汰。唯有不断改进，不断革新才能一直发展。
228917056464,1855832929,贵州个别景区令人不适的售票套路和操作丨滚轮·第二季·番外,https://www.bilibili.com/video/av1855832929,兔***窝,j***o,,未知,2024-06-30 14:02,2024,417,5,11.84,强力种草/惊艳好评,2.0,交通自驾与行程路况,山路弯道与自驾难度,交通自驾与行程路况,山路弯道与自驾难度,贵州全域/综合,贵州全域/综合,真的是景好人坏，去这两个地方真的都是路途遥远，景区很大也很值得看。旅游本就是为了精神层面的愉悦，但是不能因为来景区已经花费的沉没成本而继续为其他不想要的东西买单还要被一句“来都来了”所裹挟。所以售前的沟通真的很重要（其他行业也是一样产品再好也会因为前期人为沟通导致人们不买账），如果在门口已经心里不舒服了不去是最好的，因为里面还会有人为造成的坑。
229549102768,1855832929,贵州个别景区令人不适的售票套路和操作丨滚轮·第二季·番外,https://www.bilibili.com/video/av1855832929,兔***窝,吴***8,,未知,2024-07-04 09:21,2024,237,12,11.77,客观探讨/咨询互动,0.0,安全防范与避坑预警,黔灵山猕猴抓咬与抢食抢包,安全防范与避坑预警,黔灵山猕猴抓咬与抢食抢包,贵阳市区/黔灵山,贵阳市区/黔灵山,感谢爆出来，身为本地贵州人，就去过黔灵山看猴子5块钱，你说的这些我都不知道[大笑][大笑][大笑][大笑]
229586036192,1855832929,贵州个别景区令人不适的售票套路和操作丨滚轮·第二季·番外,https://www.bilibili.com/video/av1855832929,兔***窝,惊***胖,,未知,2024-07-04 13:49,2024,196,26,12.22,避坑预警/痛点吐槽,-1.0,景区运营与排队管理,核心项目超长排队与拥堵,景区运营与排队管理,核心项目超长排队与拥堵,贵州全域/综合,贵州全域/综合,好坑…感谢up排雷，对了，那个红枫湖也是这样！门票三十还是四十，进去啥也没有！必须要坐船买船票才能到岛上[笑哭]超级坑！有被坑过！！！这种景点我只想说不要惯着，坚决别去！有一个曝一个！
230331888816,1855832929,贵州个别景区令人不适的售票套路和操作丨滚轮·第二季·番外,https://www.bilibili.com/video/av1855832929,兔***窝,七***a,,未知,2024-07-08 17:57,2024,214,18,12.0,强力种草/惊艳好评,2.0,餐饮美食与特色体验 | 住宿价格与酒店民宿,餐饮价格与隐形消费 | 老字号口碑 vs 网红营销店 | 位置偏远与接驳不便,餐饮美食与特色体验,餐饮价格与隐形消费,贵州全域/综合,贵州全域/综合,作为贵州人，这点我觉得确实没得洗，我自己都能被自家某些景区气到，上次去一个扶贫弄出来的景区，那个大妈乱收费，看人下菜碟，有些人收20，有些人看起来好宰收50（没有学生票，成人票什么的），结果进去以后，就是那种村子，破破烂烂的没有建设好的景区感觉，村里的小孩还特别没有礼貌，真的气死了。贵州文旅是这样拉胯的，所以大家来的话，去去几个大型景区就行了，至少不容易踩雷。（不过我推荐直接市区逛吃，贵州的好吃的真的不错）
230398090800,1855832929,贵州个别景区令人不适的售票套路和操作丨滚轮·第二季·番外,https://www.bilibili.com/video/av1855832929,兔***窝,睡***吗,,未知,2024-07-09 00:21,2024,205,26,12.29,强力种草/惊艳好评,3.0,餐饮美食与特色体验 | 交通自驾与行程路况 | 景区运营与排队管理 | 住宿价格与酒店民宿 | 安全防范与避坑预警 | 消费预算与综合性价比,特色小吃与夜市文化 | 景点分散与长途拉车疲劳 | 大门外移与强制观光车 | 景中景与二次收费/套票陷阱 | 景区内住宿 vs 市区中转选择 | 黔灵山猕猴抓咬与抢食抢包 | 高性价比与平民消费好评,餐饮美食与特色体验,特色小吃与夜市文化,黄果树瀑布 | 荔波小七孔 | 贵阳市区/黔灵山,黄果树瀑布,贵州人真的对贵州景区无语，门票贵的要死，还远，交通搞的很不方便，所以要买景区摆渡车，今年刚去玩，总结下来，真想玩，最好淡季来，然后就住景区门口，淡季酒店很便宜，住两天也很划算，一般票是可以看两三天的，连着去看两天，基本就值回票价了，摆渡车给我狠狠坐，特种兵旅游不建议去看景点，又累又看不好，吃吃喝喝得了，真想看就去黔灵山看免费猴子！黄果树和小七孔，推荐小七孔，比较人性化，淡季去小七孔真的很舒服，就住景区门口！吃喝都有，物价也可以，没那么离谱。
230435779344,1855832929,贵州个别景区令人不适的售票套路和操作丨滚轮·第二季·番外,https://www.bilibili.com/video/av1855832929,兔***窝,颜***文,,未知,2024-07-09 09:56,2024,222,30,12.54,强力种草/惊艳好评,1.0,自然风光与气候避暑 | 景区运营与排队管理 | 商业化程度与民俗真实感,高山峡谷与世界级桥梁 | 门票优惠政策与便民好评 | 原生态村寨与民俗好评,自然风光与气候避暑,高山峡谷与世界级桥梁,万峰林/马岭河 | 阿西里西韭菜坪/百里杜鹃,万峰林/马岭河,我这里有一个黔西南州的全免门票景区游玩路线：1、万峰林徒步游，可以直接上刚刚修的半马拉松步道走遍景区。2、清水河景区免费，马岭河峡谷景区的免门票下位替代。3、玉皇顶景区，鸟瞰万峰湖景区收费游船的替代，山顶还有民宿可以蹲日出云海。4、南龙古寨，就在玉皇顶路线上，体验真正的古寨而不是峰林布依那样的现代化古镇景区。5、贵州龙地质博物馆，古生物爱好者有福了。（对自己车技有信心可以考虑市区租辆车辗转各景区，免去各种交通费300-500元）
229414428352,1855832929,贵州个别景区令人不适的售票套路和操作丨滚轮·第二季·番外,https://www.bilibili.com/video/av1855832929,兔***窝,粉***丶,,未知,2024-07-03 13:25,2024,167,19,11.68,客观探讨/咨询互动,0.0,餐饮美食与特色体验 | 交通自驾与行程路况 | 景区运营与排队管理,老字号口碑 vs 网红营销店 | 高速通行费与桥隧比 | 景中景与二次收费/套票陷阱,餐饮美食与特色体验,老字号口碑 vs 网红营销店,贵州全域/综合,贵州全域/综合,所以只能奉劝外地游客大家来贵州玩还是要去几个大型的出名的景区，基本是不会踩雷的，作为本地人只能说你无法想象一些人为了赚钱能干出什么事，就我遇见过的就有去景区的必经之路上村民拦路让你必须给过路费或者给钱坐他们的车过去，到了景区就和up说的一样门票分类（类似于景中景）我们理解的门票在他们的规则中是第一个景区的门票，你想再去其他的景区就必须再买只能说有些人为了钱什么事都能干，当然这种事不止贵州有我在江苏也遇见过只能说还是去大景区吧毕竟管理会很严格[笑哭]
228924268656,1855832929,贵州个别景区令人不适的售票套路和操作丨滚轮·第二季·番外,https://www.bilibili.com/video/av1855832929,兔***窝,虾***n,,未知,2024-06-30 14:53,2024,124,3,9.63,客观探讨/咨询互动,0.0,消费预算与综合性价比,高性价比与平民消费好评,消费预算与综合性价比,高性价比与平民消费好评,贵州全域/综合,贵州全域/综合,作为一个贵州人看着也觉得抽象
230762764384,1855832929,贵州个别景区令人不适的售票套路和操作丨滚轮·第二季·番外,https://www.bilibili.com/video/av1855832929,兔***窝,我***啊,,未知,2024-07-11 00:56,2024,119,2,9.28,客观探讨/咨询互动,0.0,餐饮美食与特色体验,餐饮价格与隐形消费,餐饮美食与特色体验,餐饮价格与隐形消费,贵州全域/综合,贵州全域/综合,就跟餐厅只提供收费餐具，默认收取茶位费之类的一样，明明到处充斥着不合理，随着大部分消费者的沉默这些东西都成为了那些资本的潜规则，最后勇敢站出来发声斥责这些不合理的人成了少数成为了所谓的“异类”，支持这种勇于对这种不合理现象说不的up主，也希望能有更多的up主站出来发声从而带动更多人
230002002256,1855832929,贵州个别景区令人不适的售票套路和操作丨滚轮·第二季·番外,https://www.bilibili.com/video/av1855832929,兔***窝,E***哲,,未知,2024-07-06 20:42,2024,119,23,11.36,避坑预警/痛点吐槽,-1.0,交通自驾与行程路况,山路弯道与自驾难度,交通自驾与行程路况,山路弯道与自驾难度,贵州全域/综合,贵州全域/综合,[妙啊][妙啊][妙啊]搞笑了。。。套路。浙江这边也是。我反正是不会进去的。。。现在全国很多景区都这样。然后把很多好地方圈起来弄景区收费。我们反对这种套路消费。。。非常不舒服。。。
228821627200,1855832929,贵州个别景区令人不适的售票套路和操作丨滚轮·第二季·番外,https://www.bilibili.com/video/av1855832929,兔***窝,峨***峯,,未知,2024-06-29 22:34,2024,117,4,9.77,强力种草/惊艳好评,2.0,综合旅游体验与漫游杂谈,全省概览/多景点串联游记,综合旅游体验与漫游杂谈,全省概览/多景点串联游记,贵州全域/综合,贵州全域/综合,给你点赞 讲真话
229063118032,1855832929,贵州个别景区令人不适的售票套路和操作丨滚轮·第二季·番外,https://www.bilibili.com/video/av1855832929,兔***窝,柯***护,,未知,2024-07-01 11:16,2024,90,7,9.85,强力种草/惊艳好评,1.0,自然风光与气候避暑,瀑布水景视觉震撼,自然风光与气候避暑,瀑布水景视觉震撼,贵州全域/综合,贵州全域/综合,贵州啊，贵州除了景点里哪都好玩
230078424224,1855832929,贵州个别景区令人不适的售票套路和操作丨滚轮·第二季·番外,https://www.bilibili.com/video/av1855832929,兔***窝,塔***咿,,未知,2024-07-07 09:36,2024,89,20,10.79,强力种草/惊艳好评,2.0,消费预算与综合性价比,高性价比与平民消费好评,消费预算与综合性价比,高性价比与平民消费好评,贵州全域/综合,贵州全域/综合,"还是北京的门票超级便宜啊，景点还好，这是我们两个人耍了一周的门票。一个成人票+学生票

门票
18号：故宫40+20（讲解器20+20）
天安门（免费）
城楼：（忘了是几块）
毛主席纪念堂（免费）
19号：颐和园50+25（讲解器20+20）
20号：恭王府60+天坛42
21号：长城52.5
22号：观复博物馆138
23号：龙门石窟135
（累计642.5）"
230412921792,1855832929,贵州个别景区令人不适的售票套路和操作丨滚轮·第二季·番外,https://www.bilibili.com/video/av1855832929,兔***窝,不***矣,,未知,2024-07-09 03:30,2024,87,2,8.81,避坑预警/痛点吐槽,-2.0,交通自驾与行程路况,山路弯道与自驾难度,交通自驾与行程路况,山路弯道与自驾难度,贵州全域/综合,贵州全域/综合,[难过]我的高德留言还是没让人看到吗，我们比你们早一个月去的，一脚踩坑气不过就在门口写了满满负评。其实这里你说只是进去徒步，什么都不看，还是可以进去这段路的，毕竟两人花了一百不是，他这个景区承载力也就一百人左右，算小众景区了，贵州小众还收费的景区还是别去了，真的憋屈。
228840769472,1855832929,贵州个别景区令人不适的售票套路和操作丨滚轮·第二季·番外,https://www.bilibili.com/video/av1855832929,兔***窝,君***南,,未知,2024-06-30 00:27,2024,85,9,9.98,客观探讨/咨询互动,0.0,安全防范与避坑预警,水上漂流与徒步涉水安全,安全防范与避坑预警,水上漂流与徒步涉水安全,贵州全域/综合,贵州全域/综合,就和vip，vipp类似，以前基本上买了门票就能玩大部分景区，只有个别几个景区内的景点需要单独购票，比如漂流，缆车什么的，这无可厚非，但是如果买了门票只能玩很少的几个景点，那这门票卖的有什么意义[笑哭]
230472534672,1855832929,贵州个别景区令人不适的售票套路和操作丨滚轮·第二季·番外,https://www.bilibili.com/video/av1855832929,兔***窝,长***肉,,未知,2024-07-09 13:52,2024,52,7,9.03,客观探讨/咨询互动,0.0,景区运营与排队管理,核心项目超长排队与拥堵,景区运营与排队管理,核心项目超长排队与拥堵,贵州全域/综合,贵州全域/综合,最近老是看到贵州旅游宣传，理解了江苏居民到贵州旅游免景区首道门票的意思了。
230636600176,1855832929,贵州个别景区令人不适的售票套路和操作丨滚轮·第二季·番外,https://www.bilibili.com/video/av1855832929,兔***窝,开***f,,未知,2024-07-10 12:28,2024,57,5,8.88,实战攻略/避坑技巧,0.2,景区运营与排队管理,核心项目超长排队与拥堵,景区运营与排队管理,核心项目超长排队与拥堵,贵州全域/综合,贵州全域/综合,我记得贵州文旅有投诉建议，还有奖品，我是贵州人 ，我强烈建议up去投诉。贵州一些景区要改变得更好才对得起游客！
232959085888,1855832929,贵州个别景区令人不适的售票套路和操作丨滚轮·第二季·番外,https://www.bilibili.com/video/av1855832929,兔***窝,波***斯,,未知,2024-07-22 16:56,2024,47,3,8.19,客观探讨/咨询互动,0.0,交通自驾与行程路况 | 景区运营与排队管理,高铁大巴换乘与班次衔接 | 大门外移与强制观光车,交通自驾与行程路况,高铁大巴换乘与班次衔接,贵州全域/综合,贵州全域/综合,"最近几年出去玩发现一个很有意思的事 
景区把大门检票点往外挪了3-5公里
迫使你买了票 必须坐景区大巴、小火车、观光车、摆渡船、索道。吊篮 进入核心地方（原检票口）
当然你也可以走进去 然后沿途什么风光也没有[脱单doge]"
230610343248,1855832929,贵州个别景区令人不适的售票套路和操作丨滚轮·第二季·番外,https://www.bilibili.com/video/av1855832929,兔***窝,玩***歌,,未知,2024-07-10 09:33,2024,42,2,7.74,避坑预警/痛点吐槽,-3.0,消费预算与综合性价比,高性价比与平民消费好评,消费预算与综合性价比,高性价比与平民消费好评,贵州全域/综合,贵州全域/综合,先用相对便宜的50块门票套住你，然后人就进退两难了。转身走吧，跑这么远还已经花了50；买票进吧，这坑人套路真的让人心堵。谢谢避雷！
230153404384,1855832929,贵州个别景区令人不适的售票套路和操作丨滚轮·第二季·番外,https://www.bilibili.com/video/av1855832929,兔***窝,x***e,,未知,2024-07-07 17:47,2024,41,15,9.38,客观探讨/咨询互动,0.0,自然风光与气候避暑 | 景区运营与排队管理,瀑布水景视觉震撼 | 喀斯特溶洞地质奇观 | 景中景与二次收费/套票陷阱,自然风光与气候避暑,瀑布水景视觉震撼,贵州全域/综合,贵州全域/综合,嗯，上次去平塘看天眼，售票处的售票指示就显示套票，都是各种+/+，但是你去售票窗口一问还是可以只买最简单的车票。然后天坑群也是，门票还得加两个很奇怪的馆。不过贵州的风景真的好[星星眼]
230354733520,1855832929,贵州个别景区令人不适的售票套路和操作丨滚轮·第二季·番外,https://www.bilibili.com/video/av1855832929,兔***窝,暴***君,,未知,2024-07-08 20:04,2024,37,0,6.46,客观探讨/咨询互动,0.0,景区运营与排队管理,核心项目超长排队与拥堵,景区运营与排队管理,核心项目超长排队与拥堵,贵州全域/综合,贵州全域/综合,UP主你可以直接找文旅厅投诉，每年都有痛客行来收集旅客的真实感受。有不少景区缺乏管理经验，想营收但是觉得只有不断设门槛才能收到钱，并不会真正的管理和长远目标。
230248422432,1855832929,贵州个别景区令人不适的售票套路和操作丨滚轮·第二季·番外,https://www.bilibili.com/video/av1855832929,兔***窝,鹤***居,,未知,2024-07-08 08:02,2024,36,2,7.51,强力种草/惊艳好评,2.0,景区运营与排队管理,核心项目超长排队与拥堵,景区运营与排队管理,核心项目超长排队与拥堵,贵阳市区/黔灵山,贵阳市区/黔灵山,还是贵阳黔灵山公园厚道，前些年才5元门票，现在全免费，包括动物园看熊猫！其实我赞成适当收费，让工作人员也有点积极性。
230575498256,1855832929,贵州个别景区令人不适的售票套路和操作丨滚轮·第二季·番外,https://www.bilibili.com/video/av1855832929,兔***窝,猫***吃,,未知,2024-07-10 00:26,2024,35,7,8.45,客观探讨/咨询互动,0.0,景区运营与排队管理,核心项目超长排队与拥堵,景区运营与排队管理,核心项目超长排队与拥堵,贵州全域/综合,贵州全域/综合,"现在信息传播这么发达，这景区没跟上时代，脑子还停留在90年代。反正你也不会再来，能坑一个是一个。
忽略了少了多少潜在客户。
我在四川旅游了三个月，玩了几十个景点，对景区和当地居民体验极好。来重庆也快一个月了，除了有些县城交通不太行，景区和当地居民体验也挺好。
所以明年我还来。"
230557080192,1855832929,贵州个别景区令人不适的售票套路和操作丨滚轮·第二季·番外,https://www.bilibili.com/video/av1855832929,兔***窝,我***啊,,未知,2024-07-09 22:36,2024,34,12,8.9,客观探讨/咨询互动,0.0,自然风光与气候避暑 | 景区运营与排队管理,瀑布水景视觉震撼 | 景中景与二次收费/套票陷阱,自然风光与气候避暑,瀑布水景视觉震撼,黄果树瀑布 | 荔波小七孔,黄果树瀑布,上个月才去了贵州，主要玩了黄果树瀑布和小七孔，景是好景，但是票都是套票，我们两个人玩这两个景点花了一千多[辣眼睛]，而我们在贵州吃了四天都没花到一千，就离谱
231863708176,1855832929,贵州个别景区令人不适的售票套路和操作丨滚轮·第二季·番外,https://www.bilibili.com/video/av1855832929,兔***窝,s***s,,未知,2024-07-17 00:36,2024,33,2,7.39,客观探讨/咨询互动,0.0,餐饮美食与特色体验,特色小吃与夜市文化,餐饮美食与特色体验,特色小吃与夜市文化,贵州全域/综合,贵州全域/综合,文旅动力辣么多脑筋请来的客人就这样被这些人吓走了，我贵州人感到很可惜，希望引起主管部门的重视
230253824912,1855832929,贵州个别景区令人不适的售票套路和操作丨滚轮·第二季·番外,https://www.bilibili.com/video/av1855832929,兔***窝,醉***染,,未知,2024-07-08 09:01,2024,26,5,7.74,避坑预警/痛点吐槽,-1.0,交通自驾与行程路况,山路弯道与自驾难度,交通自驾与行程路况,山路弯道与自驾难度,贵州全域/综合,贵州全域/综合,贵州人告诉你 贵州人过去都要被宰 更别说你外地人 套路一环接一环
230800658080,1855832929,贵州个别景区令人不适的售票套路和操作丨滚轮·第二季·番外,https://www.bilibili.com/video/av1855832929,兔***窝,S***蓝,,未知,2024-07-11 10:18,2024,22,0,5.7,客观探讨/咨询互动,0.0,景区运营与排队管理,景中景与二次收费/套票陷阱,景区运营与排队管理,景中景与二次收费/套票陷阱,贵州全域/综合,贵州全域/综合,支持向文旅部投诉，贵州一些小景区，品质一般，价格还很贵，捆绑销售，作为一个贵州人，也不去这些地方玩
229344664128,1855832929,贵州个别景区令人不适的售票套路和操作丨滚轮·第二季·番外,https://www.bilibili.com/video/av1855832929,兔***窝,账***销,,未知,2024-07-03 00:00,2024,22,3,7.09,实战攻略/避坑技巧,0.2,景区运营与排队管理,景中景与二次收费/套票陷阱,景区运营与排队管理,景中景与二次收费/套票陷阱,贵州全域/综合,贵州全域/综合,你这问的就有问题 这种情况直接问套票和门票有啥区别 不然问半天问不出个所以然 如果已经分好了正常票和套票的路线 你问别人只买票是不是能正常玩 那肯定是能正常玩 直接问区别更容易搞懂
230917523344,1855832929,贵州个别景区令人不适的售票套路和操作丨滚轮·第二季·番外,https://www.bilibili.com/video/av1855832929,兔***窝,空***尘,,未知,2024-07-11 22:00,2024,17,3,6.72,避坑预警/痛点吐槽,-1.0,景区运营与排队管理,大门外移与强制观光车 | 门票预约与抢票限制,景区运营与排队管理,大门外移与强制观光车,贵州全域/综合,贵州全域/综合,"景点最坑的就是观光车。
我去的景区里，像九寨沟这种，地震前去是观光车自愿买不买，反正告诉你路程不算近，地震后那次去是要求必须买，因为有部分步行道没修好。这种可以接受，反正买门票之前先写明白。
同样的阿坝县的莲宝叶泽，22年买门票之后自己开车进去，在停车场，有部分观光车卖，也会明确说离景点有多远，你可以选择走路去看，也可以买票坐观光车。当时我们是考虑海拔高放弃走路选择坐车。不过这种也还好，至少选择权在自己手上，可以根据自己身体状况选择。
茶卡盐湖，我们去的时候还没强制买观光车，里面有小火车，也是可以选择走路或者坐车。不过听后面去的盆友说，要求必须买观光车票。。。额，这种就挺无语了，我记得当时买门票的外面有很大的停车场。而且茶卡盐湖外面又不是山区，无法建大型停车场"
230129071808,1855832929,贵州个别景区令人不适的售票套路和操作丨滚轮·第二季·番外,https://www.bilibili.com/video/av1855832929,兔***窝,溪***雾,,未知,2024-07-07 15:04,2024,16,11,7.73,客观探讨/咨询互动,0.0,景区运营与排队管理,核心项目超长排队与拥堵,景区运营与排队管理,核心项目超长排队与拥堵,贵州全域/综合,贵州全域/综合,贵州门票就是贵[笑哭]
230940592976,1855832929,贵州个别景区令人不适的售票套路和操作丨滚轮·第二季·番外,https://www.bilibili.com/video/av1855832929,兔***窝,说***肥,,未知,2024-07-12 00:09,2024,15,6,7.1,避坑预警/痛点吐槽,-1.0,综合旅游体验与漫游杂谈,全省概览/多景点串联游记,综合旅游体验与漫游杂谈,全省概览/多景点串联游记,贵州全域/综合,贵州全域/综合,感谢曝光，让我避坑。
229826757232,1855832929,贵州个别景区令人不适的售票套路和操作丨滚轮·第二季·番外,https://www.bilibili.com/video/av1855832929,兔***窝,贵***O,,未知,2024-07-05 21:16,2024,15,2,6.26,避坑预警/痛点吐槽,-1.0,自然风光与气候避暑 | 交通自驾与行程路况 | 安全防范与避坑预警,高山峡谷与世界级桥梁 | 山路弯道与自驾难度 | 包车打车与出租车避坑 | 水上漂流与徒步涉水安全,自然风光与气候避暑,高山峡谷与世界级桥梁,贵州全域/综合,贵州全域/综合,格凸河，我觉得没得南江大峡谷好玩[doge]，去漂流或者攀岩都好玩一点，另外说一句，如果南江大峡谷要去玩空中漂流看玻璃桥的话，那个带你上去的司机师傅开的车更刺激，坐得一身冷汗，我第一次去，司机就因为弯道速度太快，又要错车，而且他也不减速，最后后轮挂到大石头，当场干爆[doge]，我们差点翻车，刺激[星星眼]
231216589552,1855832929,贵州个别景区令人不适的售票套路和操作丨滚轮·第二季·番外,https://www.bilibili.com/video/av1855832929,兔***窝,_***汁,,未知,2024-07-13 15:31,2024,14,9,7.36,客观探讨/咨询互动,0.0,景区运营与排队管理,景中景与二次收费/套票陷阱,景区运营与排队管理,景中景与二次收费/套票陷阱,梵净山,梵净山,我也想说一下，梵净山脚下的亚木沟景区，门票比梵净山还贵，我之前去过，二十几块，才过了两三年，变一百多，我知道里面什么样，我只能说比梵净山差太远，票价却比梵净山高五六十，没必要去。
230439553056,1855832929,贵州个别景区令人不适的售票套路和操作丨滚轮·第二季·番外,https://www.bilibili.com/video/av1855832929,兔***窝,忑***陶,,未知,2024-07-09 10:25,2024,14,3,6.45,避坑预警/痛点吐槽,-1.0,餐饮美食与特色体验,特色小吃与夜市文化,餐饮美食与特色体验,特色小吃与夜市文化,贵州全域/综合,贵州全域/综合,我女朋友就是安顺的 格凸河就在她家附近 这个景区本地人是从来都不去的 因为不好玩，非常不好玩，她过年的时候说就在家附近 虽然都说不好玩但是她没去过想试试  我女朋友去了之后告诉我后悔死了 浪费一百多块钱 所以还是要听劝啊 不然后悔的还是自己[辣眼睛]
230583952832,1855832929,贵州个别景区令人不适的售票套路和操作丨滚轮·第二季·番外,https://www.bilibili.com/video/av1855832929,兔***窝,狗***哥,,未知,2024-07-10 01:42,2024,12,2,5.95,避坑预警/痛点吐槽,-1.0,自然风光与气候避暑,瀑布水景视觉震撼,自然风光与气候避暑,瀑布水景视觉震撼,贵州全域/综合,贵州全域/综合,摩旅在贵州只能说别去景点[脱单doge]
230349269904,1855832929,贵州个别景区令人不适的售票套路和操作丨滚轮·第二季·番外,https://www.bilibili.com/video/av1855832929,兔***窝,我***主,,未知,2024-07-08 19:33,2024,12,0,4.85,避坑预警/痛点吐槽,-1.0,景区运营与排队管理,大门外移与强制观光车 | 门票优惠政策与便民好评,景区运营与排队管理,大门外移与强制观光车,贵州全域/综合,贵州全域/综合,都是套路，也有景区原先门票10元，开车可以直接到景区检票口。现在免门票，但是检票口改到设在离景区4公里外，进去外面车🚘一律不准进。你可以选择步行，或者10元坐摆渡车到原先的检票口处。
230071368992,1855832929,贵州个别景区令人不适的售票套路和操作丨滚轮·第二季·番外,https://www.bilibili.com/video/av1855832929,兔***窝,影***者,,未知,2024-07-07 08:33,2024,17,8,7.53,实战攻略/避坑技巧,0.2,景区运营与排队管理 | 住宿价格与酒店民宿,门票优惠政策与便民好评 | 景区内住宿 vs 市区中转选择,景区运营与排队管理,门票优惠政策与便民好评,贵州全域/综合,贵州全域/综合,我打算年底再去贵州，可能只去国有真免门票的那种大景区。现在国内的旅游景点是真坑，各种分拆。上年去武陵源景区也是懵圈（没做攻略去）。各种电梯、区间车收费，听民宿老板说到记都记不住。玩完才知道，啥都不买，卖了门票直接步行玩2、3天最爽
229127460496,1855832929,贵州个别景区令人不适的售票套路和操作丨滚轮·第二季·番外,https://www.bilibili.com/video/av1855832929,兔***窝,8***i,,未知,2024-07-01 18:36,2024,13,1,5.65,客观探讨/咨询互动,0.0,交通自驾与行程路况,山路弯道与自驾难度,交通自驾与行程路况,山路弯道与自驾难度,贵州全域/综合,贵州全域/综合,这种景区不止贵州，全国各地都有，之前在漳州火山岛也是这种情况，门票65，进去后除了路边各种小景点20一个人
255533161392,114006333333157,蓝战非评价来贵州一定要避坑一个地方！,https://www.bilibili.com/video/av114006333333157,蓝***行,没***儿,,未知,2025-02-16 11:42,2025,1451,14,14.63,客观探讨/咨询互动,0.0,综合旅游体验与漫游杂谈,全省概览/多景点串联游记,综合旅游体验与漫游杂谈,全省概览/多景点串联游记,西江千户苗寨,西江千户苗寨,当年剿匪的时候，没剿到千户苗寨来。[笑哭]
255524456672,114006333333157,蓝战非评价来贵州一定要避坑一个地方！,https://www.bilibili.com/video/av114006333333157,蓝***行,邉*,,未知,2025-02-16 09:48,2025,1015,13,14.02,客观探讨/咨询互动,0.0,交通自驾与行程路况,山路弯道与自驾难度,交通自驾与行程路况,山路弯道与自驾难度,西江千户苗寨,西江千户苗寨,不开口我就晓得要说千户苗寨了[doge]
254821510913,114006333333157,蓝战非评价来贵州一定要避坑一个地方！,https://www.bilibili.com/video/av114006333333157,蓝***行,重***华,,未知,2025-02-16 08:35,2025,855,21,14.22,客观探讨/咨询互动,0.0,综合旅游体验与漫游杂谈,全省概览/多景点串联游记,综合旅游体验与漫游杂谈,全省概览/多景点串联游记,西江千户苗寨,西江千户苗寨,果然千户苗寨[doge]
254817346977,114006333333157,蓝战非评价来贵州一定要避坑一个地方！,https://www.bilibili.com/video/av114006333333157,蓝***行,_***丶,,未知,2025-02-16 05:33,2025,596,37,14.23,客观探讨/咨询互动,0.0,商业化程度与民俗真实感,原生态村寨与民俗好评 | 民俗表演与人文真实互动,商业化程度与民俗真实感,原生态村寨与民俗好评,肇兴侗寨/加榜梯田,肇兴侗寨/加榜梯田,作为黔东南黎平人，提醒各位真的想体验民族风情，如果认识本地人的话，过年去那段时间去黎平 从江 榕江  那些传统的侗寨才叫热闹，斗牛，苗年，侗年各种节日！有心可以打听打听有节日的话去到那些普通的寨子你可以会感到惊喜，既使不认识只要嘴巴甜点都非常热情好客，特别是从江正月份，真的是各种活动，喝酒鼓楼篝火唱歌每晚都有吃香思，都是村民自己组织的不要任何费用，就怕你喝不下，不要太热闹。每个寨子过节的日子都不确定，还要看日子的！旅游景点全是钱，没有人情味！
254832879457,114006333333157,蓝战非评价来贵州一定要避坑一个地方！,https://www.bilibili.com/video/av114006333333157,蓝***行,相***军,,未知,2025-02-16 11:29,2025,441,74,14.45,客观探讨/咨询互动,0.0,自然风光与气候避暑,瀑布水景视觉震撼,自然风光与气候避暑,瀑布水景视觉震撼,贵阳市区/黔灵山,贵阳市区/黔灵山,作为一个去过贵州的人，提醒一下大家，在贵州贵阳消费挺高的，其他地方不知道，还有就是每天都是阴天，基本见不到太阳
255544612848,114006333333157,蓝战非评价来贵州一定要避坑一个地方！,https://www.bilibili.com/video/av114006333333157,蓝***行,S***d,,未知,2025-02-16 13:47,2025,354,60,13.92,客观探讨/咨询互动,0.0,商业化程度与民俗真实感,原生态村寨与民俗好评,商业化程度与民俗真实感,原生态村寨与民俗好评,贵州全域/综合,贵州全域/综合,旅游冷知识：不要去任何名字开头的古城古镇古寨
254872262993,114006333333157,蓝战非评价来贵州一定要避坑一个地方！,https://www.bilibili.com/video/av114006333333157,蓝***行,鲨***椒,,未知,2025-02-16 19:35,2025,191,1,9.58,客观探讨/咨询互动,0.0,餐饮美食与特色体验,特色小吃与夜市文化,餐饮美食与特色体验,特色小吃与夜市文化,西江千户苗寨,西江千户苗寨,去过千户苗寨的都知道，所谓千户苗寨，三百户旅馆，三百户摄影店，三百户各种小吃奶茶银饰等店铺，剩下一百户没开门。
255520926768,114006333333157,蓝战非评价来贵州一定要避坑一个地方！,https://www.bilibili.com/video/av114006333333157,蓝***行,账***销,,未知,2025-02-16 08:50,2025,175,8,10.95,客观探讨/咨询互动,0.0,交通自驾与行程路况,山路弯道与自驾难度,交通自驾与行程路况,山路弯道与自驾难度,贵州全域/综合,贵州全域/综合,这种报粗口的商家，我要有蓝老师这些流量，肯定让他开不下去
255546072624,114006333333157,蓝战非评价来贵州一定要避坑一个地方！,https://www.bilibili.com/video/av114006333333157,蓝***行,味***士,,未知,2025-02-16 14:05,2025,178,63,12.94,客观探讨/咨询互动,0.0,餐饮美食与特色体验,特色小吃与夜市文化,餐饮美食与特色体验,特色小吃与夜市文化,贵阳市区/黔灵山,贵阳市区/黔灵山,"贵阳早餐吃个粉，纯素的老素粉6-7块。带点肉就是12往上。
我热烈吗在深圳吃个蛋肉肠粉也才6块，要个大份的7块，吃的比一碗素粉还饱[嗑瓜子]"
255533717904,114006333333157,蓝战非评价来贵州一定要避坑一个地方！,https://www.bilibili.com/video/av114006333333157,蓝***行,业***爱,,未知,2025-02-16 11:48,2025,89,13,10.39,实战攻略/避坑技巧,0.2,住宿价格与酒店民宿,景区内住宿 vs 市区中转选择,住宿价格与酒店民宿,景区内住宿 vs 市区中转选择,贵州全域/综合,贵州全域/综合,[呲牙][呲牙][呲牙]我朋友结婚，家住里面的。 我说我是去参加婚礼的，不让进。让买票[doge]！我婚礼随份子300元，当时直接拿给朋友的亲戚，然后我就走了。
255525662672,114006333333157,蓝战非评价来贵州一定要避坑一个地方！,https://www.bilibili.com/video/av114006333333157,蓝***行,河***面,,未知,2025-02-16 10:07,2025,67,8,9.53,客观探讨/咨询互动,0.0,自然风光与气候避暑,瀑布水景视觉震撼,自然风光与气候避暑,瀑布水景视觉震撼,黄果树瀑布 | 荔波小七孔 | 西江千户苗寨 | 贵阳市区/黔灵山 | 织金洞 | 遵义红色胜地/赤水,黄果树瀑布,说的好  我从织金洞-黄果树-小七孔-贵阳-遵义   玩了10几天 唯独没有去千户苗寨
255538979520,114006333333157,蓝战非评价来贵州一定要避坑一个地方！,https://www.bilibili.com/video/av114006333333157,蓝***行,G***y,,未知,2025-02-16 12:44,2025,55,4,8.65,客观探讨/咨询互动,0.0,餐饮美食与特色体验,特色小吃与夜市文化,餐饮美食与特色体验,特色小吃与夜市文化,贵州全域/综合,贵州全域/综合,实话实说里面开店的90%都是外地人
255592044864,114006333333157,蓝战非评价来贵州一定要避坑一个地方！,https://www.bilibili.com/video/av114006333333157,蓝***行,生***鸢,,未知,2025-02-16 23:12,2025,42,16,9.48,客观探讨/咨询互动,0.0,消费预算与综合性价比,高性价比与平民消费好评,消费预算与综合性价比,高性价比与平民消费好评,贵州全域/综合,贵州全域/综合,对贵州的印象是：物价和上海看齐，收入和越南对标
255520997584,114006333333157,蓝战非评价来贵州一定要避坑一个地方！,https://www.bilibili.com/video/av114006333333157,蓝***行,弑***场,,未知,2025-02-16 08:51,2025,33,1,6.98,避坑预警/痛点吐槽,-1.0,综合旅游体验与漫游杂谈,全省概览/多景点串联游记,综合旅游体验与漫游杂谈,全省概览/多景点串联游记,西江千户苗寨,西江千户苗寨,千户苗寨真别去，寨子多了去了。[笑哭]
255562787664,114006333333157,蓝战非评价来贵州一定要避坑一个地方！,https://www.bilibili.com/video/av114006333333157,蓝***行,朕***件,,未知,2025-02-16 17:38,2025,41,87,11.08,强力种草/惊艳好评,1.0,交通自驾与行程路况,山路弯道与自驾难度,交通自驾与行程路况,山路弯道与自驾难度,贵州全域/综合,贵州全域/综合,五一准备自驾去，有没有贵州老表推荐下景点[doge]
255557297008,114006333333157,蓝战非评价来贵州一定要避坑一个地方！,https://www.bilibili.com/video/av114006333333157,蓝***行,回***觉,,未知,2025-02-16 16:29,2025,44,51,10.66,客观探讨/咨询互动,0.0,餐饮美食与特色体验,特色小吃与夜市文化,餐饮美食与特色体验,特色小吃与夜市文化,贵州全域/综合,贵州全域/综合,就这么个梅菜扣肉兵。肉都没多少。6元。物价无敌
293779970608,114006333333157,蓝战非评价来贵州一定要避坑一个地方！,https://www.bilibili.com/video/av114006333333157,蓝***行,不***猫,,未知,2026-02-27 17:47,2026,29,6,8.05,客观探讨/咨询互动,0.0,消费预算与综合性价比,高性价比与平民消费好评,消费预算与综合性价比,高性价比与平民消费好评,贵州全域/综合,贵州全域/综合,云贵川最统一的一点是，无论本地出现了怎么样坏的商家，都会说“外地做生意的”。
254816057553,114006333333157,蓝战非评价来贵州一定要避坑一个地方！,https://www.bilibili.com/video/av114006333333157,蓝***行,晋*,,未知,2025-02-16 04:13,2025,24,2,6.93,强力种草/惊艳好评,1.0,交通自驾与行程路况,山路弯道与自驾难度,交通自驾与行程路况,山路弯道与自驾难度,贵州全域/综合,贵州全域/综合,本地土著说明一下，确实是这样的，而且更离谱！16年后，我一家子去走亲戚，车都开不进去，不会说苗话就收门票，亲戚来接都没用说是王八的屁股规定[笑哭]！导致现在去的少，都变远方亲戚了。16年以前还是很好玩的，现在嘛一言难尽！
254895903169,114006333333157,蓝战非评价来贵州一定要避坑一个地方！,https://www.bilibili.com/video/av114006333333157,蓝***行,初***城,,未知,2025-02-17 00:17,2025,26,4,7.55,避坑预警/痛点吐槽,-3.0,餐饮美食与特色体验 | 景区运营与排队管理,餐饮价格与隐形消费 | 核心项目超长排队与拥堵,餐饮美食与特色体验,餐饮价格与隐形消费,梵净山,梵净山,我贵州省铜仁的，这里给大家避避坑，梵净山最里面的那家民宿，条件一般，200多一间，在他们那炒菜那个老太婆十分坑人，两个素菜加饭64元（景区这个价格可以理解，但菜单上标了菜的价格，加起来56元，但结账时她报价84元，我们两人问她饭多少钱一个人，4元一个人，她说的十分含糊，想误导我们是10元一个人，我说不管是4元还是10元一个人，怎么也不会是84元，说了几次，她后面才说是4元一个人，而且喝水只能买她们家的矿泉水，5元一瓶）（还有带我们进这家民宿的人说，他们的民宿在景区里面，住他们的民宿不用排队，结果第二天我们俩个人大早上的还得去景区门口排队刷身份证重新进景区，纯纯骗人的）[捂脸][捂脸][捂脸]
268580231073,114006333333157,蓝战非评价来贵州一定要避坑一个地方！,https://www.bilibili.com/video/av114006333333157,蓝***行,i***a,,未知,2025-07-23 16:43,2025,17,5,7.13,实战攻略/避坑技巧,0.2,自然风光与气候避暑,瀑布水景视觉震撼,自然风光与气候避暑,瀑布水景视觉震撼,西江千户苗寨,西江千户苗寨,贵州的自然风景挺多的，需要自己找攻略，很多小县城的小景区或者是水库比什么4a5a漂亮太多了，我地图都保存了十几个，每个都比什么破千户苗寨破乌江寨好。
255573337136,114006333333157,蓝战非评价来贵州一定要避坑一个地方！,https://www.bilibili.com/video/av114006333333157,蓝***行,工***主,,未知,2025-02-16 19:41,2025,17,0,5.34,客观探讨/咨询互动,0.0,商业化程度与民俗真实感 | 住宿价格与酒店民宿 | 消费预算与综合性价比,原生态村寨与民俗好评 | 位置偏远与接驳不便 | 免费/平替景点精选推荐,商业化程度与民俗真实感,原生态村寨与民俗好评,西江千户苗寨,西江千户苗寨,不止宰你们外面来的游客，就连我们凯里本地的都一视同仁，以前没有这么商业化的时候只要是我们黔东南户口都不要门票的，以前周末经常去玩，现在除了有外地朋友来的话都不去了，要看苗寨就到隔壁朗德苗寨吧，那边完全就是本地人村里人运营，有个可以逃票的方法，你们过去的话可以打开地图搜朗德苗寨上面的一个普通村子，然后跟保安说要去朋友家，态度好点一般门卫都放行的[doge]
270799305233,114006333333157,蓝战非评价来贵州一定要避坑一个地方！,https://www.bilibili.com/video/av114006333333157,蓝***行,墨***希,,未知,2025-08-10 15:52,2025,20,2,6.67,客观探讨/咨询互动,0.0,自然风光与气候避暑 | 交通自驾与行程路况 | 景区运营与排队管理,瀑布水景视觉震撼 | 包车打车与出租车避坑 | 核心项目超长排队与拥堵 | 景中景与二次收费/套票陷阱,自然风光与气候避暑,瀑布水景视觉震撼,黄果树瀑布 | 西江千户苗寨,黄果树瀑布,今天去黄果树瀑布了，被扫码诱导买了套票，什么高荡啊一查就是千户苗寨，黄果树瀑布里不限流人超多200米能走半小时，玩了出来问怎么去高荡，人家没车送，要不包车什么的，退票是退不了。看到千户苗寨这么坑不去也罢
255534463520,114006333333157,蓝战非评价来贵州一定要避坑一个地方！,https://www.bilibili.com/video/av114006333333157,蓝***行,n***l,,未知,2025-02-16 11:57,2025,19,0,5.49,客观探讨/咨询互动,0.0,交通自驾与行程路况,山路弯道与自驾难度,交通自驾与行程路况,山路弯道与自驾难度,贵州全域/综合,贵州全域/综合,"20年前，那边路上的老头，没上学的小孩汉语不太会说，就会两个字“给钱”
那会公共场所收费，明明写着5毛，出来就问你要一块，问他什么意思，说你外地人我们就是要收一块[doge]
自然风光人文景观贵州不错的，每次路过起心动念想要玩几天，再一想还是算了。"
254848633633,114006333333157,蓝战非评价来贵州一定要避坑一个地方！,https://www.bilibili.com/video/av114006333333157,蓝***行,b***1,,未知,2025-02-16 14:34,2025,19,6,7.44,客观探讨/咨询互动,0.0,综合旅游体验与漫游杂谈,全省概览/多景点串联游记,综合旅游体验与漫游杂谈,全省概览/多景点串联游记,贵州全域/综合,贵州全域/综合,苗子是这样的
254821160241,114006333333157,蓝战非评价来贵州一定要避坑一个地方！,https://www.bilibili.com/video/av114006333333157,蓝***行,答***分,,未知,2025-02-16 08:29,2025,14,10,7.46,客观探讨/咨询互动,0.0,餐饮美食与特色体验,特色小吃与夜市文化,餐饮美食与特色体验,特色小吃与夜市文化,荔波小七孔,荔波小七孔,小七孔外头饭店青椒炒白条，10条不到的白条收费88[星星眼]
255539226832,114006333333157,蓝战非评价来贵州一定要避坑一个地方！,https://www.bilibili.com/video/av114006333333157,蓝***行,泉***夜,,未知,2025-02-16 12:47,2025,13,0,4.96,客观探讨/咨询互动,0.0,消费预算与综合性价比,高性价比与平民消费好评,消费预算与综合性价比,高性价比与平民消费好评,西江千户苗寨,西江千户苗寨,悄悄告诉你贵州人讨厌千户苗寨的海了去了[doge]
261623751425,114006333333157,蓝战非评价来贵州一定要避坑一个地方！,https://www.bilibili.com/video/av114006333333157,蓝***行,K***佬,,未知,2025-05-11 20:26,2025,11,3,6.11,客观探讨/咨询互动,0.0,餐饮美食与特色体验 | 商业化程度与民俗真实感,老字号口碑 vs 网红营销店 | 千户苗寨商业化过度/同质化,餐饮美食与特色体验,老字号口碑 vs 网红营销店,西江千户苗寨,西江千户苗寨,千户苗寨真的是商业化严重，本地人去过一次再也不想去了
255645019984,114006333333157,蓝战非评价来贵州一定要避坑一个地方！,https://www.bilibili.com/video/av114006333333157,蓝***行,r***u,,未知,2025-02-17 17:13,2025,11,0,4.73,客观探讨/咨询互动,0.0,安全防范与避坑预警,野导游与路边揽客套路,安全防范与避坑预警,野导游与路边揽客套路,遵义红色胜地/赤水,遵义红色胜地/赤水,"旅游可以试试遵义这边。
小时候历史老师就说遵义旅游开发很烂。
有名胜古迹（海龙屯），有红色遗迹（遵义会议），有自然风光（娄山关，赤水河）。
但都不怎么开发，历史老师说开发了会多好多好。
现在发现了，欠发达地区很多景区开发都是一股打包给云南那种职业坑蒙拐骗团伙的。
就是低价团骂游客逼买东西那种。
那还不如不开发"
254853991617,114006333333157,蓝战非评价来贵州一定要避坑一个地方！,https://www.bilibili.com/video/av114006333333157,蓝***行,一***酱,,未知,2025-02-16 15:48,2025,11,0,4.73,客观探讨/咨询互动,0.0,综合旅游体验与漫游杂谈,全省概览/多景点串联游记,综合旅游体验与漫游杂谈,全省概览/多景点串联游记,贵州全域/综合,贵州全域/综合,一说我就知道是千户了，商业味太重了[doge]
255532163328,114006333333157,蓝战非评价来贵州一定要避坑一个地方！,https://www.bilibili.com/video/av114006333333157,蓝***行,他***猿,,未知,2025-02-16 11:29,2025,10,0,4.6,客观探讨/咨询互动,0.0,综合旅游体验与漫游杂谈,全省概览/多景点串联游记,综合旅游体验与漫游杂谈,全省概览/多景点串联游记,西江千户苗寨,西江千户苗寨,说得好，千户苗寨真不行。
254868593793,114006333333157,蓝战非评价来贵州一定要避坑一个地方！,https://www.bilibili.com/video/av114006333333157,蓝***行,好***生,,未知,2025-02-16 18:53,2025,11,3,6.11,强力种草/惊艳好评,3.0,住宿价格与酒店民宿 | 消费预算与综合性价比,景区内住宿 vs 市区中转选择 | 高性价比与平民消费好评,住宿价格与酒店民宿,景区内住宿 vs 市区中转选择,西江千户苗寨,西江千户苗寨,进景区没有必须要做大巴的吧，但是因为好的民宿基本都在苗寨里面，如果你带了很多行李，一路走进去会很累，但是他也是有行李托运的，我是今年过年在千户苗寨住的，民宿老板是成都人很热情前台还有一只大阿拉斯加，给我们推荐了几个好吃的饭店和晚上看烟花的地方，景区物价我一个南京人觉得还算合理甚至相对某些景区还算便宜，总的来说体验不错
259939482640,114254082475637,⚠️避雷‼️贵州景点红黑榜‼️让你不踩坑请收好哦‼️,https://www.bilibili.com/video/av114254082475637,导***略,橙***骅,,未知,2025-04-09 16:27,2025,331,40,13.42,强力种草/惊艳好评,3.0,自然风光与气候避暑 | 餐饮美食与特色体验,喀斯特溶洞地质奇观 | 特色小吃与夜市文化,自然风光与气候避暑,喀斯特溶洞地质奇观,黄果树瀑布 | 贵阳市区/黔灵山 | 织金洞 | 遵义红色胜地/赤水,黄果树瀑布,"Up其他说的都没问题，就两个我提提意见，顺带再推荐三个值得去的
第一：龙宫值得一去，我作为本地人第一次去感受喀斯特地貌溶洞都觉得很震撼，溶洞大到你快步走不管任何景色都需要2个小时才能走出来，同为喀斯特地貌的溶洞还有一个是织金洞，织金洞不同于龙宫的是龙宫里面有地下河流还能坐船，织金洞就是纯大，超级大超级震撼，全程快步走没个3小时出不来，看过这两个溶洞后我去桂林蝴蝶泉溶洞直接提不起兴趣(勿喷，我也只去了这三个溶洞只能拿这个对比了)；

第二个是贵阳的那个小吃街别吃打着安顺旗号的小吃，其他地方小吃我管不着，安顺小吃就来安顺黄果树或者龙宫旅游的时候进安顺市区美团打开找评价高的吃，夺夺粉、丝娃娃、肉末卷粉、油炸鸡蛋糕、冰浆等等都好吃(别杠，我安顺的[doge_金箍])

第三：强推石阡古温泉，我去过一次还想去第二次，太爽的，100多个泉池，还有温泉冲浪你就说爽不爽

第四：如果有孩子的强推平塘天眼，天眼景区和南仁东纪念馆免费，能了解很多很多的天文知识，天眼小镇里面的其他天文科普馆明码标价自主选择参观游览

第五：如果距离遵义近的话强推遵义会议纪念馆，这个没得说，流淌的红色血液在召唤

其他的暂时没想到，欢迎补充！

还有切记切记！！自备食物补充，景区内容易被割，要吃就去市区里面路边摊都比景区好！！
最后祝大家贵州之旅玩得开心！！也欢迎大家到贵州旅游！贵州真的很美很美！"
259199458801,114254082475637,⚠️避雷‼️贵州景点红黑榜‼️让你不踩坑请收好哦‼️,https://www.bilibili.com/video/av114254082475637,导***略,唱***己,,未知,2025-04-11 02:15,2025,105,19,10.99,强力种草/惊艳好评,1.0,消费预算与综合性价比,高性价比与平民消费好评,消费预算与综合性价比,高性价比与平民消费好评,贵阳市区/黔灵山,贵阳市区/黔灵山,黔灵山多好，门票便宜，有动物园，还可以跟马喽比划比划
258953331153,114254082475637,⚠️避雷‼️贵州景点红黑榜‼️让你不踩坑请收好哦‼️,https://www.bilibili.com/video/av114254082475637,导***略,绫***岚,,未知,2025-04-07 22:29,2025,78,15,10.33,强力种草/惊艳好评,3.0,自然风光与气候避暑 | 餐饮美食与特色体验 | 景区运营与排队管理 | 安全防范与避坑预警 | 消费预算与综合性价比,瀑布水景视觉震撼 | 高山峡谷与世界级桥梁 | 酸汤系列与特色火锅 | 特色小吃与夜市文化 | 折耳根与口味适应度 | 核心项目超长排队与拥堵 | 水上漂流与徒步涉水安全 | 高性价比与平民消费好评,自然风光与气候避暑,瀑布水景视觉震撼,黄果树瀑布 | 荔波小七孔 | 梵净山 | 贵阳市区/黔灵山,黄果树瀑布,UP说的很又问题！土生土长贵阳人！我们单位每年N多北京上海的客户来开会，招待。根据外地人的特点推荐一些精华！黄果树大瀑布必去！选夏天来，一定要去瀑布后面的洞里，穿过瀑布才是真的好的地方！要不你就只是拍个照片！要玩的好，只就黄果树景区。龙宫需要额外一天，千万别和黄果树一天去！古镇去贵阳市的青岩古镇就好！我们本地人也常去，看看建筑是一般。关键去吃青岩猪脚！吃东西，就去飞山街这是最好的。要种类多就青云路夜市，这的最全，什么都有，价格会贵10%左右。玩的地方：黄果树必去单玩1天，梵净山必去，最少要2天，第一天下午或晚上到，休息好，7点以前出发，才能玩好梵净山！一定要先去红云金顶，再去老金顶！红云人多，费时间长，不先去，下午就没法去了！小七孔同样，要2天，第一天下午好，第二天要很早去，你才有时间到后面的东西，踏水什么的。要不然你就只照个照片！最重要，夏天要去漂流！这个建议随团，价格便宜，有专门的车。这个非常好玩，除了贵州就没有！那些人造的漂流纯搞笑，贵州的漂流真的性价比，好玩无敌！吃的：个人建议，辣子鸡火锅，酸汤鱼。没一个来的人会不爱吃！
259043971585,114254082475637,⚠️避雷‼️贵州景点红黑榜‼️让你不踩坑请收好哦‼️,https://www.bilibili.com/video/av114254082475637,导***略,J***5,,未知,2025-04-09 01:32,2025,36,33,9.94,强力种草/惊艳好评,1.0,自然风光与气候避暑 | 安全防范与避坑预警,高山峡谷与世界级桥梁 | 水上漂流与徒步涉水安全,自然风光与气候避暑,高山峡谷与世界级桥梁,万峰林/马岭河,万峰林/马岭河,红榜我补2个，第一最推荐各种漂流，然后马岭河大峡谷。[doge]
259307084081,114254082475637,⚠️避雷‼️贵州景点红黑榜‼️让你不踩坑请收好哦‼️,https://www.bilibili.com/video/av114254082475637,导***略,缃***儿,,未知,2025-04-12 13:21,2025,28,6,8.0,避坑预警/痛点吐槽,-1.0,安全防范与避坑预警,水上漂流与徒步涉水安全,安全防范与避坑预警,水上漂流与徒步涉水安全,西江千户苗寨 | 镇远古城/舞阳河 | 肇兴侗寨/加榜梯田,西江千户苗寨,作为黔东南人，西江苗寨和肇兴侗寨请我去都不去，没见过的去看看就行了别买东西，我去得比较多的是镇远古镇（要避开节假日，淡季的河边单间就100多一点点，住得久可以砍到100一天，吃方面，不追求特色就去周边普通店吃，别去河边，就是县城的正常价格），我还喜欢去施秉漂流，就是只能夏天玩
260086284848,114254082475637,⚠️避雷‼️贵州景点红黑榜‼️让你不踩坑请收好哦‼️,https://www.bilibili.com/video/av114254082475637,导***略,縩*,,未知,2025-04-11 12:26,2025,21,9,7.94,客观探讨/咨询互动,0.0,综合旅游体验与漫游杂谈,全省概览/多景点串联游记,综合旅游体验与漫游杂谈,全省概览/多景点串联游记,贵阳市区/黔灵山,贵阳市区/黔灵山,青岩古镇也是，都是购物，我是本地人也不会去。
260109077312,114254082475637,⚠️避雷‼️贵州景点红黑榜‼️让你不踩坑请收好哦‼️,https://www.bilibili.com/video/av114254082475637,导***略,隱***脈,,未知,2025-04-11 18:03,2025,16,0,5.25,客观探讨/咨询互动,0.0,餐饮美食与特色体验,特色小吃与夜市文化,餐饮美食与特色体验,特色小吃与夜市文化,荔波小七孔 | 梵净山,荔波小七孔,全是商业开发重灾区，来贵州只管去国家级自然景点就行，像茂兰，甲茶，梵净山，反正除了水就是山，那些人文历史吹得天花乱坠不如当地菜市场和赶集天边吃边逛。
260544821632,114254082475637,⚠️避雷‼️贵州景点红黑榜‼️让你不踩坑请收好哦‼️,https://www.bilibili.com/video/av114254082475637,导***略,怪***咯,,未知,2025-04-16 22:55,2025,12,2,5.95,客观探讨/咨询互动,0.0,景区运营与排队管理,核心项目超长排队与拥堵,景区运营与排队管理,核心项目超长排队与拥堵,贵州全域/综合,贵州全域/综合,夜郎谷是由艺术家宋培伦花了23年的打造成的，你可以觉得奇怪不理解，但请尊重别人的成果，怎么就感觉脏乱差了，景区卫生不好了？
259063914497,114254082475637,⚠️避雷‼️贵州景点红黑榜‼️让你不踩坑请收好哦‼️,https://www.bilibili.com/video/av114254082475637,导***略,真***瓤,,未知,2025-04-09 12:04,2025,12,4,6.46,强力种草/惊艳好评,1.0,综合旅游体验与漫游杂谈,全省概览/多景点串联游记,综合旅游体验与漫游杂谈,全省概览/多景点串联游记,贵州全域/综合,贵州全域/综合,可是夜郎谷我很喜欢啊，就喜欢抽象的[doge]
259912195488,114254082475637,⚠️避雷‼️贵州景点红黑榜‼️让你不踩坑请收好哦‼️,https://www.bilibili.com/video/av114254082475637,导***略,e***t,,未知,2025-04-09 08:58,2025,17,1,6.03,客观探讨/咨询互动,0.0,综合旅游体验与漫游杂谈,全省概览/多景点串联游记,综合旅游体验与漫游杂谈,全省概览/多景点串联游记,遵义红色胜地/赤水,遵义红色胜地/赤水,可以去茅台了解下全国最高的工人工资，羞不死你[doge]
259936768864,114254082475637,⚠️避雷‼️贵州景点红黑榜‼️让你不踩坑请收好哦‼️,https://www.bilibili.com/video/av114254082475637,导***略,鬼***锅,,未知,2025-04-09 15:41,2025,10,16,7.43,避坑预警/痛点吐槽,-1.0,交通自驾与行程路况,山路弯道与自驾难度,交通自驾与行程路况,山路弯道与自驾难度,黄果树瀑布,黄果树瀑布,龙宫黄果树你不去，你去干什么？去神木开临时卡玩穿越火线吗？[无语]
259359463521,114254082475637,⚠️避雷‼️贵州景点红黑榜‼️让你不踩坑请收好哦‼️,https://www.bilibili.com/video/av114254082475637,导***略,猫***i,,未知,2025-04-13 00:36,2025,10,2,5.7,强力种草/惊艳好评,1.0,综合旅游体验与漫游杂谈,全省概览/多景点串联游记,综合旅游体验与漫游杂谈,全省概览/多景点串联游记,阿西里西韭菜坪/百里杜鹃,阿西里西韭菜坪/百里杜鹃,阿西里西大草原，外地朋友来必带去的地方，我自己也很喜欢，经常去[呲牙]
262804660080,114505791115215,避雷贵州原视频：希望以后节假日之前可以看见这篇贵阳贵州旅游避雷！！浪费了一个假期！,https://www.bilibili.com/video/av114505791115215,黑***夜,黑***夜,,未知,2025-05-14 18:54,2025,79,3,8.96,客观探讨/咨询互动,0.0,综合旅游体验与漫游杂谈,全省概览/多景点串联游记,综合旅游体验与漫游杂谈,全省概览/多景点串联游记,贵州全域/综合,贵州全域/综合,"觉得没问题的，请移步BV1NSEvzrEUx
详细分析为何视频是带情绪的抹黑"
263725598033,114505791115215,避雷贵州原视频：希望以后节假日之前可以看见这篇贵阳贵州旅游避雷！！浪费了一个假期！,https://www.bilibili.com/video/av114505791115215,黑***夜,欻***饭,,未知,2025-06-05 21:28,2025,175,2,9.85,避坑预警/痛点吐槽,-1.0,综合旅游体验与漫游杂谈,全省概览/多景点串联游记,综合旅游体验与漫游杂谈,全省概览/多景点串联游记,贵阳市区/黔灵山,贵阳市区/黔灵山,另外避雷甲秀楼的。我觉得这位高中生的回应非常好
261973068145,114505791115215,避雷贵州原视频：希望以后节假日之前可以看见这篇贵阳贵州旅游避雷！！浪费了一个假期！,https://www.bilibili.com/video/av114505791115215,黑***夜,是***哟,,未知,2025-05-16 14:50,2025,172,8,10.93,避坑预警/痛点吐槽,-1.0,餐饮美食与特色体验,特色小吃与夜市文化,餐饮美食与特色体验,特色小吃与夜市文化,遵义红色胜地/赤水,遵义红色胜地/赤水,避雷贵州了一定一定不要吃含抹茶的东西了，万一是遵义的抹茶不就炸了吗[呲牙]
261960390673,114505791115215,避雷贵州原视频：希望以后节假日之前可以看见这篇贵阳贵州旅游避雷！！浪费了一个假期！,https://www.bilibili.com/video/av114505791115215,黑***夜,账***销,,未知,2025-05-16 11:39,2025,144,23,11.64,客观探讨/咨询互动,0.0,自然风光与气候避暑,瀑布水景视觉震撼,自然风光与气候避暑,瀑布水景视觉震撼,贵阳市区/黔灵山,贵阳市区/黔灵山,贵州其他地方不知道，贵阳确实没啥景点[doge][doge][doge]
263654275041,114505791115215,避雷贵州原视频：希望以后节假日之前可以看见这篇贵阳贵州旅游避雷！！浪费了一个假期！,https://www.bilibili.com/video/av114505791115215,黑***夜,我***回,,未知,2025-06-05 00:12,2025,70,15,10.17,强力种草/惊艳好评,2.0,餐饮美食与特色体验,酸汤系列与特色火锅 | 特色小吃与夜市文化 | 折耳根与口味适应度,餐饮美食与特色体验,酸汤系列与特色火锅,贵州全域/综合,贵州全域/综合,我端午才从贵州旅游回来，怎么说了景色是符合预期的，我个人感觉美食有些言过其实了。可能我是北方人吧，地摊火锅真的臭的我非常不习惯，而且我不爱吃折耳根很多蘸水的味道对我来说挺奇怪的，洋芋粑粑其实就是煎土豆加蘸水，个人觉得一般般。一烙锅太油了我不喜欢吃太油的东西，而且包浆豆腐竟然也是臭的。豆腐圆子一般般，辣鸡面一般，贵厨一般般(菜比肉好吃，单说牛肉只能给5分，涮菜能给8分)。吃下来最好吃的是铁签烤肉
264895425008,114505791115215,避雷贵州原视频：希望以后节假日之前可以看见这篇贵阳贵州旅游避雷！！浪费了一个假期！,https://www.bilibili.com/video/av114505791115215,黑***夜,s***e,,未知,2025-06-07 11:10,2025,60,5,8.96,强力种草/惊艳好评,2.0,餐饮美食与特色体验,酸汤系列与特色火锅 | 特色小吃与夜市文化 | 折耳根与口味适应度 | 老字号口碑 vs 网红营销店,餐饮美食与特色体验,酸汤系列与特色火锅,贵阳市区/黔灵山,贵阳市区/黔灵山,人现在就在贵州，本地的朋友带着玩的，因为对景点没什么追求所以除了去爬了个黔灵山其他净吃了。我是喜欢吃酸➕能吃辣的陕西人，这里的菜太对我胃口了[笑哭]每天换样吃根本吃不完，吃了酸笋火锅、红酸汤白酸汤锅、肠旺面、朋友推荐的苍蝇馆子炒菜、烤鱼、各种土豆制品啥的，也有炸串这些别的地方能吃到的小吃，但是里面也有很多在西安没吃过的材料。本地朋友能带着吃还是太爽了
263685287393,114505791115215,避雷贵州原视频：希望以后节假日之前可以看见这篇贵阳贵州旅游避雷！！浪费了一个假期！,https://www.bilibili.com/video/av114505791115215,黑***夜,山*,,未知,2025-06-05 12:42,2025,58,0,7.12,客观探讨/咨询互动,0.0,餐饮美食与特色体验,特色小吃与夜市文化 | 老字号口碑 vs 网红营销店,餐饮美食与特色体验,特色小吃与夜市文化,贵州全域/综合,贵州全域/综合,"文旅一天宣宣宣，但交通，配套，人员专业度，服务规范确实没做好，需要花功夫赶紧跟上，这得承认。
但我真的求你们吃点正宗的吧，求求不要随便去青云路找家网红店打卡了[笑哭]，今年过年回去想着开好久了还没逛过，去了几家小吃甚至不是贵州人开的，得说普通话才知道我在说什么"
262155439521,114505791115215,避雷贵州原视频：希望以后节假日之前可以看见这篇贵阳贵州旅游避雷！！浪费了一个假期！,https://www.bilibili.com/video/av114505791115215,黑***夜,深***许,,未知,2025-05-18 17:39,2025,46,1,7.47,客观探讨/咨询互动,0.0,综合旅游体验与漫游杂谈,全省概览/多景点串联游记,综合旅游体验与漫游杂谈,全省概览/多景点串联游记,贵州全域/综合,贵州全域/综合,滕王阁序？？？？？？
262059880625,114505791115215,避雷贵州原视频：希望以后节假日之前可以看见这篇贵阳贵州旅游避雷！！浪费了一个假期！,https://www.bilibili.com/video/av114505791115215,黑***夜,伪***长,,未知,2025-05-17 15:52,2025,36,3,7.8,客观探讨/咨询互动,0.0,综合旅游体验与漫游杂谈,全省概览/多景点串联游记,综合旅游体验与漫游杂谈,全省概览/多景点串联游记,贵州全域/综合,贵州全域/综合,这旅游博主讲的一堆咋感觉她就没出过门呢[笑哭]
263119463184,114505791115215,避雷贵州原视频：希望以后节假日之前可以看见这篇贵阳贵州旅游避雷！！浪费了一个假期！,https://www.bilibili.com/video/av114505791115215,黑***夜,帕***年,,未知,2025-05-18 13:34,2025,35,2,7.47,避坑预警/痛点吐槽,-1.0,餐饮美食与特色体验,老字号口碑 vs 网红营销店,餐饮美食与特色体验,老字号口碑 vs 网红营销店,贵阳市区/黔灵山,贵阳市区/黔灵山,贵阳本地人，真的没吃到好没去到不错的地方的，光走网红打卡点和网红店，踩坑也是正常
262187186897,114505791115215,避雷贵州原视频：希望以后节假日之前可以看见这篇贵阳贵州旅游避雷！！浪费了一个假期！,https://www.bilibili.com/video/av114505791115215,黑***夜,我***e,,未知,2025-05-19 00:18,2025,34,3,7.72,客观探讨/咨询互动,0.0,餐饮美食与特色体验,特色小吃与夜市文化,餐饮美食与特色体验,特色小吃与夜市文化,贵州全域/综合,贵州全域/综合,最主要我吃的冰浆也就10-13啊，没那么贵，吃了四五天了
264890253520,114505791115215,避雷贵州原视频：希望以后节假日之前可以看见这篇贵阳贵州旅游避雷！！浪费了一个假期！,https://www.bilibili.com/video/av114505791115215,黑***夜,南***落,,未知,2025-06-07 10:03,2025,33,2,7.39,强力种草/惊艳好评,2.0,餐饮美食与特色体验,特色小吃与夜市文化,餐饮美食与特色体验,特色小吃与夜市文化,贵阳市区/黔灵山,贵阳市区/黔灵山,这件事刚出的时候，也有一些外地IP浑水摸鱼说说“贵州人听不得别人的意见”“一会贵州IP就要来网暴你了”，我觉得这些评论反而是对贵州的地域歧视和一种旧思想。我也经常刷到来贵州旅游的朋友可能遇到的各种各样的问题，但是合理正常的提出建议或寻求帮助的帖子，评论区的贵州IP都很积极的提供帮助，甚至还会帮忙拨打投诉电话。只有那些奇奇怪怪的“避雷”才会被骂，比如去年的“贵阳的统一泡面没ta们省卖的好吃”所以避雷贵州；今年的自己订了只能预订成功半小时内才可以免费退的酒店，后面来不了，不和酒店平台协商（和它自己订酒店不看退改规则有很大关系），直接避雷贵州；再到视频里这个避雷姐。
262805161520,114505791115215,避雷贵州原视频：希望以后节假日之前可以看见这篇贵阳贵州旅游避雷！！浪费了一个假期！,https://www.bilibili.com/video/av114505791115215,黑***夜,黑***夜,,未知,2025-05-14 19:00,2025,31,0,6.2,避坑预警/痛点吐槽,-1.0,餐饮美食与特色体验,特色小吃与夜市文化,餐饮美食与特色体验,特色小吃与夜市文化,贵州全域/综合,贵州全域/综合,避雷贵州热度还在涨，45w粉博主的一条视频影响力真的一点都不小。。。
261956957089,114505791115215,避雷贵州原视频：希望以后节假日之前可以看见这篇贵阳贵州旅游避雷！！浪费了一个假期！,https://www.bilibili.com/video/av114505791115215,黑***夜,幸***笑,,未知,2025-05-16 10:42,2025,23,1,6.46,客观探讨/咨询互动,0.0,综合旅游体验与漫游杂谈,全省概览/多景点串联游记,综合旅游体验与漫游杂谈,全省概览/多景点串联游记,贵州全域/综合,贵州全域/综合,看的火气大
263744295105,114505791115215,避雷贵州原视频：希望以后节假日之前可以看见这篇贵阳贵州旅游避雷！！浪费了一个假期！,https://www.bilibili.com/video/av114505791115215,黑***夜,黎***y,,未知,2025-06-06 01:24,2025,19,0,5.49,强力种草/惊艳好评,1.0,餐饮美食与特色体验,酸汤系列与特色火锅 | 特色小吃与夜市文化 | 折耳根与口味适应度 | 老字号口碑 vs 网红营销店,餐饮美食与特色体验,酸汤系列与特色火锅,贵阳市区/黔灵山,贵阳市区/黔灵山,23年11月在贵阳玩了五天，市区内确实大景点不多，但是烟火气很足；美食的话，我只能说：贵州我的第二故乡[星星眼]本人四川人但是不吃折耳根，爱贵州一切土豆美食，玩了五天每天都吃了洋芋粑粑，在青云市集随便找了家烤鸡好吃到哭，第一次感受贵州辣椒的魅力，不辣但是香的要命，后面早饭就酒店对面开的一家很小的牛肉米线，自家做的糊辣椒超香牛肉也香，吃了两天后面实在早上起不来，酸汤火锅吃的贵厨，小食量两个人五十多就吃饱了，还有蔬菜小吃自助，其他还有很多小吃也是吃了，可能有些吃不惯，但是基本上是没踩雷的。贵阳可能不像有些城市有成熟的旅游业，但反而让人感受到平平淡淡才是真的烟火气。
263184076048,114505791115215,避雷贵州原视频：希望以后节假日之前可以看见这篇贵阳贵州旅游避雷！！浪费了一个假期！,https://www.bilibili.com/video/av114505791115215,黑***夜,神***塔,,未知,2025-05-19 08:37,2025,22,0,5.7,避坑预警/痛点吐槽,-1.0,自然风光与气候避暑,瀑布水景视觉震撼,自然风光与气候避暑,瀑布水景视觉震撼,贵州全域/综合,贵州全域/综合,避雷之前景点全是人，避雷之后还全是人，雷为什么只劈你呢[doge]
263715479425,114505791115215,避雷贵州原视频：希望以后节假日之前可以看见这篇贵阳贵州旅游避雷！！浪费了一个假期！,https://www.bilibili.com/video/av114505791115215,黑***夜,鱼***签,,未知,2025-06-05 19:36,2025,14,9,7.36,客观探讨/咨询互动,0.0,餐饮美食与特色体验,特色小吃与夜市文化,餐饮美食与特色体验,特色小吃与夜市文化,贵阳市区/黔灵山,贵阳市区/黔灵山,去贵阳只吃不玩 景点只逛了博物馆 评价是下次还想去[大哭]
264822976112,114505791115215,避雷贵州原视频：希望以后节假日之前可以看见这篇贵阳贵州旅游避雷！！浪费了一个假期！,https://www.bilibili.com/video/av114505791115215,黑***夜,炎***地,,未知,2025-06-06 16:33,2025,13,5,6.75,强力种草/惊艳好评,3.0,自然风光与气候避暑 | 餐饮美食与特色体验,喀斯特溶洞地质奇观 | 折耳根与口味适应度,自然风光与气候避暑,喀斯特溶洞地质奇观,黄果树瀑布 | 荔波小七孔 | 西江千户苗寨 | 贵阳市区/黔灵山 | 织金洞,黄果树瀑布,"去过两次贵州（全都是黄果树-苗寨-大小七孔+某些溶洞，还去爬了一个什么山一时间记不起来了），个人感觉贵州景点设施建设确实比起其他那些财大气粗的景点不足，但是人流量一样大，所以会有一点脏脏的乱乱的感觉，我推测一是因为贵州比较穷[笑哭]二是因为山地多确实建设困难。
但是贵州的山水真的太漂亮了，非常推荐淡季出游，是单单开车在路上都会被这种诡丽的美给惊艳到的，我爬黄果树水帘洞的时候真的一直哇塞，而且小景点也很精彩（不过要做好攻略，他们喜欢分段收票，要看好买的票含不含你要的项目），最后就是贵阳超无聊而且不要尝试折耳根奶茶[辣眼睛]"
264227888545,114505791115215,避雷贵州原视频：希望以后节假日之前可以看见这篇贵阳贵州旅游避雷！！浪费了一个假期！,https://www.bilibili.com/video/av114505791115215,黑***夜,怪***爷,,未知,2025-06-11 10:57,2025,11,3,6.11,避坑预警/痛点吐槽,-1.0,自然风光与气候避暑,瀑布水景视觉震撼,自然风光与气候避暑,瀑布水景视觉震撼,贵州全域/综合,贵州全域/综合,风景这些咱们都先不说，我真的很难见到有景区管理能烂到一定程度的，真的太失望了[热]
263823399345,114505791115215,避雷贵州原视频：希望以后节假日之前可以看见这篇贵阳贵州旅游避雷！！浪费了一个假期！,https://www.bilibili.com/video/av114505791115215,黑***夜,莉***丝,,未知,2025-06-06 22:39,2025,11,1,5.42,强力种草/惊艳好评,3.0,餐饮美食与特色体验 | 消费预算与综合性价比,酸汤系列与特色火锅 | 特色小吃与夜市文化 | 高性价比与平民消费好评,餐饮美食与特色体验,酸汤系列与特色火锅,荔波小七孔 | 贵阳市区/黔灵山,荔波小七孔,完全不同的看法哈哈，今年和朋友去的贵州，我俩感觉巨好玩，小七孔漂亮，贵阳美食多，而且便宜大碗。冰浆别吃黄瓜味，开心果味最好吃，还有土豆粑粑，胡辣椒豆腐丸子，酸汤火锅根本吃不够，牛肉特别新鲜。可惜就待了四天，下次去深度游，想去试试白酸锅虾酸锅豆米火锅
262443916561,114505791115215,避雷贵州原视频：希望以后节假日之前可以看见这篇贵阳贵州旅游避雷！！浪费了一个假期！,https://www.bilibili.com/video/av114505791115215,黑***夜,刀***冻,,未知,2025-05-22 10:08,2025,10,12,7.16,实战攻略/避坑技巧,0.2,自然风光与气候避暑,夏季清凉避暑体验,自然风光与气候避暑,夏季清凉避暑体验,遵义红色胜地/赤水,遵义红色胜地/赤水,遵义人建议夏天来遵义避暑[打call][打call]
267117763104,114290690430083,Vlog｜被全网骗来千户苗寨！避雷指南,https://www.bilibili.com/video/av114290690430083,一***巴,辅***事,,未知,2025-06-30 00:42,2025,144,59,12.56,客观探讨/咨询互动,0.0,综合旅游体验与漫游杂谈,全省概览/多景点串联游记,综合旅游体验与漫游杂谈,全省概览/多景点串联游记,西江千户苗寨,西江千户苗寨,唉，真正的苗寨没人知道，就只有这些请美女穿苗衣宣传的商业化“苗寨”大家才去看，没办法，真正的苗寨没流量谁知道啊，有商业才有流量，没商业也更没流量让人知道，只恨我不是什么大博主，要不然高低得拍个视频让你们看看真正的苗寨和苗族姑娘[笑哭]
259375195361,114290690430083,Vlog｜被全网骗来千户苗寨！避雷指南,https://www.bilibili.com/video/av114290690430083,一***巴,套***死,,未知,2025-04-13 09:21,2025,131,3,9.71,强力种草/惊艳好评,1.0,综合旅游体验与漫游杂谈,全省概览/多景点串联游记,综合旅游体验与漫游杂谈,全省概览/多景点串联游记,贵州全域/综合,贵州全域/综合,确实商业化太严重，免费的话还能看看
261346559056,114290690430083,Vlog｜被全网骗来千户苗寨！避雷指南,https://www.bilibili.com/video/av114290690430083,一***巴,夏***y,,未知,2025-04-26 20:40,2025,44,5,8.5,客观探讨/咨询互动,0.0,商业化程度与民俗真实感,旅拍乱象与服装套路,商业化程度与民俗真实感,旅拍乱象与服装套路,肇兴侗寨/加榜梯田,肇兴侗寨/加榜梯田,我去的贵州侗寨也差不多，看了up主拍的旅拍照，真的哪儿都一样[笑哭][笑哭]
268417882161,114290690430083,Vlog｜被全网骗来千户苗寨！避雷指南,https://www.bilibili.com/video/av114290690430083,一***巴,斑***豆,,未知,2025-07-22 08:04,2025,40,7,8.65,避坑预警/痛点吐槽,-1.0,自然风光与气候避暑 | 消费预算与综合性价比,瀑布水景视觉震撼 | 高性价比与平民消费好评,自然风光与气候避暑,瀑布水景视觉震撼,黄果树瀑布 | 荔波小七孔 | 西江千户苗寨,黄果树瀑布,很垃圾的一个地方，住宿更是垃圾中的垃圾，提供的早饭一个鸡蛋一个馒头一碗粥榨菜，其中大馒头像是好几天的，鸡蛋敲一下就很奇怪，软的不正常不敢吃，稀饭里米粒一团一团的，榨菜估计是买的最便宜的，没法吃。导游和我们说贵州线路必带西江千户苗寨，郁闷死了。小七孔还不错，大瀑布人太多了。
260550145009,114290690430083,Vlog｜被全网骗来千户苗寨！避雷指南,https://www.bilibili.com/video/av114290690430083,一***巴,洛***光,,未知,2025-04-28 12:40,2025,20,2,6.67,客观探讨/咨询互动,0.0,交通自驾与行程路况,山路弯道与自驾难度,交通自驾与行程路况,山路弯道与自驾难度,贵州全域/综合,贵州全域/综合,我去年去就在修，今年怎么还修的更厉害了[笑哭]去年好歹还有一半路是好路
260460266048,114290690430083,Vlog｜被全网骗来千户苗寨！避雷指南,https://www.bilibili.com/video/av114290690430083,一***巴,奉***食,,未知,2025-04-15 22:14,2025,19,5,7.29,客观探讨/咨询互动,0.0,餐饮美食与特色体验,特色小吃与夜市文化,餐饮美食与特色体验,特色小吃与夜市文化,西江千户苗寨,西江千户苗寨,贵州人表示西江苗寨真的是一手好牌打得稀烂，这么多年都评不上5A是不冤的[吃瓜]
275534155825,114290690430083,Vlog｜被全网骗来千户苗寨！避雷指南,https://www.bilibili.com/video/av114290690430083,一***巴,牧***喆,,未知,2025-09-24 12:03,2025,18,1,6.11,客观探讨/咨询互动,0.0,住宿价格与酒店民宿,景区内住宿 vs 市区中转选择,住宿价格与酒店民宿,景区内住宿 vs 市区中转选择,西江千户苗寨,西江千户苗寨,我现在正在苗寨，真是坑的要死，你看到的所有房子全部是用来做生意的[笑哭]
260864144417,114290690430083,Vlog｜被全网骗来千户苗寨！避雷指南,https://www.bilibili.com/video/av114290690430083,一***巴,孑***彡,,未知,2025-05-02 12:05,2025,18,0,5.42,强力种草/惊艳好评,2.0,商业化程度与民俗真实感,旅拍乱象与服装套路,商业化程度与民俗真实感,旅拍乱象与服装套路,贵州全域/综合,贵州全域/综合,夜景挺好看的，早晨在山道中走走，山雾缭绕，空气清新，很不错。但是，和丽江等古城一样，商业繁华，人声鼎沸，不喜欢。旅拍店非常多，拍照的也很多，对我这种只想体会安静氛围的人来说，没什么吸引力。
260547941809,114290690430083,Vlog｜被全网骗来千户苗寨！避雷指南,https://www.bilibili.com/video/av114290690430083,一***巴,炼***重,,未知,2025-04-28 12:13,2025,16,0,5.25,客观探讨/咨询互动,0.0,景区运营与排队管理,核心项目超长排队与拥堵,景区运营与排队管理,核心项目超长排队与拥堵,贵州全域/综合,贵州全域/综合,硬造的景区，能怎么样呢？[笑哭]
267117842048,114290690430083,Vlog｜被全网骗来千户苗寨！避雷指南,https://www.bilibili.com/video/av114290690430083,一***巴,国***员,,未知,2025-06-30 00:44,2025,14,0,5.06,客观探讨/咨询互动,0.0,餐饮美食与特色体验,特色小吃与夜市文化,餐饮美食与特色体验,特色小吃与夜市文化,贵州全域/综合,贵州全域/综合,这种过度商业化的地方是最无聊的，甚至不如陪你女朋友去逛商场吃饭拍照看电影。想要那种氛围感你就穿见汉服或者少民名字服饰去。听着是不是很怪异？怪就对了，这种景区就是这种拧巴怪异的。
274859936801,114290690430083,Vlog｜被全网骗来千户苗寨！避雷指南,https://www.bilibili.com/video/av114290690430083,一***巴,德***强,,未知,2025-09-17 00:09,2025,12,0,4.85,客观探讨/咨询互动,0.0,商业化程度与民俗真实感,旅拍乱象与服装套路 | 民俗表演与人文真实互动,商业化程度与民俗真实感,旅拍乱象与服装套路,贵州全域/综合,贵州全域/综合,去年五一无脑报了个贵州团，最后一站就是这鬼地方，直接把我的贵州旅游体验拉低一个档次。这地方怎么说呢，根本感受不到少数民族文化，商业化得也做得毫无特色，百分之七八十是旅拍店，逛了半小时就倍感无聊了；商业化又极其彻底，两条主路全是商店，有网友说往山上走走，我往山上走了发现全都是民宿；住宿条件也很糟，到处是建筑工地，楼挨着楼，没什么采光，在外面100不到的破房间这里标价600+，有团友直接就当场发飙要求旅行社换住宿；作为最大卖点的夜景，当你已经知道那些灯光不是你原先以为的“万家灯火”，也就失去绝大部分魅力了。
267033926944,114290690430083,Vlog｜被全网骗来千户苗寨！避雷指南,https://www.bilibili.com/video/av114290690430083,一***巴,m***-,,未知,2025-06-29 10:15,2025,12,1,5.54,强力种草/惊艳好评,1.0,交通自驾与行程路况,山路弯道与自驾难度,交通自驾与行程路况,山路弯道与自驾难度,西江千户苗寨 | 肇兴侗寨/加榜梯田,西江千户苗寨,10年之后西江就没意思了，本地人苗寨推荐岜沙，侗寨推荐堂安。堂安在山腰有步道可以一路走到著名的肇兴。
267162025696,114290690430083,Vlog｜被全网骗来千户苗寨！避雷指南,https://www.bilibili.com/video/av114290690430083,一***巴,魏***卷,,未知,2025-06-30 14:21,2025,10,0,4.6,强力种草/惊艳好评,1.0,商业化程度与民俗真实感 | 消费预算与综合性价比,千户苗寨商业化过度/同质化 | 民俗表演与人文真实互动 | 高性价比与平民消费好评,商业化程度与民俗真实感,千户苗寨商业化过度/同质化,贵州全域/综合,贵州全域/综合,其实就是一条非常漂亮的商业街，东西也不贵单纯看景色散心很不错，其余文化，特色民宿，少数民族美女是一概没有的，我倒是很喜欢这
283662474064,115621224255987,这个贵州五线小城，凭什么是中国“吃商”最高的城市？,https://www.bilibili.com/video/av115621224255987,盗***记,木***的,,未知,2025-11-27 18:57,2025,1714,24,15.39,客观探讨/咨询互动,0.0,综合旅游体验与漫游杂谈,全省概览/多景点串联游记,综合旅游体验与漫游杂谈,全省概览/多景点串联游记,贵州全域/综合,贵州全域/综合,随手按暂停截到的[doge][doge][doge]
283663237632,115621224255987,这个贵州五线小城，凭什么是中国“吃商”最高的城市？,https://www.bilibili.com/video/av115621224255987,盗***记,伪***愿,,未知,2025-11-27 19:03,2025,2195,104,17.2,客观探讨/咨询互动,0.0,餐饮美食与特色体验,特色小吃与夜市文化,餐饮美食与特色体验,特色小吃与夜市文化,贵州全域/综合,贵州全域/综合,家人们尝尝我的克家菜怎么样[doge_金箍]
283665460640,115621224255987,这个贵州五线小城，凭什么是中国“吃商”最高的城市？,https://www.bilibili.com/video/av115621224255987,盗***记,玟***g,,未知,2025-11-27 19:27,2025,1818,14,14.97,客观探讨/咨询互动,0.0,交通自驾与行程路况,高铁大巴换乘与班次衔接,交通自驾与行程路况,高铁大巴换乘与班次衔接,贵州全域/综合,贵州全域/综合,我爸单位之前很多贵州的项目，去修路修桥，项目部在那种要绕好多只有土路回头上坡弯才能到的地方，暑假去找他得火车倒客车还得开很久，当时不理解他们单位为什么总有这么多很偏多项目，因为一年都不怎么见面所以和他的关系一直都不怎么好，去年过年和朋友说走就走去广西玩开车路过贵州，朋友感叹好厉害啊，在山中间硬修出来座桥，也太不容易了，好像到那天我才理解了他在我生命中一场场的缺席。
283685420320,115621224255987,这个贵州五线小城，凭什么是中国“吃商”最高的城市？,https://www.bilibili.com/video/av115621224255987,盗***记,木***文,,未知,2025-11-27 23:06,2025,900,321,16.98,客观探讨/咨询互动,0.0,消费预算与综合性价比,高性价比与平民消费好评,消费预算与综合性价比,高性价比与平民消费好评,贵州全域/综合,贵州全域/综合,有没有本地人聊聊！过年去贵州玩合适不
283715206672,115621224255987,这个贵州五线小城，凭什么是中国“吃商”最高的城市？,https://www.bilibili.com/video/av115621224255987,盗***记,内***比,,未知,2025-11-28 10:58,2025,958,28,14.67,客观探讨/咨询互动,0.0,餐饮美食与特色体验,特色小吃与夜市文化,餐饮美食与特色体验,特色小吃与夜市文化,贵州全域/综合,贵州全域/综合,提醒北方朋友一下，第一次到贵州吃当地小吃会有“啊这什么玩意[疑惑]”的感觉。。。一定要忍过前两天[doge]然后你就会发现打开了新世界的大门，越吃越上头。我现在已经认为贵州美食全国top2了[星星眼]
281767465137,115621224255987,这个贵州五线小城，凭什么是中国“吃商”最高的城市？,https://www.bilibili.com/video/av115621224255987,盗***记,盗***记,,未知,2025-11-27 19:01,2025,1658,941,18.97,客观探讨/咨询互动,0.0,消费预算与综合性价比,高性价比与平民消费好评,消费预算与综合性价比,高性价比与平民消费好评,贵州全域/综合,贵州全域/综合,集合啦：安顺的朋友扣1，贵州的朋友扣2，其他地方的朋友扣666！想看看大家在哪里～[爱心]
281768760961,115621224255987,这个贵州五线小城，凭什么是中国“吃商”最高的城市？,https://www.bilibili.com/video/av115621224255987,盗***记,吃***图,,未知,2025-11-27 19:15,2025,1009,44,15.18,客观探讨/咨询互动,0.0,餐饮美食与特色体验,特色小吃与夜市文化,餐饮美食与特色体验,特色小吃与夜市文化,贵州全域/综合,贵州全域/综合,"本期美食汇总 我先来：
溪屯肠来肠往屯堡烤小肠(安顺总店)-西秀区东关街道龙青路竹园清水湾B区空架负1-19号商铺
粉档-衙街8号1栋14号铺面
伍毛烧烤(体育路店)-西秀区富佳花园(体育路)
缺爆米花猪蹄和夺夺粉 本地朋友补充下[呲牙]"
283683034288,115621224255987,这个贵州五线小城，凭什么是中国“吃商”最高的城市？,https://www.bilibili.com/video/av115621224255987,盗***记,粉***父,,未知,2025-11-27 22:40,2025,1363,180,17.03,客观探讨/咨询互动,0.0,交通自驾与行程路况,山路弯道与自驾难度,交通自驾与行程路况,山路弯道与自驾难度,贵州全域/综合,贵州全域/综合,他喵的想来的哥们可以私信联系我，视频里的地方我可以给各位指路[打call][打call]为我安顺举旗
281794708849,115621224255987,这个贵州五线小城，凭什么是中国“吃商”最高的城市？,https://www.bilibili.com/video/av115621224255987,盗***记,枭***懿,,未知,2025-11-28 00:10,2025,1048,37,15.07,客观探讨/咨询互动,0.0,综合旅游体验与漫游杂谈,全省概览/多景点串联游记,综合旅游体验与漫游杂谈,全省概览/多景点串联游记,贵州全域/综合,贵州全域/综合,安顺的社员来啦！！！是谁拥有大家的合照！！！是我！！！我超爱！
283663772512,115621224255987,这个贵州五线小城，凭什么是中国“吃商”最高的城市？,https://www.bilibili.com/video/av115621224255987,盗***记,趔***啊,,未知,2025-11-27 19:08,2025,1519,87,16.47,客观探讨/咨询互动,0.0,餐饮美食与特色体验,特色小吃与夜市文化,餐饮美食与特色体验,特色小吃与夜市文化,贵州全域/综合,贵州全域/综合,搜到了，36.8自助是这家店[doge]
281922080529,115621224255987,这个贵州五线小城，凭什么是中国“吃商”最高的城市？,https://www.bilibili.com/video/av115621224255987,盗***记,洛***季,,未知,2025-11-29 12:48,2025,806,55,15.07,强力种草/惊艳好评,3.0,餐饮美食与特色体验 | 景区运营与排队管理,酸汤系列与特色火锅 | 特色小吃与夜市文化 | 折耳根与口味适应度 | 老字号口碑 vs 网红营销店 | 核心项目超长排队与拥堵,餐饮美食与特色体验,酸汤系列与特色火锅,黄果树瀑布,黄果树瀑布,作为本地吃货推荐一些我自己常吃爱吃又有代表性的吧：1.肉饼吃顾府街新桥罗记肉饼（他家的脆皮和肉馅调的最好）2.小锅凉粉吃西街乐购城小忆小锅凉粉（她家老太太一个人做的，腌菜酸味调的最好，特色豆腐皮沾辣椒也很有特色）。3。脆皮猪脚不怕远的话去苗岭屯堡旁的凤翥酒楼，灌汤脆皮猪脚他家是发源地，而且他家的酸笋红豆锅底独一家特色很下饭，其他家都是只学了猪脚一般的酸汤不如他家的风味足。4.喜欢吃牛肉清汤锅一定要去吃花鸟市场老杨牛杂（虽然说打的招牌是牛杂，实际我只推荐鲜牛肉和牛黄筋，他家的牛肉绝对是出口潮汕打边炉的品质，现在已经出圈了夏天排大队建议早去）。5.安顺最有代表性的烤肉红袖套，安顺吃烧烤有一句话，这家烧烤是红袖套的味道，他家的刷酱油辣椒面的方式影响了安顺烧烤风向（老店在安顺老大十字凉粉街路口，只卖大串，如果去老店，旁边的山城冰粉和凉拌凉粉都可以一起品尝，如果要去逛安顺古城街，可以去新店，新店女儿开的有小串的卖）。6.牛肉粉（老大十字北街的支记最出名，请认准这一家，其他支记都不如，特点是牛肉做得好，别家的牛肉不如他家的炖的比较软烂会比较柴，新大十字小巷子里的蒋记也不错，特点是清汤，还有牛肉馄饨好吃。）7.红豆牛肉豆米红汤火锅，这个发源地是安顺平坝县（区）的红艳清真餐馆的是首家最正宗，市区的话都差不多。8.烧椒牛肉，最近两年安顺新流行的吃法，远山烧椒牛肉不是第一家但是出品稳定推荐（第一家不知道是谁了），烧辣椒茄子牛肉锅底只有那么下饭了。9.断桥青椒鱼推荐吃鲁记的，这个是安顺关岭断桥发源地家老店在安顺开的，分店在安顺很多，这个偏辣，爱吃辣的可以去试试，但是只要你能吃辣就绝对不会让你失望，推荐点鱼的时候用黄辣丁小鱼，特色是青花椒青椒西红柿锅底搭配断桥最出名的糊辣椒沾水。10。裹卷两巨头都在西西弗书店楼下，建议不吃辣的点王记的番茄肉末味，吃辣的可以点何记的或者王记的都行，另外何记本人最爱吃的是凉面，我觉得他家凉面远比其他家出色，裹卷反而差距不大。11油炸粑稀饭，新桥罗记油炸粑稀饭就很稳定，如果在西街附近住，西街顶十字路口附近有一家油炸粑稀饭老店以及隔壁的油炸鸡蛋糕都可以一起试试。
283664333888,115621224255987,这个贵州五线小城，凭什么是中国“吃商”最高的城市？,https://www.bilibili.com/video/av115621224255987,盗***记,焦***二,,未知,2025-11-27 19:15,2025,888,6,13.13,客观探讨/咨询互动,0.0,消费预算与综合性价比,高性价比与平民消费好评,消费预算与综合性价比,高性价比与平民消费好评,贵州全域/综合,贵州全域/综合,更正一下捏，其实并不是只有安顺人才拿自己的头像做logo，其实咱整个贵州都这样做
283962927696,115621224255987,这个贵州五线小城，凭什么是中国“吃商”最高的城市？,https://www.bilibili.com/video/av115621224255987,盗***记,棠***依,,未知,2025-11-30 18:28,2025,642,6,12.65,客观探讨/咨询互动,0.0,综合旅游体验与漫游杂谈,全省概览/多景点串联游记,综合旅游体验与漫游杂谈,全省概览/多景点串联游记,贵州全域/综合,贵州全域/综合,我们的作品也出现在你们的作品里了呢[脱单doge][脱单doge][脱单doge]
281769498865,115621224255987,这个贵州五线小城，凭什么是中国“吃商”最高的城市？,https://www.bilibili.com/video/av115621224255987,盗***记,芙***冻,,未知,2025-11-27 19:24,2025,512,78,14.73,客观探讨/咨询互动,0.0,综合旅游体验与漫游杂谈,全省概览/多景点串联游记,综合旅游体验与漫游杂谈,全省概览/多景点串联游记,贵州全域/综合,贵州全域/综合,我在上海过的什么苦日子啊[大哭][大哭][大哭]
283669967232,115621224255987,这个贵州五线小城，凭什么是中国“吃商”最高的城市？,https://www.bilibili.com/video/av115621224255987,盗***记,s***g,,未知,2025-11-27 20:17,2025,413,10,12.44,客观探讨/咨询互动,0.0,综合旅游体验与漫游杂谈,全省概览/多景点串联游记,综合旅游体验与漫游杂谈,全省概览/多景点串联游记,贵州全域/综合,贵州全域/综合,终于见到了我b站最爱的博主没有之一！特别欢迎你们来到了我的家乡安顺[星星眼]（线下沐上真的好帅，树梢还有狒狒真的又高又美，没有白费偷偷从单位跑来见你们哈哈哈）
281952232529,115621224255987,这个贵州五线小城，凭什么是中国“吃商”最高的城市？,https://www.bilibili.com/video/av115621224255987,盗***记,岑***喵,,未知,2025-11-29 18:32,2025,344,14,12.47,客观探讨/咨询互动,0.0,消费预算与综合性价比,高性价比与平民消费好评,消费预算与综合性价比,高性价比与平民消费好评,贵州全域/综合,贵州全域/综合,有没有本地人说一下，要多少钱去养老比较好？
281767719409,115621224255987,这个贵州五线小城，凭什么是中国“吃商”最高的城市？,https://www.bilibili.com/video/av115621224255987,盗***记,陈***囍,,未知,2025-11-27 19:04,2025,349,27,13.12,客观探讨/咨询互动,0.0,综合旅游体验与漫游杂谈,全省概览/多景点串联游记,综合旅游体验与漫游杂谈,全省概览/多景点串联游记,贵州全域/综合,贵州全域/综合,你跟我说这是50岁？？？？？？？？？
291362567089,115621224255987,这个贵州五线小城，凭什么是中国“吃商”最高的城市？,https://www.bilibili.com/video/av115621224255987,盗***记,卡***酱,,未知,2026-02-26 18:37,2026,276,23,12.61,强力种草/惊艳好评,2.0,餐饮美食与特色体验,特色小吃与夜市文化,餐饮美食与特色体验,特色小吃与夜市文化,贵阳市区/黔灵山 | 遵义红色胜地/赤水,贵阳市区/黔灵山,我！就是看了这个视频去的安顺！！比贵阳好玩！比遵义好吃！安顺！藏太深！安顺！牛逼！宫鼎茶就喝那款牛油果！好喝！经济！！
281774088641,115621224255987,这个贵州五线小城，凭什么是中国“吃商”最高的城市？,https://www.bilibili.com/video/av115621224255987,盗***记,M***y,,未知,2025-11-27 20:15,2025,362,78,14.21,强力种草/惊艳好评,1.0,餐饮美食与特色体验,特色小吃与夜市文化,餐饮美食与特色体验,特色小吃与夜市文化,贵州全域/综合,贵州全域/综合,我个人排名：安顺美食好吃排名高于成都[打call]
281835299201,115621224255987,这个贵州五线小城，凭什么是中国“吃商”最高的城市？,https://www.bilibili.com/video/av115621224255987,盗***记,酷***a,,未知,2025-11-28 14:56,2025,371,103,14.52,客观探讨/咨询互动,0.0,餐饮美食与特色体验,特色小吃与夜市文化,餐饮美食与特色体验,特色小吃与夜市文化,贵州全域/综合,贵州全域/综合,大家不好奇他们怎么做到36.8一位还能盈利的吗，他这就算覆盖了食材成本，还有店面人工和水电成本啊
283684818816,115621224255987,这个贵州五线小城，凭什么是中国“吃商”最高的城市？,https://www.bilibili.com/video/av115621224255987,盗***记,w***c,,未知,2025-11-27 22:58,2025,255,13,11.96,客观探讨/咨询互动,0.0,餐饮美食与特色体验,酸汤系列与特色火锅,餐饮美食与特色体验,酸汤系列与特色火锅,贵州全域/综合,贵州全域/综合,快回来，还有三十块一个人的牛肉红豆火锅没吃呢[大哭]
283667278224,115621224255987,这个贵州五线小城，凭什么是中国“吃商”最高的城市？,https://www.bilibili.com/video/av115621224255987,盗***记,深***丶,,未知,2025-11-27 19:48,2025,220,61,13.22,客观探讨/咨询互动,0.0,餐饮美食与特色体验,折耳根与口味适应度,餐饮美食与特色体验,折耳根与口味适应度,贵州全域/综合,贵州全域/综合,其他都好，但是真的接受不了折耳根，可能我之前吃的都不正宗[笑哭]
281892636017,115621224255987,这个贵州五线小城，凭什么是中国“吃商”最高的城市？,https://www.bilibili.com/video/av115621224255987,盗***记,p***峰,,未知,2025-11-29 02:19,2025,221,2,10.2,客观探讨/咨询互动,0.0,综合旅游体验与漫游杂谈,全省概览/多景点串联游记,综合旅游体验与漫游杂谈,全省概览/多景点串联游记,贵州全域/综合,贵州全域/综合,无敌构图
283695318752,115621224255987,这个贵州五线小城，凭什么是中国“吃商”最高的城市？,https://www.bilibili.com/video/av115621224255987,盗***记,D***J,,未知,2025-11-28 01:18,2025,184,52,12.8,强力种草/惊艳好评,1.0,餐饮美食与特色体验,特色小吃与夜市文化,餐饮美食与特色体验,特色小吃与夜市文化,贵州全域/综合,贵州全域/综合,"没恶意啊，第一家看食材，感觉一般般，那个小肠有更好吃的做法，性价比确实高。但是那个灌汤猪脚。。。。感觉超级好吃。
本地的哥哥们是这样的吗？"
283701343744,115621224255987,这个贵州五线小城，凭什么是中国“吃商”最高的城市？,https://www.bilibili.com/video/av115621224255987,盗***记,A***_,,未知,2025-11-28 05:20,2025,141,11,10.92,强力种草/惊艳好评,1.0,餐饮美食与特色体验,特色小吃与夜市文化 | 折耳根与口味适应度,餐饮美食与特色体验,特色小吃与夜市文化,贵州全域/综合,贵州全域/综合,自助烤小肠那家的比较一般，小肠就普通烤小肠，蘸料也就普通蘸料（比起其他一些对蘸料更讲究的店来说就不太够看了），虽然也有其他品类和熟食，但其他的出品和口味都不太出色，而且我去吃的那天人很多补货很慢。想专吃烤小肠吃到饱可以去吃毕竟是自助，想吃好点的烧烤就不如去其他口味更好的店单点[笑哭]当然三十多块钱自助不追求太多的话还是不错的，不过外地人去玩一趟还是推荐多花点预算去附近出品更好的店单点。
281782736017,115621224255987,这个贵州五线小城，凭什么是中国“吃商”最高的城市？,https://www.bilibili.com/video/av115621224255987,盗***记,霁***欢,,未知,2025-11-27 21:53,2025,130,2,9.41,强力种草/惊艳好评,2.0,自然风光与气候避暑 | 交通自驾与行程路况,瀑布水景视觉震撼 | 包车打车与出租车避坑 | 高铁大巴换乘与班次衔接,自然风光与气候避暑,瀑布水景视觉震撼,黄果树瀑布,黄果树瀑布,"前几天才从贵州回来，贵州真的很安逸，贵州人真的很朴素特别友好，我们不买东西他们都很热情，甚至于火车站那些开出租和网约车的大哥都是客气的不得了，前一秒拉客被我拒绝了，后一秒我问路还笑嘻嘻的带着我出去给我指路[大哭]而且东西真的超级好吃，我后悔没在安顺多待一会了，说不定还能偶遇树梢和母上。
（给大家分享一个黄果树瀑布的双彩虹[星星眼]）"
281771528817,115621224255987,这个贵州五线小城，凭什么是中国“吃商”最高的城市？,https://www.bilibili.com/video/av115621224255987,盗***记,w***a,,未知,2025-11-27 19:47,2025,142,6,10.39,客观探讨/咨询互动,0.0,综合旅游体验与漫游杂谈,全省概览/多景点串联游记,综合旅游体验与漫游杂谈,全省概览/多景点串联游记,贵州全域/综合,贵州全域/综合,那位真的是50吗？[笑哭]
281893929361,115621224255987,这个贵州五线小城，凭什么是中国“吃商”最高的城市？,https://www.bilibili.com/video/av115621224255987,盗***记,变***郎,,未知,2025-11-29 02:55,2025,119,16,11.01,客观探讨/咨询互动,0.0,餐饮美食与特色体验,特色小吃与夜市文化,餐饮美食与特色体验,特色小吃与夜市文化,贵州全域/综合,贵州全域/综合,继续店名具体地址！还有小吃街！寒假我要去吃！！！
283995335008,115621224255987,这个贵州五线小城，凭什么是中国“吃商”最高的城市？,https://www.bilibili.com/video/av115621224255987,盗***记,吹***呀,,未知,2025-11-30 23:55,2025,95,44,11.65,客观探讨/咨询互动,0.0,餐饮美食与特色体验,特色小吃与夜市文化 | 折耳根与口味适应度,餐饮美食与特色体验,特色小吃与夜市文化,贵州全域/综合,贵州全域/综合,请问下大家对腥味很敏感的能吃的惯折耳根吗？之前尝试过一口太腥了就吐掉了[保卫萝卜_哭哭]但是现在看贵州各种小吃都好香啊，想问下大家如果硬吃几顿能不能吃惯🤤🤤🤤
283669451440,115621224255987,这个贵州五线小城，凭什么是中国“吃商”最高的城市？,https://www.bilibili.com/video/av115621224255987,盗***记,这***A,,未知,2025-11-27 20:11,2025,90,1,8.46,客观探讨/咨询互动,0.0,综合旅游体验与漫游杂谈,全省概览/多景点串联游记,综合旅游体验与漫游杂谈,全省概览/多景点串联游记,贵州全域/综合,贵州全域/综合,社员报到！
283665289856,115621224255987,这个贵州五线小城，凭什么是中国“吃商”最高的城市？,https://www.bilibili.com/video/av115621224255987,盗***记,一***币,,未知,2025-11-27 19:25,2025,90,78,12.14,客观探讨/咨询互动,0.0,餐饮美食与特色体验,酸汤系列与特色火锅,餐饮美食与特色体验,酸汤系列与特色火锅,贵州全域/综合,贵州全域/综合,豆米火锅到底啥味啊
281888322081,115621224255987,这个贵州五线小城，凭什么是中国“吃商”最高的城市？,https://www.bilibili.com/video/av115621224255987,盗***记,最***沫,,未知,2025-11-29 00:55,2025,81,6,9.56,强力种草/惊艳好评,2.0,餐饮美食与特色体验,酸汤系列与特色火锅,餐饮美食与特色体验,酸汤系列与特色火锅,贵州全域/综合,贵州全域/综合,暑假和女朋友一起去贵州，那边的吃的真的很不错，最喜欢吃的还是酸汤牛肉火锅，三天吃了差不多10盘肉，一盘肉大概半斤，太好吃了，明年估摸着要不要再去吃[笑哭][笑哭][笑哭]
281917016625,115621224255987,这个贵州五线小城，凭什么是中国“吃商”最高的城市？,https://www.bilibili.com/video/av115621224255987,盗***记,t***8,,未知,2025-11-29 11:57,2025,79,8,9.77,客观探讨/咨询互动,0.0,综合旅游体验与漫游杂谈,全省概览/多景点串联游记,综合旅游体验与漫游杂谈,全省概览/多景点串联游记,贵州全域/综合,贵州全域/综合,"街上每个人都有着发自内心的笑容，不敢想象这座城市有多幸福。
PS:美女老板真的太漂亮了，竟然50了。。"
283708569024,115621224255987,这个贵州五线小城，凭什么是中国“吃商”最高的城市？,https://www.bilibili.com/video/av115621224255987,盗***记,双***选,,未知,2025-11-28 09:17,2025,97,4,9.49,客观探讨/咨询互动,0.0,餐饮美食与特色体验,特色小吃与夜市文化,餐饮美食与特色体验,特色小吃与夜市文化,贵州全域/综合,贵州全域/综合,众所周知，吃商太高容易吃伤……
283687315328,115621224255987,这个贵州五线小城，凭什么是中国“吃商”最高的城市？,https://www.bilibili.com/video/av115621224255987,盗***记,筱***a,,未知,2025-11-27 23:26,2025,97,27,11.21,客观探讨/咨询互动,0.0,综合旅游体验与漫游杂谈,全省概览/多景点串联游记,综合旅游体验与漫游杂谈,全省概览/多景点串联游记,贵州全域/综合,贵州全域/综合,准备go[星星眼]
281767559041,115621224255987,这个贵州五线小城，凭什么是中国“吃商”最高的城市？,https://www.bilibili.com/video/av115621224255987,盗***记,就***人,,未知,2025-11-27 19:01,2025,77,20,10.58,客观探讨/咨询互动,0.0,自然风光与气候避暑,瀑布水景视觉震撼,自然风光与气候避暑,瀑布水景视觉震撼,贵州全域/综合,贵州全域/综合,不是哥们三天怎么炫19顿呀？一天6.3顿？咋做到的。
283669311600,115621224255987,这个贵州五线小城，凭什么是中国“吃商”最高的城市？,https://www.bilibili.com/video/av115621224255987,盗***记,p***a,,未知,2025-11-27 20:09,2025,74,14,10.18,强力种草/惊艳好评,1.0,餐饮美食与特色体验,特色小吃与夜市文化 | 老字号口碑 vs 网红营销店,餐饮美食与特色体验,特色小吃与夜市文化,贵州全域/综合,贵州全域/综合,天呐以前看别的地方的美食我都没有什么强烈的冲动，这里我是真的一下子就被种草了，我也要去安顺！[喜欢]
281887416273,115621224255987,这个贵州五线小城，凭什么是中国“吃商”最高的城市？,https://www.bilibili.com/video/av115621224255987,盗***记,我***诚,,未知,2025-11-29 00:44,2025,74,5,9.27,强力种草/惊艳好评,1.0,餐饮美食与特色体验,特色小吃与夜市文化,餐饮美食与特色体验,特色小吃与夜市文化,贵州全域/综合,贵州全域/综合,哈哈哈，安顺土著路过[呲牙]，第一个烤小肠是清水湾的那家，烧烤是富佳花园的五毛烧烤[呲牙]但是五毛烧烤很贵我推荐你们吃纠纠小肉串[藏狐]，
281767387377,115621224255987,这个贵州五线小城，凭什么是中国“吃商”最高的城市？,https://www.bilibili.com/video/av115621224255987,盗***记,b***e,,未知,2025-11-27 19:01,2025,89,6,9.7,客观探讨/咨询互动,0.0,综合旅游体验与漫游杂谈,全省概览/多景点串联游记,综合旅游体验与漫游杂谈,全省概览/多景点串联游记,贵州全域/综合,贵州全域/综合,总算来了期正常节目啦！
284436289440,115621224255987,这个贵州五线小城，凭什么是中国“吃商”最高的城市？,https://www.bilibili.com/video/av115621224255987,盗***记,说***头,,未知,2025-12-05 17:23,2025,69,10,9.77,客观探讨/咨询互动,0.0,餐饮美食与特色体验,特色小吃与夜市文化,餐饮美食与特色体验,特色小吃与夜市文化,贵州全域/综合,贵州全域/综合,谢邀 人从130吃成136，七天
283677645328,115621224255987,这个贵州五线小城，凭什么是中国“吃商”最高的城市？,https://www.bilibili.com/video/av115621224255987,盗***记,B***机,,未知,2025-11-27 21:42,2025,73,12,10.02,强力种草/惊艳好评,1.0,餐饮美食与特色体验,特色小吃与夜市文化,餐饮美食与特色体验,特色小吃与夜市文化,贵州全域/综合,贵州全域/综合,唉明年回老家贵州了，工资低点就低点吧，在上海好吃的吃不起，不好吃的看都看不上。
281799970225,115621224255987,这个贵州五线小城，凭什么是中国“吃商”最高的城市？,https://www.bilibili.com/video/av115621224255987,盗***记,D***3,,未知,2025-11-28 01:40,2025,57,3,8.48,强力种草/惊艳好评,1.0,自然风光与气候避暑 | 餐饮美食与特色体验,高山峡谷与世界级桥梁 | 酸汤系列与特色火锅 | 特色小吃与夜市文化,自然风光与气候避暑,高山峡谷与世界级桥梁,贵州全域/综合,贵州全域/综合,离家很多年的安顺人看到越来越多人发现这座宝藏小城真的很开心！安顺人是真的嘴很刁，很舍得在吃上花心思，有很多值得探索的美食！视频最后有点感动，这一座座大山曾经阻隔了好多梦想和发展的可能，本地人是真的能体会到是这样奇迹般的大桥带来了更多外地的朋友们，也给大山背后苦了很久的人们带来了更多希望。这两年每次回家都会感受到家乡人民是由衷的开心和自豪“我们安顺真的是旅游城市了嘞”，我也惊叹于现在需要跟着视频去找安顺时下最火的小吃啦[惊喜]谢谢盗月社的视频不仅展现了五花八门的小吃，也有这座小城里氤氲着各种火锅味道的温暖人情。正如小城的名字，平安顺意，这里给我的感觉总是像冷雨夜里的一碗熨帖浓汤，也许没有那么五光十色，却总有朴实又鲜美的滋味。欢迎大家来安顺！
283819024464,115621224255987,这个贵州五线小城，凭什么是中国“吃商”最高的城市？,https://www.bilibili.com/video/av115621224255987,盗***记,小***月,,未知,2025-11-29 12:02,2025,62,9,9.52,客观探讨/咨询互动,0.0,综合旅游体验与漫游杂谈,全省概览/多景点串联游记,综合旅游体验与漫游杂谈,全省概览/多景点串联游记,贵州全域/综合,贵州全域/综合,每次看这种视频 都觉得北京跟其它地方有汇率差
283705987776,115621224255987,这个贵州五线小城，凭什么是中国“吃商”最高的城市？,https://www.bilibili.com/video/av115621224255987,盗***记,A***豆,,未知,2025-11-28 08:33,2025,54,6,8.96,强力种草/惊艳好评,1.0,餐饮美食与特色体验,特色小吃与夜市文化,餐饮美食与特色体验,特色小吃与夜市文化,贵州全域/综合,贵州全域/综合,我真的好爱贵州美食！明年一定要去！
281989301809,115621224255987,这个贵州五线小城，凭什么是中国“吃商”最高的城市？,https://www.bilibili.com/video/av115621224255987,盗***记,复***耳,,未知,2025-11-30 00:31,2025,46,0,6.78,客观探讨/咨询互动,0.0,餐饮美食与特色体验,特色小吃与夜市文化,餐饮美食与特色体验,特色小吃与夜市文化,贵州全域/综合,贵州全域/综合,宝子，“夺”在西南官话中（云贵川渝）表示“戳”这个意思，就是用竹签扎入米豆腐，然后挑起来，吃掉。所以叫夺夺粉，跟争抢抢夺是没有关系的。
231962520176,1206216443,家人们，被语文书骗了，黄果树就这？？,https://www.bilibili.com/video/av1206216443,-***-,无***e,,未知,2024-07-17 15:59,2024,1816,23,15.44,客观探讨/咨询互动,0.0,自然风光与气候避暑,瀑布水景视觉震撼,自然风光与气候避暑,瀑布水景视觉震撼,黄果树瀑布,黄果树瀑布,去过，去的枯水期，水帘洞可以走，一天玩了三景点走了快3万步[跪了]
232057761472,1206216443,家人们，被语文书骗了，黄果树就这？？,https://www.bilibili.com/video/av1206216443,-***-,l***r,,未知,2024-07-17 23:53,2024,1292,26,15.04,客观探讨/咨询互动,0.0,自然风光与气候避暑,瀑布水景视觉震撼,自然风光与气候避暑,瀑布水景视觉震撼,贵州全域/综合,贵州全域/综合,想起以前去的时候正值汛期，真的是“黄”果树瀑布[doge]
231963694992,1206216443,家人们，被语文书骗了，黄果树就这？？,https://www.bilibili.com/video/av1206216443,-***-,-***-,,未知,2024-07-17 16:06,2024,985,43,15.12,客观探讨/咨询互动,0.0,景区运营与排队管理,核心项目超长排队与拥堵,景区运营与排队管理,核心项目超长排队与拥堵,贵州全域/综合,贵州全域/综合,开始强身健体，走不动真的走不动2333322
231959893696,1206216443,家人们，被语文书骗了，黄果树就这？？,https://www.bilibili.com/video/av1206216443,-***-,跑***潇,,未知,2024-07-17 15:42,2024,924,13,13.88,客观探讨/咨询互动,0.0,自然风光与气候避暑,瀑布水景视觉震撼,自然风光与气候避暑,瀑布水景视觉震撼,黄果树瀑布,黄果树瀑布,去年四月去的黄果树瀑布，真心觉得现场感受到的那种壮观和冲击力任何视频与图片都是无法还原的，小学语文课本真的是诚不欺我[给心心]
231959548848,1206216443,家人们，被语文书骗了，黄果树就这？？,https://www.bilibili.com/video/av1206216443,-***-,天***鸟,,未知,2024-07-17 15:39,2024,843,13,13.75,客观探讨/咨询互动,0.0,自然风光与气候避暑,瀑布水景视觉震撼,自然风光与气候避暑,瀑布水景视觉震撼,贵州全域/综合,贵州全域/综合,可以进瀑布内部的时候[妙啊]
231958441264,1206216443,家人们，被语文书骗了，黄果树就这？？,https://www.bilibili.com/video/av1206216443,-***-,莓***-,,未知,2024-07-17 15:33,2024,605,24,13.83,客观探讨/咨询互动,0.0,消费预算与综合性价比,高性价比与平民消费好评,消费预算与综合性价比,高性价比与平民消费好评,贵州全域/综合,贵州全域/综合,哇   我也准备去贵州玩
231957748752,1206216443,家人们，被语文书骗了，黄果树就这？？,https://www.bilibili.com/video/av1206216443,-***-,是***呐,,未知,2024-07-17 15:28,2024,359,18,12.77,客观探讨/咨询互动,0.0,餐饮美食与特色体验,特色小吃与夜市文化,餐饮美食与特色体验,特色小吃与夜市文化,贵州全域/综合,贵州全域/综合,四天前刚去[吃瓜][吃瓜]比广东凉快
231960713168,1206216443,家人们，被语文书骗了，黄果树就这？？,https://www.bilibili.com/video/av1206216443,-***-,嗨***0,,未知,2024-07-17 15:48,2024,382,9,12.22,客观探讨/咨询互动,0.0,综合旅游体验与漫游杂谈,全省概览/多景点串联游记,综合旅游体验与漫游杂谈,全省概览/多景点串联游记,贵州全域/综合,贵州全域/综合,我现在就在
231963358496,1206216443,家人们，被语文书骗了，黄果树就这？？,https://www.bilibili.com/video/av1206216443,-***-,桃***剑,,未知,2024-07-17 16:04,2024,281,32,12.96,客观探讨/咨询互动,0.0,自然风光与气候避暑,瀑布水景视觉震撼,自然风光与气候避暑,瀑布水景视觉震撼,黄果树瀑布,黄果树瀑布,这瀑布也没黄果树呀[脱单doge]
231958135296,1206216443,家人们，被语文书骗了，黄果树就这？？,https://www.bilibili.com/video/av1206216443,-***-,是***啊,,未知,2024-07-17 15:31,2024,208,45,12.84,客观探讨/咨询互动,0.0,餐饮美食与特色体验,特色小吃与夜市文化,餐饮美食与特色体验,特色小吃与夜市文化,贵州全域/综合,贵州全域/综合,贵州真的好凉快[吃瓜]
231958328416,1206216443,家人们，被语文书骗了，黄果树就这？？,https://www.bilibili.com/video/av1206216443,-***-,你***i,,未知,2024-07-17 15:31,2024,276,22,12.57,强力种草/惊艳好评,1.0,餐饮美食与特色体验,特色小吃与夜市文化,餐饮美食与特色体验,特色小吃与夜市文化,贵州全域/综合,贵州全域/综合,最近觉得小萌变好看了，请问是什么原因[吃瓜]
231971937344,1206216443,家人们，被语文书骗了，黄果树就这？？,https://www.bilibili.com/video/av1206216443,-***-,越***梅,,未知,2024-07-17 16:54,2024,176,28,12.13,客观探讨/咨询互动,0.0,景区运营与排队管理,核心项目超长排队与拥堵,景区运营与排队管理,核心项目超长排队与拥堵,贵州全域/综合,贵州全域/综合,刚回，广东人免票
231976284320,1206216443,家人们，被语文书骗了，黄果树就这？？,https://www.bilibili.com/video/av1206216443,-***-,阿***秋,,未知,2024-07-17 17:18,2024,139,18,11.36,避坑预警/痛点吐槽,-1.0,自然风光与气候避暑,瀑布水景视觉震撼,自然风光与气候避暑,瀑布水景视觉震撼,贵州全域/综合,贵州全域/综合,水小的时候进去过一次，排了两个多小时的队才进去的[无语]
231995295328,1206216443,家人们，被语文书骗了，黄果树就这？？,https://www.bilibili.com/video/av1206216443,-***-,d***丁,,未知,2024-07-17 18:54,2024,136,3,9.77,客观探讨/咨询互动,0.0,交通自驾与行程路况,山路弯道与自驾难度,交通自驾与行程路况,山路弯道与自驾难度,贵州全域/综合,贵州全域/综合,巧了，我正好赶上师徒取经路过……
232183000256,1206216443,家人们，被语文书骗了，黄果树就这？？,https://www.bilibili.com/video/av1206216443,-***-,爱***柿,,未知,2024-07-18 17:04,2024,112,3,9.48,客观探讨/咨询互动,0.0,综合旅游体验与漫游杂谈,全省概览/多景点串联游记,综合旅游体验与漫游杂谈,全省概览/多景点串联游记,贵州全域/综合,贵州全域/综合,7.12拍的
231979927440,1206216443,家人们，被语文书骗了，黄果树就这？？,https://www.bilibili.com/video/av1206216443,-***-,小***记,,未知,2024-07-17 17:38,2024,124,8,10.44,客观探讨/咨询互动,0.0,自然风光与气候避暑,瀑布水景视觉震撼,自然风光与气候避暑,瀑布水景视觉震撼,贵州全域/综合,贵州全域/综合,作为一个贵州人，多年前的十一去拍的银链坠潭瀑布分享下
231980298928,1206216443,家人们，被语文书骗了，黄果树就这？？,https://www.bilibili.com/video/av1206216443,-***-,树***星,,未知,2024-07-17 17:40,2024,107,2,9.12,实战攻略/避坑技巧,0.2,自然风光与气候避暑,瀑布水景视觉震撼,自然风光与气候避暑,瀑布水景视觉震撼,黄果树瀑布,黄果树瀑布,[脱单doge]不看攻略最后去的大瀑布挤死了[灵魂出窍]
231961936768,1206216443,家人们，被语文书骗了，黄果树就这？？,https://www.bilibili.com/video/av1206216443,-***-,牛***相,,未知,2024-07-17 15:55,2024,86,4,9.31,客观探讨/咨询互动,0.0,自然风光与气候避暑,瀑布水景视觉震撼,自然风光与气候避暑,瀑布水景视觉震撼,黄果树瀑布,黄果树瀑布,小时候的我还以为黄果树瀑布上面全都挂满了黄皮果呢！
231957764208,1206216443,家人们，被语文书骗了，黄果树就这？？,https://www.bilibili.com/video/av1206216443,-***-,P***o,,未知,2024-07-17 15:28,2024,80,13,10.23,客观探讨/咨询互动,0.0,自然风光与气候避暑,雨季泥沙浑浊与恶劣天气,自然风光与气候避暑,雨季泥沙浑浊与恶劣天气,贵州全域/综合,贵州全域/综合,我们这里下暴雨，不仅粮食都淹了，而且想旅游也哪里都去不了，到现在还没出去[大哭][大哭][大哭]
231981023360,1206216443,家人们，被语文书骗了，黄果树就这？？,https://www.bilibili.com/video/av1206216443,-***-,她***光,,未知,2024-07-17 17:44,2024,79,13,10.21,强力种草/惊艳好评,2.0,自然风光与气候避暑,瀑布水景视觉震撼 | 高山峡谷与世界级桥梁,自然风光与气候避暑,瀑布水景视觉震撼,黄果树瀑布,黄果树瀑布,在关岭县和镇宁县的交界处，有一处可以免费观看的瀑布，叫滴水潭瀑布，就在坝陵河大桥旁边，是黄果树瀑布的上游，也是绝美的[doge]
231965918448,1206216443,家人们，被语文书骗了，黄果树就这？？,https://www.bilibili.com/video/av1206216443,-***-,K***_,,未知,2024-07-17 16:20,2024,79,12,10.14,客观探讨/咨询互动,0.0,自然风光与气候避暑,瀑布水景视觉震撼,自然风光与气候避暑,瀑布水景视觉震撼,贵州全域/综合,贵州全域/综合,前天和朋友们去的，没遇上小萌姐qwq
231958803760,1206216443,家人们，被语文书骗了，黄果树就这？？,https://www.bilibili.com/video/av1206216443,-***-,a***了,,未知,2024-07-17 15:34,2024,67,5,9.12,客观探讨/咨询互动,0.0,餐饮美食与特色体验,特色小吃与夜市文化,餐饮美食与特色体验,特色小吃与夜市文化,贵州全域/综合,贵州全域/综合,没有遇到太可惜了[吃瓜]这里真的好凉快呀
231984132896,1206216443,家人们，被语文书骗了，黄果树就这？？,https://www.bilibili.com/video/av1206216443,-***-,摸***某,,未知,2024-07-17 18:00,2024,59,3,8.53,客观探讨/咨询互动,0.0,餐饮美食与特色体验,特色小吃与夜市文化,餐饮美食与特色体验,特色小吃与夜市文化,贵州全域/综合,贵州全域/综合,饭点刷到，太棒了[脱单doge]
231985905616,1206216443,家人们，被语文书骗了，黄果树就这？？,https://www.bilibili.com/video/av1206216443,-***-,柳***O,,未知,2024-07-17 18:09,2024,60,3,8.55,强力种草/惊艳好评,1.0,综合旅游体验与漫游杂谈,全省概览/多景点串联游记,综合旅游体验与漫游杂谈,全省概览/多景点串联游记,贵州全域/综合,贵州全域/综合,虽然但是，喜欢看这个视角感觉好有趣
231959478144,1206216443,家人们，被语文书骗了，黄果树就这？？,https://www.bilibili.com/video/av1206216443,-***-,凹***叉,,未知,2024-07-17 15:39,2024,44,3,8.1,强力种草/惊艳好评,1.0,自然风光与气候避暑,瀑布水景视觉震撼,自然风光与气候避暑,瀑布水景视觉震撼,贵州全域/综合,贵州全域/综合,之前去游的台州天台山瀑布也很绝，有机会一定要去试试[给心心]
231958042160,1206216443,家人们，被语文书骗了，黄果树就这？？,https://www.bilibili.com/video/av1206216443,-***-,L***C,,未知,2024-07-17 15:30,2024,44,1,7.4,客观探讨/咨询互动,0.0,综合旅游体验与漫游杂谈,全省概览/多景点串联游记,综合旅游体验与漫游杂谈,全省概览/多景点串联游记,贵州全域/综合,贵州全域/综合,第一！
231958981536,1206216443,家人们，被语文书骗了，黄果树就这？？,https://www.bilibili.com/video/av1206216443,-***-,A***y,,未知,2024-07-17 15:36,2024,38,6,8.44,客观探讨/咨询互动,0.0,交通自驾与行程路况,山路弯道与自驾难度,交通自驾与行程路况,山路弯道与自驾难度,黄果树瀑布,黄果树瀑布,敢问路在何方片尾曲取景地，陡坡塘没去吗
231957680000,1206216443,家人们，被语文书骗了，黄果树就这？？,https://www.bilibili.com/video/av1206216443,-***-,p***f,,未知,2024-07-17 15:28,2024,37,1,7.15,客观探讨/咨询互动,0.0,自然风光与气候避暑,瀑布水景视觉震撼,自然风光与气候避暑,瀑布水景视觉震撼,贵州全域/综合,贵州全域/综合,呜呜前几天才去，怎么碰不到小萌姐[微笑]
231974431312,1206216443,家人们，被语文书骗了，黄果树就这？？,https://www.bilibili.com/video/av1206216443,-***-,就***笔,,未知,2024-07-17 17:08,2024,45,5,8.53,强力种草/惊艳好评,1.0,自然风光与气候避暑,瀑布水景视觉震撼,自然风光与气候避暑,瀑布水景视觉震撼,黄果树瀑布,黄果树瀑布,前几天拍的，黄果树真的很震撼[惊喜]
231965307968,1206216443,家人们，被语文书骗了，黄果树就这？？,https://www.bilibili.com/video/av1206216443,-***-,无***e,,未知,2024-07-17 16:15,2024,33,3,7.68,客观探讨/咨询互动,0.0,自然风光与气候避暑,瀑布水景视觉震撼,自然风光与气候避暑,瀑布水景视觉震撼,黄果树瀑布,黄果树瀑布,视频里没有的左右和水帘洞[打call]
231960856384,1206216443,家人们，被语文书骗了，黄果树就这？？,https://www.bilibili.com/video/av1206216443,-***-,甜***瓜,,未知,2024-07-17 15:48,2024,31,1,6.89,客观探讨/咨询互动,0.0,综合旅游体验与漫游杂谈,全省概览/多景点串联游记,综合旅游体验与漫游杂谈,全省概览/多景点串联游记,贵州全域/综合,贵州全域/综合,哎呀，我去早了！晚点就好了
232381031872,1206216443,家人们，被语文书骗了，黄果树就这？？,https://www.bilibili.com/video/av1206216443,-***-,好***_,,未知,2024-07-19 17:36,2024,39,5,8.33,客观探讨/咨询互动,0.0,自然风光与气候避暑,瀑布水景视觉震撼,自然风光与气候避暑,瀑布水景视觉震撼,贵州全域/综合,贵州全域/综合,能游泳能泡澡才是好瀑布[歪嘴]
231990971488,1206216443,家人们，被语文书骗了，黄果树就这？？,https://www.bilibili.com/video/av1206216443,-***-,云***q,,未知,2024-07-17 18:33,2024,31,2,7.3,客观探讨/咨询互动,0.0,综合旅游体验与漫游杂谈,全省概览/多景点串联游记,综合旅游体验与漫游杂谈,全省概览/多景点串联游记,贵州全域/综合,贵州全域/综合,2022.8[脱单doge]
231959489728,1206216443,家人们，被语文书骗了，黄果树就这？？,https://www.bilibili.com/video/av1206216443,-***-,梓***叶,,未知,2024-07-17 15:39,2024,26,1,6.64,实战攻略/避坑技巧,0.2,交通自驾与行程路况,山路弯道与自驾难度,交通自驾与行程路况,山路弯道与自驾难度,贵州全域/综合,贵州全域/综合,五月底毕业旅行自驾去的
231959013776,1206216443,家人们，被语文书骗了，黄果树就这？？,https://www.bilibili.com/video/av1206216443,-***-,我***鸭,,未知,2024-07-17 15:36,2024,26,1,6.64,强力种草/惊艳好评,1.0,自然风光与气候避暑,瀑布水景视觉震撼,自然风光与气候避暑,瀑布水景视觉震撼,黄果树瀑布,黄果树瀑布,很好看的黄果树瀑布，使我鬼死热的广东天气旋转[脱单doge]
231967230816,1206216443,家人们，被语文书骗了，黄果树就这？？,https://www.bilibili.com/video/av1206216443,-***-,n***9,,未知,2024-07-17 16:27,2024,25,4,7.5,实战攻略/避坑技巧,0.2,自然风光与气候避暑,瀑布水景视觉震撼,自然风光与气候避暑,瀑布水景视觉震撼,贵州全域/综合,贵州全域/综合,打算明天去有啥建议没[脱单doge]
231967797728,1206216443,家人们，被语文书骗了，黄果树就这？？,https://www.bilibili.com/video/av1206216443,-***-,招***号,,未知,2024-07-17 16:30,2024,29,4,7.71,客观探讨/咨询互动,0.0,自然风光与气候避暑,瀑布水景视觉震撼,自然风光与气候避暑,瀑布水景视觉震撼,贵州全域/综合,贵州全域/综合,在视频里就很壮观了，现场看肯定更壮观吧！[洛天依]
232035993232,1206216443,家人们，被语文书骗了，黄果树就这？？,https://www.bilibili.com/video/av1206216443,-***-,理***寻,,未知,2024-07-17 22:13,2024,21,8,7.83,客观探讨/咨询互动,0.0,自然风光与气候避暑,瀑布水景视觉震撼,自然风光与气候避暑,瀑布水景视觉震撼,贵州全域/综合,贵州全域/综合,比较下来长白山瀑布像个弟弟…
231959487504,1206216443,家人们，被语文书骗了，黄果树就这？？,https://www.bilibili.com/video/av1206216443,-***-,胜***响,,未知,2024-07-17 15:39,2024,21,9,7.94,客观探讨/咨询互动,0.0,综合旅游体验与漫游杂谈,全省概览/多景点串联游记,综合旅游体验与漫游杂谈,全省概览/多景点串联游记,贵州全域/综合,贵州全域/综合,我去的时候有彩虹[脱单doge]
232164018256,1206216443,家人们，被语文书骗了，黄果树就这？？,https://www.bilibili.com/video/av1206216443,-***-,蔚***e,,未知,2024-07-18 15:03,2024,24,14,8.54,客观探讨/咨询互动,0.0,自然风光与气候避暑,夏季清凉避暑体验,自然风光与气候避暑,夏季清凉避暑体验,黄果树瀑布,黄果树瀑布,20年7月28日的黄果树[doge]那会就已经很多人了，不得不说贵州真的是避暑胜地，贼凉快。
231961932064,1206216443,家人们，被语文书骗了，黄果树就这？？,https://www.bilibili.com/video/av1206216443,-***-,睡***义,,未知,2024-07-17 15:55,2024,20,1,6.26,强力种草/惊艳好评,1.0,综合旅游体验与漫游杂谈,全省概览/多景点串联游记,综合旅游体验与漫游杂谈,全省概览/多景点串联游记,贵州全域/综合,贵州全域/综合,好看！
232002602960,1206216443,家人们，被语文书骗了，黄果树就这？？,https://www.bilibili.com/video/av1206216443,-***-,快***E,,未知,2024-07-17 19:31,2024,19,17,8.38,客观探讨/咨询互动,0.0,消费预算与综合性价比,高性价比与平民消费好评,消费预算与综合性价比,高性价比与平民消费好评,贵州全域/综合,贵州全域/综合,小萌来我的家乡贵州了，我好高兴啊
231962221232,1206216443,家人们，被语文书骗了，黄果树就这？？,https://www.bilibili.com/video/av1206216443,-***-,弎***_,,未知,2024-07-17 15:57,2024,19,7,7.57,实战攻略/避坑技巧,0.2,自然风光与气候避暑,瀑布水景视觉震撼,自然风光与气候避暑,瀑布水景视觉震撼,贵州全域/综合,贵州全域/综合,下回去这种文化气息浓郁的景点建议带上文学区的up主比如有山先生，那样雇导游的钱都省了。[doge]
232050898096,1206216443,家人们，被语文书骗了，黄果树就这？？,https://www.bilibili.com/video/av1206216443,-***-,国***员,,未知,2024-07-17 23:20,2024,22,4,7.31,客观探讨/咨询互动,0.0,景区运营与排队管理,核心项目超长排队与拥堵,景区运营与排队管理,核心项目超长排队与拥堵,贵州全域/综合,贵州全域/综合,巧了我也在，人多到头皮发麻[灵魂出窍]
231964495088,1206216443,家人们，被语文书骗了，黄果树就这？？,https://www.bilibili.com/video/av1206216443,-***-,風***立,,未知,2024-07-17 16:10,2024,14,7,7.14,客观探讨/咨询互动,0.0,综合旅游体验与漫游杂谈,全省概览/多景点串联游记,综合旅游体验与漫游杂谈,全省概览/多景点串联游记,贵州全域/综合,贵州全域/综合,小萌姐下一站可以去虎跳峡看一看，也是非常壮观[doge]
231964023424,1206216443,家人们，被语文书骗了，黄果树就这？？,https://www.bilibili.com/video/av1206216443,-***-,鹇*,,未知,2024-07-17 16:08,2024,14,1,5.76,客观探讨/咨询互动,0.0,综合旅游体验与漫游杂谈,全省概览/多景点串联游记,综合旅游体验与漫游杂谈,全省概览/多景点串联游记,贵州全域/综合,贵州全域/综合,从害怕区成功转型文化区[脱单doge]
232570509104,1206216443,家人们，被语文书骗了，黄果树就这？？,https://www.bilibili.com/video/av1206216443,-***-,不***7,,未知,2024-07-20 16:54,2024,13,1,5.65,客观探讨/咨询互动,0.0,自然风光与气候避暑,瀑布水景视觉震撼,自然风光与气候避暑,瀑布水景视觉震撼,贵州全域/综合,贵州全域/综合,今天刚去[妙啊]
232187946560,1206216443,家人们，被语文书骗了，黄果树就这？？,https://www.bilibili.com/video/av1206216443,-***-,林***渡,,未知,2024-07-18 17:31,2024,13,2,6.06,客观探讨/咨询互动,0.0,消费预算与综合性价比,高性价比与平民消费好评,消费预算与综合性价比,高性价比与平民消费好评,黄果树瀑布,黄果树瀑布,我一个贵州人都没去过黄果树[笑哭]
232112952832,1206216443,家人们，被语文书骗了，黄果树就这？？,https://www.bilibili.com/video/av1206216443,-***-,疯***鱼,,未知,2024-07-18 10:17,2024,13,5,6.75,强力种草/惊艳好评,2.0,交通自驾与行程路况,山路弯道与自驾难度,交通自驾与行程路况,山路弯道与自驾难度,贵州全域/综合,贵州全域/综合,贵州旅游真的太美了太好玩了！缺点就是每个景点都离市区很远，景点也很大，每天都在赶路，和暴走
232061383168,1206216443,家人们，被语文书骗了，黄果树就这？？,https://www.bilibili.com/video/av1206216443,-***-,l***学,,未知,2024-07-18 00:12,2024,13,0,4.96,强力种草/惊艳好评,1.0,自然风光与气候避暑 | 交通自驾与行程路况,瀑布水景视觉震撼 | 山路弯道与自驾难度,自然风光与气候避暑,瀑布水景视觉震撼,黄果树瀑布,黄果树瀑布,补下陡坡塘瀑布的风景~也很好看的！
300532496368,116476140854043,贵州省5A景区都什么等级。,https://www.bilibili.com/video/av116476140854043,张***y,三***Q,,未知,2026-04-28 16:24,2026,340,57,13.81,实战攻略/避坑技巧,0.2,餐饮美食与特色体验,特色小吃与夜市文化,餐饮美食与特色体验,特色小吃与夜市文化,贵州全域/综合,贵州全域/综合,建议来贵州奔着吃的来，玩的当添头[吃瓜]
297613816273,116476140854043,贵州省5A景区都什么等级。,https://www.bilibili.com/video/av116476140854043,张***y,辉***君,,未知,2026-04-27 20:47,2026,100,5,9.71,客观探讨/咨询互动,0.0,住宿价格与酒店民宿,民宿卫生隔音与硬件体验,住宿价格与酒店民宿,民宿卫生隔音与硬件体验,贵阳市区/黔灵山 | 镇远古城/舞阳河,贵阳市区/黔灵山,青岩古镇排拉完了，对本地人来说就是个吃猪蹄的地方，青岩卤猪蹄很有名[笑哭]镇远古镇反而还可以，爬到山顶看看被一条河横穿的古城，活着晚上住江边客栈看晚上的江景也是挺不错的。图为25号晚上的镇远
297647220481,116476140854043,贵州省5A景区都什么等级。,https://www.bilibili.com/video/av116476140854043,张***y,葫***秃,,未知,2026-04-28 06:11,2026,65,26,10.58,避坑预警/痛点吐槽,-3.0,餐饮美食与特色体验,特色小吃与夜市文化,餐饮美食与特色体验,特色小吃与夜市文化,贵阳市区/黔灵山,贵阳市区/黔灵山,本地人建议，千万别去青岩古镇，拉完了，一小盒辣椒面普通菜场二三十，青岩古镇能卖外地游客80块。但各种旅行团都会推荐青岩古镇，拦都拦不住[doge]
300427410608,116476140854043,贵州省5A景区都什么等级。,https://www.bilibili.com/video/av116476140854043,张***y,m***n,,未知,2026-04-27 18:39,2026,60,23,10.34,强力种草/惊艳好评,1.0,综合旅游体验与漫游杂谈,全省概览/多景点串联游记,综合旅游体验与漫游杂谈,全省概览/多景点串联游记,贵阳市区/黔灵山 | 镇远古城/舞阳河,贵阳市区/黔灵山,青岩的推荐度能比镇远高是完全想不到的[捂脸]
297634434145,116476140854043,贵州省5A景区都什么等级。,https://www.bilibili.com/video/av116476140854043,张***y,小***f,,未知,2026-04-28 00:09,2026,42,17,9.53,客观探讨/咨询互动,0.0,综合旅游体验与漫游杂谈,全省概览/多景点串联游记,综合旅游体验与漫游杂谈,全省概览/多景点串联游记,荔波小七孔,荔波小七孔,小七孔强推
300444133568,116476140854043,贵州省5A景区都什么等级。,https://www.bilibili.com/video/av116476140854043,张***y,空***旋,,未知,2026-04-27 21:06,2026,53,10,9.38,强力种草/惊艳好评,1.0,自然风光与气候避暑,瀑布水景视觉震撼,自然风光与气候避暑,瀑布水景视觉震撼,贵阳市区/黔灵山 | 遵义红色胜地/赤水,贵阳市区/黔灵山,贵州真是去了一次还想再去的地方 帮UP主再配几张图 龙宫青岩古镇和赤水丹霞没有去 其他的这都有 手机拍照 小伙伴们可以看看到底值不值得去
302366160304,116476140854043,贵州省5A景区都什么等级。,https://www.bilibili.com/video/av116476140854043,张***y,白***石,,未知,2026-05-14 19:23,2026,38,3,7.88,客观探讨/咨询互动,0.0,综合旅游体验与漫游杂谈,全省概览/多景点串联游记,综合旅游体验与漫游杂谈,全省概览/多景点串联游记,贵州全域/综合,贵州全域/综合,[哦呼]
297695559425,116476140854043,贵州省5A景区都什么等级。,https://www.bilibili.com/video/av116476140854043,张***y,一***砂,,未知,2026-04-28 17:45,2026,34,13,8.97,强力种草/惊艳好评,2.0,自然风光与气候避暑,瀑布水景视觉震撼,自然风光与气候避暑,瀑布水景视觉震撼,织金洞,织金洞,织金洞可以在年后初8-初14，或者是3月4月清明前后这些日子错峰过去，没有人的话特别好看，附几张自己拍的图，超级值得去
297909145985,116476140854043,贵州省5A景区都什么等级。,https://www.bilibili.com/video/av116476140854043,张***y,瑞***饼,,未知,2026-04-30 18:43,2026,32,7,8.32,客观探讨/咨询互动,0.0,综合旅游体验与漫游杂谈,全省概览/多景点串联游记,综合旅游体验与漫游杂谈,全省概览/多景点串联游记,贵州全域/综合,贵州全域/综合,让你们看看我去年五一拍的照片[doge]
302038062224,116476140854043,贵州省5A景区都什么等级。,https://www.bilibili.com/video/av116476140854043,张***y,F***a,,未知,2026-05-11 14:20,2026,28,8,8.25,强力种草/惊艳好评,1.0,自然风光与气候避暑,瀑布水景视觉震撼,自然风光与气候避暑,瀑布水景视觉震撼,黄果树瀑布,黄果树瀑布,去黄果树一定要去天星桥[doge_金箍]
297786396177,116476140854043,贵州省5A景区都什么等级。,https://www.bilibili.com/video/av116476140854043,张***y,_***e,,未知,2026-04-29 14:33,2026,24,5,7.62,客观探讨/咨询互动,0.0,综合旅游体验与漫游杂谈,全省概览/多景点串联游记,综合旅游体验与漫游杂谈,全省概览/多景点串联游记,镇远古城/舞阳河,镇远古城/舞阳河,去了还想再去的程度..镇远小虽小，五脏俱全，晚上去河边的小清吧坐着喝一杯吹吹河风真的很爽！
300591209296,116476140854043,贵州省5A景区都什么等级。,https://www.bilibili.com/video/av116476140854043,张***y,汉***盐,,未知,2026-04-29 00:53,2026,27,8,8.2,强力种草/惊艳好评,1.0,消费预算与综合性价比,高性价比与平民消费好评,消费预算与综合性价比,高性价比与平民消费好评,荔波小七孔,荔波小七孔,作为一个贵州人，真心推荐小七孔，钱全花刀刃上[打call]
300428824064,116476140854043,贵州省5A景区都什么等级。,https://www.bilibili.com/video/av116476140854043,张***y,魔***狼,,未知,2026-04-27 18:50,2026,20,3,6.95,客观探讨/咨询互动,0.0,自然风光与气候避暑,瀑布水景视觉震撼,自然风光与气候避暑,瀑布水景视觉震撼,贵州全域/综合,贵州全域/综合,夏天去的还不错
300550152192,116476140854043,贵州省5A景区都什么等级。,https://www.bilibili.com/video/av116476140854043,张***y,c***水,,未知,2026-04-28 19:06,2026,17,0,5.34,实战攻略/避坑技巧,0.2,餐饮美食与特色体验,特色小吃与夜市文化,餐饮美食与特色体验,特色小吃与夜市文化,贵州全域/综合,贵州全域/综合,这几个职业可以在，小程序“一码游贵州”提前认证可以免很多你想去景区的门票，up说的全免[吃瓜]
297725105121,116476140854043,贵州省5A景区都什么等级。,https://www.bilibili.com/video/av116476140854043,张***y,魑***魂,,未知,2026-04-28 22:15,2026,12,0,4.85,强力种草/惊艳好评,1.0,自然风光与气候避暑,瀑布水景视觉震撼,自然风光与气候避暑,瀑布水景视觉震撼,黄果树瀑布 | 荔波小七孔 | 梵净山 | 贵阳市区/黔灵山 | 织金洞 | 镇远古城/舞阳河 | 遵义红色胜地/赤水,黄果树瀑布,恰好都去过，说下我的观点，仅供各位参考：1.织金洞确实不错，但是算不上夯也就是人上人吧不能对标小七孔；2.龙宫纯纯的NPC水准；3.镇远古镇其实不错，有人上人的水准；4.青岩古镇真的非常一般，可以说是拉完了；最后，优先推荐游览小七孔，黄果树，梵净山，赤水丹霞这四个景点。
299121075665,116476140854043,贵州省5A景区都什么等级。,https://www.bilibili.com/video/av116476140854043,张***y,B***o,,未知,2026-05-11 20:17,2026,11,0,4.73,实战攻略/避坑技巧,0.2,餐饮美食与特色体验,特色小吃与夜市文化,餐饮美食与特色体验,特色小吃与夜市文化,贵阳市区/黔灵山 | 镇远古城/舞阳河,贵阳市区/黔灵山,剧透∶青岩能和镇远排一起，建议不用浪费时间看了[辣眼睛]
300523297792,116476140854043,贵州省5A景区都什么等级。,https://www.bilibili.com/video/av116476140854043,张***y,冰***蓮,,未知,2026-04-28 14:32,2026,13,3,6.34,客观探讨/咨询互动,0.0,自然风光与气候避暑,瀑布水景视觉震撼,自然风光与气候避暑,瀑布水景视觉震撼,贵阳市区/黔灵山,贵阳市区/黔灵山,[doge]本地人带外地人不都是默认爬黔灵山咩
299527424337,116476140854043,贵州省5A景区都什么等级。,https://www.bilibili.com/video/av116476140854043,张***y,你***讶,,未知,2026-05-15 22:47,2026,10,3,5.98,客观探讨/咨询互动,0.0,自然风光与气候避暑,瀑布水景视觉震撼,自然风光与气候避暑,瀑布水景视觉震撼,贵州全域/综合,贵州全域/综合,今天去的，碰上大雨了[笑哭]
276556112833,115296484530259,扎堆、宰客还不够？为什么旅游体验总是这么差？【阿Test正经比比】,https://www.bilibili.com/video/av115296484530259,阿***比,D***明,,未知,2025-10-04 16:40,2025,11292,409,21.01,客观探讨/咨询互动,0.0,交通自驾与行程路况,山路弯道与自驾难度,交通自驾与行程路况,山路弯道与自驾难度,贵州全域/综合,贵州全域/综合,我提供一个思路 有没有可能，我国对于本应存在于工薪阶层的福利-“年假”，从来都没重视，导致大家只能把休闲娱乐旅游，都压缩在人特多的假期里[doge]
276557811361,115296484530259,扎堆、宰客还不够？为什么旅游体验总是这么差？【阿Test正经比比】,https://www.bilibili.com/video/av115296484530259,阿***比,目***军,,未知,2025-10-04 16:59,2025,5314,103,18.51,客观探讨/咨询互动,0.0,综合旅游体验与漫游杂谈,全省概览/多景点串联游记,综合旅游体验与漫游杂谈,全省概览/多景点串联游记,贵州全域/综合,贵州全域/综合,请假去旅游，法定假期在家玩游戏，听懂掌声[藏狐][藏狐]
278071209152,115296484530259,扎堆、宰客还不够？为什么旅游体验总是这么差？【阿Test正经比比】,https://www.bilibili.com/video/av115296484530259,阿***比,F***1,,未知,2025-10-04 17:27,2025,11552,124,19.86,强力种草/惊艳好评,1.0,综合旅游体验与漫游杂谈,全省概览/多景点串联游记,综合旅游体验与漫游杂谈,全省概览/多景点串联游记,贵州全域/综合,贵州全域/综合,让你去消费做贡献的，不是让你去体验享受生活的
276556034705,115296484530259,扎堆、宰客还不够？为什么旅游体验总是这么差？【阿Test正经比比】,https://www.bilibili.com/video/av115296484530259,阿***比,L***a,,未知,2025-10-04 16:39,2025,1457,21,15.02,客观探讨/咨询互动,0.0,综合旅游体验与漫游杂谈,全省概览/多景点串联游记,综合旅游体验与漫游杂谈,全省概览/多景点串联游记,贵州全域/综合,贵州全域/综合,假期太少且过于集中，周末又跑不了多远。从上半年5月小长假，一直到10月才有一个长假，一年下来拢共就那三两个长假，可不都集中出来玩了
276559002737,115296484530259,扎堆、宰客还不够？为什么旅游体验总是这么差？【阿Test正经比比】,https://www.bilibili.com/video/av115296484530259,阿***比,V***4,,未知,2025-10-04 17:10,2025,1634,11,14.58,客观探讨/咨询互动,0.0,景区运营与排队管理,核心项目超长排队与拥堵,景区运营与排队管理,核心项目超长排队与拥堵,贵州全域/综合,贵州全域/综合,up还没说的一点就是很多景区根本配不上他们的景区评级
276556981729,115296484530259,扎堆、宰客还不够？为什么旅游体验总是这么差？【阿Test正经比比】,https://www.bilibili.com/video/av115296484530259,阿***比,诗***梦,,未知,2025-10-04 16:49,2025,977,4,12.94,客观探讨/咨询互动,0.0,自然风光与气候避暑,瀑布水景视觉震撼,自然风光与气候避暑,瀑布水景视觉震撼,贵州全域/综合,贵州全域/综合,简单说，人够多，只关注挣钱，不关注游客体验，你不来有的是人来，有恃无恐造成今天的局面
278172503328,115296484530259,扎堆、宰客还不够？为什么旅游体验总是这么差？【阿Test正经比比】,https://www.bilibili.com/video/av115296484530259,阿***比,-***-,,未知,2025-10-05 13:58,2025,897,22,14.34,实战攻略/避坑技巧,0.2,交通自驾与行程路况,山路弯道与自驾难度,交通自驾与行程路况,山路弯道与自驾难度,贵州全域/综合,贵州全域/综合,还有个很尬的问题   景区还分淡旺季   淡季的景区各种设施暂停开放    即便错峰前往也是白跑一趟  影响体验[藏狐]
278133650384,115296484530259,扎堆、宰客还不够？为什么旅游体验总是这么差？【阿Test正经比比】,https://www.bilibili.com/video/av115296484530259,阿***比,七***语,,未知,2025-10-05 05:52,2025,1514,114,16.73,客观探讨/咨询互动,0.0,景区运营与排队管理,门票优惠政策与便民好评,景区运营与排队管理,门票优惠政策与便民好评,贵州全域/综合,贵州全域/综合,"[笑哭]我发现了 学生真是最好的身份了
大学生可以多去旅游，优惠太多了。车票半价 景区半价。请假方便 空闲时间多"
276572184081,115296484530259,扎堆、宰客还不够？为什么旅游体验总是这么差？【阿Test正经比比】,https://www.bilibili.com/video/av115296484530259,阿***比,卡***屋,,未知,2025-10-04 19:12,2025,860,18,14.08,客观探讨/咨询互动,0.0,自然风光与气候避暑,瀑布水景视觉震撼,自然风光与气候避暑,瀑布水景视觉震撼,贵州全域/综合,贵州全域/综合,教大家一招，闲散人员可以趁每年中高考那几天去旅游
276781748449,115296484530259,扎堆、宰客还不够？为什么旅游体验总是这么差？【阿Test正经比比】,https://www.bilibili.com/video/av115296484530259,阿***比,R***L,,未知,2025-10-06 13:25,2025,1063,21,14.55,客观探讨/咨询互动,0.0,综合旅游体验与漫游杂谈,全省概览/多景点串联游记,综合旅游体验与漫游杂谈,全省概览/多景点串联游记,贵州全域/综合,贵州全域/综合,扎堆最大的原因是，人口多的国家中假期那么少的只此一家。
276572114769,115296484530259,扎堆、宰客还不够？为什么旅游体验总是这么差？【阿Test正经比比】,https://www.bilibili.com/video/av115296484530259,阿***比,我***猫,,未知,2025-10-04 19:11,2025,1138,16,14.39,客观探讨/咨询互动,0.0,景区运营与排队管理,核心项目超长排队与拥堵,景区运营与排队管理,核心项目超长排队与拥堵,贵州全域/综合,贵州全域/综合,老生常谈的问题了。国内这些景区还有一个问题就是审美极差，经常弄一些和本景区非常突兀的高饱和的指示牌， 广告牌等等，非常的难看。
276556672433,115296484530259,扎堆、宰客还不够？为什么旅游体验总是这么差？【阿Test正经比比】,https://www.bilibili.com/video/av115296484530259,阿***比,二***客,,未知,2025-10-04 16:46,2025,844,12,13.67,客观探讨/咨询互动,0.0,交通自驾与行程路况,山路弯道与自驾难度,交通自驾与行程路况,山路弯道与自驾难度,贵州全域/综合,贵州全域/综合,"因为他们一年只开张几次，当然要把一年的钱赚了。[doge]
想想看你们一年能旅游几次？"
276585426049,115296484530259,扎堆、宰客还不够？为什么旅游体验总是这么差？【阿Test正经比比】,https://www.bilibili.com/video/av115296484530259,阿***比,傲***梨,,未知,2025-10-04 21:07,2025,668,190,16.01,客观探讨/咨询互动,0.0,综合旅游体验与漫游杂谈,全省概览/多景点串联游记,综合旅游体验与漫游杂谈,全省概览/多景点串联游记,贵州全域/综合,贵州全域/综合,难道不是因为长假期刚好孩子放假吗？你们就算有年假，难道孩子学校也有吗？[笑哭]
278083363168,115296484530259,扎堆、宰客还不够？为什么旅游体验总是这么差？【阿Test正经比比】,https://www.bilibili.com/video/av115296484530259,阿***比,秦***咎,,未知,2025-10-04 19:14,2025,822,80,15.46,客观探讨/咨询互动,0.0,自然风光与气候避暑,瀑布水景视觉震撼,自然风光与气候避暑,瀑布水景视觉震撼,贵州全域/综合,贵州全域/综合,法定一年20天带薪假，自由决定企业不能拒绝，马上解决了
278116619808,115296484530259,扎堆、宰客还不够？为什么旅游体验总是这么差？【阿Test正经比比】,https://www.bilibili.com/video/av115296484530259,阿***比,M***丶,,未知,2025-10-04 23:53,2025,503,20,13.38,客观探讨/咨询互动,0.0,综合旅游体验与漫游杂谈,全省概览/多景点串联游记,综合旅游体验与漫游杂谈,全省概览/多景点串联游记,贵州全域/综合,贵州全域/综合,还有一个问题，一家人加上孩子，真心最容易凑在一起的就是法定小长假了。。。就算单位让你请年假，夫妻俩单位要同一时间，娃上学的话请假更是。。。
278067600080,115296484530259,扎堆、宰客还不够？为什么旅游体验总是这么差？【阿Test正经比比】,https://www.bilibili.com/video/av115296484530259,阿***比,Z***d,,未知,2025-10-04 16:51,2025,413,21,13.13,客观探讨/咨询互动,0.0,自然风光与气候避暑,瀑布水景视觉震撼,自然风光与气候避暑,瀑布水景视觉震撼,贵州全域/综合,贵州全域/综合,"其实还是,中国人没假,放假时间都一样那肯定只能扎堆出游,不然旅游淡旺季价格能差好几倍么?你但凡大家想修年假随时修,每个人来个十天年假呢"
278067558976,115296484530259,扎堆、宰客还不够？为什么旅游体验总是这么差？【阿Test正经比比】,https://www.bilibili.com/video/av115296484530259,阿***比,G***E,,未知,2025-10-04 16:52,2025,468,12,12.79,客观探讨/咨询互动,0.0,自然风光与气候避暑,瀑布水景视觉震撼,自然风光与气候避暑,瀑布水景视觉震撼,贵州全域/综合,贵州全域/综合,在家睡觉的第四天，爽死
278223920496,115296484530259,扎堆、宰客还不够？为什么旅游体验总是这么差？【阿Test正经比比】,https://www.bilibili.com/video/av115296484530259,阿***比,恶***人,,未知,2025-10-05 21:14,2025,400,39,13.68,客观探讨/咨询互动,0.0,景区运营与排队管理,核心项目超长排队与拥堵,景区运营与排队管理,核心项目超长排队与拥堵,贵州全域/综合,贵州全域/综合,"大人内卷，请年假不容易；
孩子内卷，平时不敢请假；
国际窘境，普通人出国不容易；
所以，只能长假扎堆国内景区。"
276609028257,115296484530259,扎堆、宰客还不够？为什么旅游体验总是这么差？【阿Test正经比比】,https://www.bilibili.com/video/av115296484530259,阿***比,镜***_,,未知,2025-10-05 00:41,2025,712,13,13.49,实战攻略/避坑技巧,0.2,自然风光与气候避暑,瀑布水景视觉震撼,自然风光与气候避暑,瀑布水景视觉震撼,阿西里西韭菜坪/百里杜鹃,阿西里西韭菜坪/百里杜鹃,"做销售的表示，有钱人，买东西大方的，基本都有时间，可以在淡季拿出大把时间旅游。
反而是天天996的打工人，忙着国庆小长假来旅游。
[tv_鬼脸][tv_鬼脸][tv_鬼脸]"
278067564304,115296484530259,扎堆、宰客还不够？为什么旅游体验总是这么差？【阿Test正经比比】,https://www.bilibili.com/video/av115296484530259,阿***比,某***鱼,,未知,2025-10-04 16:52,2025,479,55,14.29,客观探讨/咨询互动,0.0,交通自驾与行程路况,山路弯道与自驾难度,交通自驾与行程路况,山路弯道与自驾难度,贵州全域/综合,贵州全域/综合,"之前去华山玩，爬山的时候感觉还是蛮有意思的，唯一接受不了的就是卖水。你卖水山上卖10块5块我认了,毕竟都是人力担夫挑上来的，关键是我一个缆车坐到山下还卖10块5块，好，即使是我坐缆车下来的那地方有点偏，还是在山里，所以运费贵，卖10块5块行我也认了，关键是我在坐大巴坐到市区了，他一个自动售货机里面矿泉水还卖5块，不是，这群人是想钱想疯了吗？[笑哭]"
276574403953,115296484530259,扎堆、宰客还不够？为什么旅游体验总是这么差？【阿Test正经比比】,https://www.bilibili.com/video/av115296484530259,阿***比,撒***雪,,未知,2025-10-04 19:30,2025,373,20,12.93,客观探讨/咨询互动,0.0,综合旅游体验与漫游杂谈,全省概览/多景点串联游记,综合旅游体验与漫游杂谈,全省概览/多景点串联游记,贵州全域/综合,贵州全域/综合,我回家因为没说家乡话把我当游客宰[喜极而泣]
278068827504,115296484530259,扎堆、宰客还不够？为什么旅游体验总是这么差？【阿Test正经比比】,https://www.bilibili.com/video/av115296484530259,阿***比,啊***咦,,未知,2025-10-04 17:04,2025,402,35,13.58,客观探讨/咨询互动,0.0,交通自驾与行程路况,山路弯道与自驾难度,交通自驾与行程路况,山路弯道与自驾难度,贵州全域/综合,贵州全域/综合,中秋国庆出去旅游不是纯找罪受嘛，我都是白天在家打游戏，到了晚上去江边逛一逛，随便找个路边摊买串苕皮，天气合适，空气还行，人少，僻静[doge][doge]
278082573248,115296484530259,扎堆、宰客还不够？为什么旅游体验总是这么差？【阿Test正经比比】,https://www.bilibili.com/video/av115296484530259,阿***比,小***Q,,未知,2025-10-04 19:08,2025,368,22,13.0,客观探讨/咨询互动,0.0,自然风光与气候避暑,瀑布水景视觉震撼,自然风光与气候避暑,瀑布水景视觉震撼,贵州全域/综合,贵州全域/综合,欧洲一样，公共假期出门旅游人就会多。后来我就用年假出去玩，体验好很多，30多天年假一般用不完[笑哭]
278642726192,115296484530259,扎堆、宰客还不够？为什么旅游体验总是这么差？【阿Test正经比比】,https://www.bilibili.com/video/av115296484530259,阿***比,_***踢,,未知,2025-10-09 08:52,2025,331,5,11.5,客观探讨/咨询互动,0.0,消费预算与综合性价比,高性价比与平民消费好评,消费预算与综合性价比,高性价比与平民消费好评,贵州全域/综合,贵州全域/综合,他们其实也不是很在意你玩得好不好，花钱消费就行[微笑]
278585776784,115296484530259,扎堆、宰客还不够？为什么旅游体验总是这么差？【阿Test正经比比】,https://www.bilibili.com/video/av115296484530259,阿***比,我***苯,,未知,2025-10-08 18:16,2025,350,8,11.99,客观探讨/咨询互动,0.0,景区运营与排队管理 | 住宿价格与酒店民宿 | 消费预算与综合性价比,核心项目超长排队与拥堵 | 民宿卫生隔音与硬件体验 | 高性价比与平民消费好评,景区运营与排队管理,核心项目超长排队与拥堵,贵州全域/综合,贵州全域/综合,根据我年年被我爸妈逼着去旅游的感悟，从舒适度来讲，假期真正的5A景区是家里卧室的床上。伸手就是充电线空调遥控器，推门就是0人排队的厕所。走两步出大门伸手就拿实惠的外卖。出去住一天的钱可以在家24小时开空调开一个月。下楼就是新鲜空气。不用浪费时间收拾行李，不用浪费时间在交通上， 不用担心队伍太长排不上自己而每天心惊胆战入睡每天睡到自然醒，不用担心买不到回家的车票，不用人挤人。
276558522065,115296484530259,扎堆、宰客还不够？为什么旅游体验总是这么差？【阿Test正经比比】,https://www.bilibili.com/video/av115296484530259,阿***比,茄***冬,,未知,2025-10-04 17:05,2025,298,11,12.04,客观探讨/咨询互动,0.0,综合旅游体验与漫游杂谈,全省概览/多景点串联游记,综合旅游体验与漫游杂谈,全省概览/多景点串联游记,贵州全域/综合,贵州全域/综合,假期制度落后了，应该鼓励弹性假期
278151727152,115296484530259,扎堆、宰客还不够？为什么旅游体验总是这么差？【阿Test正经比比】,https://www.bilibili.com/video/av115296484530259,阿***比,西***基,,未知,2025-10-05 10:55,2025,281,43,13.25,客观探讨/咨询互动,0.0,景区运营与排队管理 | 住宿价格与酒店民宿,核心项目超长排队与拥堵 | 旺季节假日价格暴涨,景区运营与排队管理,核心项目超长排队与拥堵,贵州全域/综合,贵州全域/综合,"都说西湖人挤人，可知申遗之后杭州政府的承诺
1. “还湖于民”目标不改变。

2. 门票不涨价。

3. 博物馆不收费。

4. 土地不出让。

5. 文物不破坏。

6. 公共资源不侵占。"
276584867041,115296484530259,扎堆、宰客还不够？为什么旅游体验总是这么差？【阿Test正经比比】,https://www.bilibili.com/video/av115296484530259,阿***比,夜***梦,,未知,2025-10-04 21:02,2025,293,5,11.32,客观探讨/咨询互动,0.0,综合旅游体验与漫游杂谈,全省概览/多景点串联游记,综合旅游体验与漫游杂谈,全省概览/多景点串联游记,贵州全域/综合,贵州全域/综合,这个其实很简单，不让所有人集中一起放假，长的假期实行轮休制，并且完善所有人的年假制度。。就行了。。
278277825968,115296484530259,扎堆、宰客还不够？为什么旅游体验总是这么差？【阿Test正经比比】,https://www.bilibili.com/video/av115296484530259,阿***比,K***a,,未知,2025-10-06 10:04,2025,266,10,11.78,客观探讨/咨询互动,0.0,景区运营与排队管理,核心项目超长排队与拥堵,景区运营与排队管理,核心项目超长排队与拥堵,贵州全域/综合,贵州全域/综合,我新西兰的亲戚，有一个月假期，俩人环游中国，根本不可能遇上人挤人的情况
278154673824,115296484530259,扎堆、宰客还不够？为什么旅游体验总是这么差？【阿Test正经比比】,https://www.bilibili.com/video/av115296484530259,阿***比,我***岛,,未知,2025-10-05 11:23,2025,254,1,10.01,客观探讨/咨询互动,0.0,综合旅游体验与漫游杂谈,全省概览/多景点串联游记,综合旅游体验与漫游杂谈,全省概览/多景点串联游记,贵州全域/综合,贵州全域/综合,和家人能完美凑到一块的假期，只有小长假啊。
278068266368,115296484530259,扎堆、宰客还不够？为什么旅游体验总是这么差？【阿Test正经比比】,https://www.bilibili.com/video/av115296484530259,阿***比,老***鸡,,未知,2025-10-04 16:59,2025,308,19,12.6,客观探讨/咨询互动,0.0,综合旅游体验与漫游杂谈,全省概览/多景点串联游记,综合旅游体验与漫游杂谈,全省概览/多景点串联游记,贵州全域/综合,贵州全域/综合,[doge][doge][doge]省流：人从众𠈌
276697270049,115296484530259,扎堆、宰客还不够？为什么旅游体验总是这么差？【阿Test正经比比】,https://www.bilibili.com/video/av115296484530259,阿***比,陆***-,,未知,2025-10-05 19:51,2025,235,4,10.81,避坑预警/痛点吐槽,-1.0,餐饮美食与特色体验 | 景区运营与排队管理 | 商业化程度与民俗真实感,特色小吃与夜市文化 | 核心项目超长排队与拥堵 | 千户苗寨商业化过度/同质化,餐饮美食与特色体验,特色小吃与夜市文化,贵州全域/综合,贵州全域/综合,把富士山给国内开发也是一个套路立个牌子“我在静冈很想你”，找几个古代名人的痕迹立几个故居博物馆，本地人开着三蹦子拉人，开一些民宿或衣服照相租赁的店，造一个古镇再造一个美食街，捧火一个做小吃的网红，然后便是数不尽的人山人海，同质化严重而且拥挤体验很差
278082446800,115296484530259,扎堆、宰客还不够？为什么旅游体验总是这么差？【阿Test正经比比】,https://www.bilibili.com/video/av115296484530259,阿***比,恶***评,,未知,2025-10-04 19:07,2025,327,29,13.09,客观探讨/咨询互动,0.0,综合旅游体验与漫游杂谈,全省概览/多景点串联游记,综合旅游体验与漫游杂谈,全省概览/多景点串联游记,贵州全域/综合,贵州全域/综合,因为集中休假的原因。
276703697137,115296484530259,扎堆、宰客还不够？为什么旅游体验总是这么差？【阿Test正经比比】,https://www.bilibili.com/video/av115296484530259,阿***比,T***2,,未知,2025-10-05 20:42,2025,327,149,14.7,避坑预警/痛点吐槽,-1.0,景区运营与排队管理,核心项目超长排队与拥堵,景区运营与排队管理,核心项目超长排队与拥堵,贵州全域/综合,贵州全域/综合,我还是不明白，一到这些假期是非得出去玩不可吗？都知道人山人海根本吃不好也住不好，更别说玩得好，钱包还受罪。但一到假期还是跟着风就出去了。在家睡觉休息是什么滔天大罪吗？
278068408768,115296484530259,扎堆、宰客还不够？为什么旅游体验总是这么差？【阿Test正经比比】,https://www.bilibili.com/video/av115296484530259,阿***比,白***明,,未知,2025-10-04 17:00,2025,238,2,10.31,客观探讨/咨询互动,0.0,综合旅游体验与漫游杂谈,全省概览/多景点串联游记,综合旅游体验与漫游杂谈,全省概览/多景点串联游记,贵州全域/综合,贵州全域/综合,是固定的日期毁了所有东西，包括婚恋。[笑哭]
278103829648,115296484530259,扎堆、宰客还不够？为什么旅游体验总是这么差？【阿Test正经比比】,https://www.bilibili.com/video/av115296484530259,阿***比,西***了,,未知,2025-10-04 22:05,2025,189,10,11.27,客观探讨/咨询互动,0.0,餐饮美食与特色体验,特色小吃与夜市文化,餐饮美食与特色体验,特色小吃与夜市文化,贵州全域/综合,贵州全域/综合,钓鱼佬国庆节去的地方一个人影都看不见[吃瓜]
278104180368,115296484530259,扎堆、宰客还不够？为什么旅游体验总是这么差？【阿Test正经比比】,https://www.bilibili.com/video/av115296484530259,阿***比,E***君,,未知,2025-10-04 22:07,2025,278,53,13.44,强力种草/惊艳好评,1.0,景区运营与排队管理,核心项目超长排队与拥堵,景区运营与排队管理,核心项目超长排队与拥堵,贵州全域/综合,贵州全域/综合,近三年已经去了六次日本了，真有那么好玩吗，其实也没有，但只是体验了一圈不同地方的旅游后，每当想旅游时还是手不听使唤订了去日本的机票
278069484816,115296484530259,扎堆、宰客还不够？为什么旅游体验总是这么差？【阿Test正经比比】,https://www.bilibili.com/video/av115296484530259,阿***比,你***爷,,未知,2025-10-04 17:11,2025,165,21,11.76,客观探讨/咨询互动,0.0,综合旅游体验与漫游杂谈,全省概览/多景点串联游记,综合旅游体验与漫游杂谈,全省概览/多景点串联游记,贵州全域/综合,贵州全域/综合,去人少的地方
276621665025,115296484530259,扎堆、宰客还不够？为什么旅游体验总是这么差？【阿Test正经比比】,https://www.bilibili.com/video/av115296484530259,阿***比,D***s,,未知,2025-10-05 06:30,2025,290,25,12.77,客观探讨/咨询互动,0.0,综合旅游体验与漫游杂谈,全省概览/多景点串联游记,综合旅游体验与漫游杂谈,全省概览/多景点串联游记,贵州全域/综合,贵州全域/综合,为什么都挤在一起出游是一个字没敢提
278204960000,115296484530259,扎堆、宰客还不够？为什么旅游体验总是这么差？【阿Test正经比比】,https://www.bilibili.com/video/av115296484530259,阿***比,禾***栒,,未知,2025-10-05 18:49,2025,188,28,12.23,客观探讨/咨询互动,0.0,景区运营与排队管理,核心项目超长排队与拥堵,景区运营与排队管理,核心项目超长排队与拥堵,贵州全域/综合,贵州全域/综合,随手拍的富士山，没门票，人也少。
278093974608,115296484530259,扎堆、宰客还不够？为什么旅游体验总是这么差？【阿Test正经比比】,https://www.bilibili.com/video/av115296484530259,阿***比,P***3,,未知,2025-10-04 20:43,2025,162,18,11.59,强力种草/惊艳好评,1.0,自然风光与气候避暑,瀑布水景视觉震撼,自然风光与气候避暑,瀑布水景视觉震撼,贵州全域/综合,贵州全域/综合,"我从来没有遇到过这种情况。
1，我喜欢摩旅，大城市都禁摩我不去。
2，我只错峰出行
3，我不去网红地
基本上去的景点都是人很少的地方，爽死"
278083999088,115296484530259,扎堆、宰客还不够？为什么旅游体验总是这么差？【阿Test正经比比】,https://www.bilibili.com/video/av115296484530259,阿***比,B***o,,未知,2025-10-04 19:21,2025,158,23,11.78,客观探讨/咨询互动,0.0,自然风光与气候避暑,瀑布水景视觉震撼,自然风光与气候避暑,瀑布水景视觉震撼,贵州全域/综合,贵州全域/综合,不少地方人看似多，实际都挤在几个热门景点了，去一些冷门景点根本没几个人[笑哭]，这是我昨天拍的
278136995328,115296484530259,扎堆、宰客还不够？为什么旅游体验总是这么差？【阿Test正经比比】,https://www.bilibili.com/video/av115296484530259,阿***比,王***行,,未知,2025-10-05 07:49,2025,128,7,10.37,实战攻略/避坑技巧,0.2,商业化程度与民俗真实感,民俗表演与人文真实互动,商业化程度与民俗真实感,民俗表演与人文真实互动,贵州全域/综合,贵州全域/综合,我个人觉得旅行不该是一个又一个规划好的景区，而是未曾体验过的风土人情。
276846772593,115296484530259,扎堆、宰客还不够？为什么旅游体验总是这么差？【阿Test正经比比】,https://www.bilibili.com/video/av115296484530259,阿***比,橘***了,,未知,2025-10-06 22:50,2025,128,5,10.08,客观探讨/咨询互动,0.0,综合旅游体验与漫游杂谈,全省概览/多景点串联游记,综合旅游体验与漫游杂谈,全省概览/多景点串联游记,贵州全域/综合,贵州全域/综合,每年 国庆都有这样的视频
278070121456,115296484530259,扎堆、宰客还不够？为什么旅游体验总是这么差？【阿Test正经比比】,https://www.bilibili.com/video/av115296484530259,阿***比,风***叶,,未知,2025-10-04 17:18,2025,178,52,12.75,客观探讨/咨询互动,0.0,综合旅游体验与漫游杂谈,全省概览/多景点串联游记,综合旅游体验与漫游杂谈,全省概览/多景点串联游记,贵州全域/综合,贵州全域/综合,[tv_doge]因为假太少还不准灵活休假啊
278150601680,115296484530259,扎堆、宰客还不够？为什么旅游体验总是这么差？【阿Test正经比比】,https://www.bilibili.com/video/av115296484530259,阿***比,最***n,,未知,2025-10-05 10:43,2025,182,3,10.2,客观探讨/咨询互动,0.0,综合旅游体验与漫游杂谈,全省概览/多景点串联游记,综合旅游体验与漫游杂谈,全省概览/多景点串联游记,贵州全域/综合,贵州全域/综合,没说到本质原因，为什么大家只能法定节假日扎堆出游呢[笑]回答我
277177572769,115296484530259,扎堆、宰客还不够？为什么旅游体验总是这么差？【阿Test正经比比】,https://www.bilibili.com/video/av115296484530259,阿***比,E***a,,未知,2025-10-09 23:15,2025,135,16,11.2,强力种草/惊艳好评,1.0,自然风光与气候避暑,瀑布水景视觉震撼 | 高山峡谷与世界级桥梁,自然风光与气候避暑,瀑布水景视觉震撼,贵州全域/综合,贵州全域/综合,搞不懂了，旅游为什么一定要去景区这样圈起来的一块小地方。美国旅游都不是划分景区，而是在那么大个国家公园里，你几乎想去哪就去哪。我国庆就去了云南怒江峡谷和高黎贡山，办个自然保护区进山证进去徒步，几乎没人，体验很好，风景也比绝大多数开发的旅游山景色好（不点名了）
278388736656,115296484530259,扎堆、宰客还不够？为什么旅游体验总是这么差？【阿Test正经比比】,https://www.bilibili.com/video/av115296484530259,阿***比,啊***了,,未知,2025-10-07 02:14,2025,118,6,10.11,客观探讨/咨询互动,0.0,自然风光与气候避暑,高山峡谷与世界级桥梁,自然风光与气候避暑,高山峡谷与世界级桥梁,贵州全域/综合,贵州全域/综合,我最怀念18年9月腾出了4天和老婆两个人去青海快速玩的那几天，那真是偷得浮生半日闲的感觉，我们看了日出，去了盐湖，在青海湖里坐了船，在大雨里开着租的车赶路，天晴后路上的景色就像在win97桌面图片里一样，我们还在路边歇息的时候给小黑狗投喂了牛肉干哈哈。那是我一生中最开心的一次旅游，我们那次没吵一点架，也没有非得去哪个景点打卡，而且因为时间短没有影响工作，这样工作也没影响我出去玩的心情。真的像派大星说给海绵宝宝的话，记住这个时刻，一生中这样美好并没有很多。
278118244592,115296484530259,扎堆、宰客还不够？为什么旅游体验总是这么差？【阿Test正经比比】,https://www.bilibili.com/video/av115296484530259,阿***比,_***标,,未知,2025-10-05 00:08,2025,118,6,10.11,客观探讨/咨询互动,0.0,交通自驾与行程路况,山路弯道与自驾难度,交通自驾与行程路况,山路弯道与自驾难度,贵州全域/综合,贵州全域/综合,感觉还是人口太多，我路上串稀跑野地里蹲坑都能遇到人[笑哭]
278447736704,115296484530259,扎堆、宰客还不够？为什么旅游体验总是这么差？【阿Test正经比比】,https://www.bilibili.com/video/av115296484530259,阿***比,夜***月,,未知,2025-10-07 16:24,2025,104,2,9.08,客观探讨/咨询互动,0.0,餐饮美食与特色体验,特色小吃与夜市文化,餐饮美食与特色体验,特色小吃与夜市文化,贵州全域/综合,贵州全域/综合,如果人们能接受吃shi，那就没必要做大米饭[吃瓜]
297952774657,116491944987457,体验感很差的五座城市,https://www.bilibili.com/video/av116491944987457,编***1,飞***鱼,,未知,2026-05-01 01:55,2026,5247,240,19.33,客观探讨/咨询互动,0.0,综合旅游体验与漫游杂谈,全省概览/多景点串联游记,综合旅游体验与漫游杂谈,全省概览/多景点串联游记,贵州全域/综合,贵州全域/综合,我就知道西安排第一，果然没错[笑哭]
298192193809,116491944987457,体验感很差的五座城市,https://www.bilibili.com/video/av116491944987457,编***1,D***2,,未知,2026-05-03 01:48,2026,4193,160,18.59,避坑预警/痛点吐槽,-1.0,住宿价格与酒店民宿,景区内住宿 vs 市区中转选择,住宿价格与酒店民宿,景区内住宿 vs 市区中转选择,贵州全域/综合,贵州全域/综合,明明避雷排行榜一，小红书无数避雷帖，结果五一依旧能把本地人堵死[笑哭][笑哭]劝都劝不住这一块
301726048176,116491944987457,体验感很差的五座城市,https://www.bilibili.com/video/av116491944987457,编***1,高***旗,,未知,2026-05-08 17:57,2026,5259,176,19.03,客观探讨/咨询互动,0.0,自然风光与气候避暑,瀑布水景视觉震撼,自然风光与气候避暑,瀑布水景视觉震撼,贵州全域/综合,贵州全域/综合,你知道吗，我一个桂林的，对桂林旅游有多坑很有自知之明，然而万去了西安才发现天外有天
301168389744,116491944987457,体验感很差的五座城市,https://www.bilibili.com/video/av116491944987457,编***1,家***世,,未知,2026-05-03 17:34,2026,2619,92,17.34,客观探讨/咨询互动,0.0,餐饮美食与特色体验,特色小吃与夜市文化,餐饮美食与特色体验,特色小吃与夜市文化,贵州全域/综合,贵州全域/综合,大家可以来南京玩，但千万不要看到一个老门就推进去，不是所有民国风老屋都是景点，有的还住着人呢。知道我在我朋友家吃着饭突然有人推门进来然后从后门出去是什么感受吗？
301177819168,116491944987457,体验感很差的五座城市,https://www.bilibili.com/video/av116491944987457,编***1,-***虾,,未知,2026-05-03 18:53,2026,3750,560,19.67,客观探讨/咨询互动,0.0,自然风光与气候避暑,瀑布水景视觉震撼,自然风光与气候避暑,瀑布水景视觉震撼,贵州全域/综合,贵州全域/综合,西安有这么逆天吗😕
301439293120,116491944987457,体验感很差的五座城市,https://www.bilibili.com/video/av116491944987457,编***1,M***指,,未知,2026-05-05 20:29,2026,1341,1048,18.76,客观探讨/咨询互动,0.0,综合旅游体验与漫游杂谈,全省概览/多景点串联游记,综合旅游体验与漫游杂谈,全省概览/多景点串联游记,贵州全域/综合,贵州全域/综合,可是我想去看海该去哪啊
301663898801,116491944987457,体验感很差的五座城市,https://www.bilibili.com/video/av116491944987457,编***1,薛***B,,未知,2026-06-05 10:45,2026,946,11,13.76,避坑预警/痛点吐槽,-1.0,餐饮美食与特色体验 | 商业化程度与民俗真实感,特色小吃与夜市文化 | 千户苗寨商业化过度/同质化,餐饮美食与特色体验,特色小吃与夜市文化,贵州全域/综合,贵州全域/综合,为什么文旅局要这么做 明明什么都不做就很好看 就非要装一些光污染霓虹灯 统一仿古建筑 烂大街小吃街
301490921857,116491944987457,体验感很差的五座城市,https://www.bilibili.com/video/av116491944987457,编***1,嘿***a,,未知,2026-06-03 13:48,2026,741,60,15.02,客观探讨/咨询互动,0.0,综合旅游体验与漫游杂谈,全省概览/多景点串联游记,综合旅游体验与漫游杂谈,全省概览/多景点串联游记,贵州全域/综合,贵州全域/综合,去年暑假去的[思考]一碗biangbiang面要三十多，加面还要额外收费，泡沫也是二十多[笑哭]
301058639696,116491944987457,体验感很差的五座城市,https://www.bilibili.com/video/av116491944987457,编***1,维***克,,未知,2026-05-02 19:59,2026,687,19,13.8,客观探讨/咨询互动,0.0,住宿价格与酒店民宿,景区内住宿 vs 市区中转选择,住宿价格与酒店民宿,景区内住宿 vs 市区中转选择,贵州全域/综合,贵州全域/综合,丽江得在里面住一晚上，第二天早上7点出门逛街上一个人都没有
298247029601,116491944987457,体验感很差的五座城市,https://www.bilibili.com/video/av116491944987457,编***1,辛***疗,,未知,2026-05-03 15:57,2026,925,25,14.5,客观探讨/咨询互动,0.0,综合旅游体验与漫游杂谈,全省概览/多景点串联游记,综合旅游体验与漫游杂谈,全省概览/多景点串联游记,贵州全域/综合,贵州全域/综合,去西安找朋友玩就还好 看看烂怂大雁塔吧
304489923553,116491944987457,体验感很差的五座城市,https://www.bilibili.com/video/av116491944987457,编***1,祁***t,,未知,2026-07-01 18:48,2026,550,297,16.16,客观探讨/咨询互动,0.0,景区运营与排队管理,核心项目超长排队与拥堵,景区运营与排队管理,核心项目超长排队与拥堵,贵州全域/综合,贵州全域/综合,西安真的不行吗，我七月底已经计划着跟朋友去来着[大哭]不去景区也不行啊感觉去了就是要去景区看看什么的，有什么避免被坑的办法吗
299560422033,116491944987457,体验感很差的五座城市,https://www.bilibili.com/video/av116491944987457,编***1,黑***虎,,未知,2026-05-16 09:54,2026,491,26,13.59,强力种草/惊艳好评,1.0,消费预算与综合性价比,高性价比与平民消费好评,消费预算与综合性价比,高性价比与平民消费好评,贵州全域/综合,贵州全域/综合,想去看海真不如买张机票去马来西亚，零滤镜直出，而且出海和潜水也便宜，体验感完爆国内的任何一片海
303658485121,116491944987457,体验感很差的五座城市,https://www.bilibili.com/video/av116491944987457,编***1,音***Q,,未知,2026-06-24 00:54,2026,416,31,13.52,强力种草/惊艳好评,3.0,住宿价格与酒店民宿 | 消费预算与综合性价比,民宿卫生隔音与硬件体验 | 高性价比与平民消费好评,住宿价格与酒店民宿,民宿卫生隔音与硬件体验,贵州全域/综合,贵州全域/综合,"西安的来了，
第一，别去回民街，溢价严重
第二，沃烂怂钟楼大雁塔有啥好看的？一个紧一个上呢
第三，来西安就去博物馆，免费还有空调
第四，景点的东西别买，景点的东西别买，景点的东西别买！！！纪念品买买得了，你把沃外头5块钱两三根在里头8块10块一根火腿肠买啥呢？
第五，吃的，偏点没啥事，泡馍味都差不多，朝郊区走便宜一点
最后，别瞎凑热闹，哪怕爬山去都别凑热闹"
303325699393,116491944987457,体验感很差的五座城市,https://www.bilibili.com/video/av116491944987457,编***1,N***_,,未知,2026-06-20 23:47,2026,526,46,14.25,强力种草/惊艳好评,1.0,景区运营与排队管理,核心项目超长排队与拥堵,景区运营与排队管理,核心项目超长排队与拥堵,贵州全域/综合,贵州全域/综合,杭州都喷，西湖景区几乎全免费最多植物园收10块，沿湖景点都打通，算了，爱来不来[大哭]
298231521905,116491944987457,体验感很差的五座城市,https://www.bilibili.com/video/av116491944987457,编***1,巴***猪,,未知,2026-05-03 13:15,2026,432,26,13.4,强力种草/惊艳好评,1.0,餐饮美食与特色体验 | 消费预算与综合性价比,特色小吃与夜市文化 | 高性价比与平民消费好评,餐饮美食与特色体验,特色小吃与夜市文化,贵州全域/综合,贵州全域/综合,西安很差吗？？上次和同学一起去吃喝了五天，住到回坊里面去了，烧烤什么的都很便宜啊，一串1.4
301469523104,116491944987457,体验感很差的五座城市,https://www.bilibili.com/video/av116491944987457,编***1,这***罢,,未知,2026-05-06 01:33,2026,422,15,12.84,强力种草/惊艳好评,3.0,自然风光与气候避暑 | 交通自驾与行程路况 | 住宿价格与酒店民宿 | 消费预算与综合性价比,高山峡谷与世界级桥梁 | 包车打车与出租车避坑 | 旺季节假日价格暴涨 | 位置偏远与接驳不便 | 高性价比与平民消费好评 | 门票交通综合开销偏高,自然风光与气候避暑,高山峡谷与世界级桥梁,贵州全域/综合,贵州全域/综合,五一刚从西安回来，说一下感受。20年大学期间去过一次渭南和西安，人比较少。夜爬华山看到了朝阳从云海升起，非常难忘。大唐不夜城体验很一般，就是感受一下热闹，兵马俑就是走马观花，体验一下就好。陕西历史博物馆免费的，有很多非常精美的文物，很有历史底蕴，值得一看。我那时候去的时候就有说不要去回民街，所以我去的洒金桥，体验很好，买的油泼面和肉夹馍，我一个南方人都觉得很香很好吃。这次五一和对象一起去，体验还是很好。首先就是酒店，不要傻乎乎的去订不夜城涨价飞起的酒店，可以考虑高新区的酒店，喜来登，亚朵，万豪，全季都有，到钟楼也就半个小时车程，房价省了好几百。又安静又不用抢也不担心涨价。然后看表演的话，我是看了三个，赳赳大秦（8分，剧情单薄，性价比低，场景还行，音效很好），长安宫宴（8分，边吃边看加分，吃的还行不算差，仪式感还可以，舞台剧表现合格），长恨歌（9分，绝对值得一看，老少皆宜，场面宏大，场景华美，唯一的缺点就是，一定要坐在前排，因为本身比较远，我的位置算是很好的了第十排中间位置，但是还是有点难看清），这几个表演是很可以的。吃的东西确实不好找，这次我没找到什么好吃的，唯一让我觉得意外的是咸阳机场的臊子面，出乎意料的好吃，二十六块钱，机场价格算很便宜的。没有必要非要到什么小胡同里面去找好吃的，也会很累，酒店和机场就足够了。然后是交通，确实特别特别堵。不建议市中心打车，建议市中心全程坐地铁，骑单车，钟楼五公里外再打车。西安城墙还是一如既往的让人觉得很安心，无论是自己一个人还是两个人，都是绝对值得一看，在城墙上面看夕阳很好。我其实搞不懂这个城市有哪些可以踩坑的地方，有些人说黑车，现在都是网约车叫车，黑车在哪？我是绝对不会闲着没事打出租的。吃的东西黑，面和泡馍也就十几二三十块的东西，能贵到哪里去？有点搞不太懂。而且穿汉服还挺好，我一个男的人生第一次试汉服完全没觉得不适，因为各个年龄段各种身材身高长相的人都有，完全不担心。别的地方，你要说西湖，我自己是浙江人我是真知道有多垃圾，说桂林和三亚，我去的时候也是被迫被宰了一遭。来西安只要不是盯着那几个网红打卡点，什么不夜城什么钟楼，体验感明明可以很好，有些人自己就是太想要出片了，把自己弄的尴尬不已还要倒打一耙。
298313902737,116491944987457,体验感很差的五座城市,https://www.bilibili.com/video/av116491944987457,编***1,许***成,,未知,2026-05-04 01:36,2026,365,164,14.96,避坑预警/痛点吐槽,-1.0,餐饮美食与特色体验,特色小吃与夜市文化,餐饮美食与特色体验,特色小吃与夜市文化,贵州全域/综合,贵州全域/综合,我当时去西安吃羊肉泡馍，顶配的是128，我点的68，朋友说来都来了，他点的128，然后我的上面两片羊肉，它的四片羊肉，其他一样，整体很难吃，里边的粉丝都没煮开
301014398848,116491944987457,体验感很差的五座城市,https://www.bilibili.com/video/av116491944987457,编***1,哲***们,,未知,2026-05-02 13:30,2026,493,67,14.52,客观探讨/咨询互动,0.0,综合旅游体验与漫游杂谈,全省概览/多景点串联游记,综合旅游体验与漫游杂谈,全省概览/多景点串联游记,贵州全域/综合,贵州全域/综合,其实吧，杭州西湖平常人真不多的，节假日不去就好了[呲牙]
298309522385,116491944987457,体验感很差的五座城市,https://www.bilibili.com/video/av116491944987457,编***1,赫***的,,未知,2026-05-04 00:36,2026,262,14,12.07,客观探讨/咨询互动,0.0,自然风光与气候避暑,瀑布水景视觉震撼,自然风光与气候避暑,瀑布水景视觉震撼,贵州全域/综合,贵州全域/综合,别忘了大西北啊😭今天刚去玩回来，欢迎大家来河西玩玩[给心心]
299151336913,116491944987457,体验感很差的五座城市,https://www.bilibili.com/video/av116491944987457,编***1,-***-,,未知,2026-05-12 01:53,2026,243,126,14.09,客观探讨/咨询互动,0.0,综合旅游体验与漫游杂谈,全省概览/多景点串联游记,综合旅游体验与漫游杂谈,全省概览/多景点串联游记,贵州全域/综合,贵州全域/综合,成都or重庆咋样，今年毕业后有点想去川渝旅游[doge]
301228656608,116491944987457,体验感很差的五座城市,https://www.bilibili.com/video/av116491944987457,编***1,G***羽,,未知,2026-05-04 01:56,2026,338,221,15.14,客观探讨/咨询互动,0.0,综合旅游体验与漫游杂谈,全省概览/多景点串联游记,综合旅游体验与漫游杂谈,全省概览/多景点串联游记,贵州全域/综合,贵州全域/综合,西安真不行吗，还想去玩那
301192462848,116491944987457,体验感很差的五座城市,https://www.bilibili.com/video/av116491944987457,编***1,K***a,,未知,2026-05-03 20:49,2026,189,12,11.44,强力种草/惊艳好评,3.0,景区运营与排队管理,核心项目超长排队与拥堵,景区运营与排队管理,核心项目超长排队与拥堵,贵州全域/综合,贵州全域/综合,"杭州的享受只是本地人的享受，外地人来杭州清一色的龙翔桥凤起路走断桥，那里是商业区，就是来收你钱的[笑哭][笑哭][笑哭][笑哭]
在这生活下来，非节假日去西湖没多少人，天气好去了随便出片，节假日来这里，都是拿着相机占位置，拍照收费的，把好的位置全占了，人山人海，来着旅游到底图啥，有三号线西湖景区专线不坐，全挤着走一号线去龙翔桥，三号线去黄龙洞爬山看西湖全景多舒服，再走另一边下去绕开西湖东面背面直接去西面，西溪湿地，小和山，玉泉，这真只有少数本地人会走的，这几块打鸟都不错，还有松鼠[doge][doge][doge][doge]"
308219375473,116491944987457,体验感很差的五座城市,https://www.bilibili.com/video/av116491944987457,编***1,T***坂,,未知,2026-07-30 19:45,2026,175,5,10.55,客观探讨/咨询互动,0.0,综合旅游体验与漫游杂谈,全省概览/多景点串联游记,综合旅游体验与漫游杂谈,全省概览/多景点串联游记,贵州全域/综合,贵州全域/综合,我是西安人，我来辟谣，这个骂的不全。
298998995665,116491944987457,体验感很差的五座城市,https://www.bilibili.com/video/av116491944987457,编***1,內***羅,,未知,2026-05-10 16:24,2026,170,64,12.89,强力种草/惊艳好评,1.0,综合旅游体验与漫游杂谈,全省概览/多景点串联游记,综合旅游体验与漫游杂谈,全省概览/多景点串联游记,贵州全域/综合,贵州全域/综合,除了三亞，每一個都是在我必去清單，好笑了這下
304439079809,116491944987457,体验感很差的五座城市,https://www.bilibili.com/video/av116491944987457,编***1,今***_,,未知,2026-07-01 09:40,2026,140,47,12.29,客观探讨/咨询互动,0.0,综合旅游体验与漫游杂谈,全省概览/多景点串联游记,综合旅游体验与漫游杂谈,全省概览/多景点串联游记,贵州全域/综合,贵州全域/综合,跟老婆去西安玩，这个游船就去坐吧 一坐一个不吱声[藏狐]
300943710784,116491944987457,体验感很差的五座城市,https://www.bilibili.com/video/av116491944987457,编***1,鱼***海,,未知,2026-05-01 22:02,2026,133,2,9.45,客观探讨/咨询互动,0.0,自然风光与气候避暑,雨季泥沙浑浊与恶劣天气,自然风光与气候避暑,雨季泥沙浑浊与恶劣天气,贵州全域/综合,贵州全域/综合,23年下雨季去的西安，人少了很多[笑哭]，但是你看这两边吧
301269142608,116491944987457,体验感很差的五座城市,https://www.bilibili.com/video/av116491944987457,编***1,沙***雕,,未知,2026-05-04 13:14,2026,157,12,11.16,客观探讨/咨询互动,0.0,自然风光与气候避暑,瀑布水景视觉震撼,自然风光与气候避暑,瀑布水景视觉震撼,贵州全域/综合,贵州全域/综合,孩子们，西安真的很逆天他娘的大唐不夜城，配个那种阴间绿光，把我丑晕倒了，还有其他的，我不多说，我这个IP应该就能说明了一切
301429489792,116491944987457,体验感很差的五座城市,https://www.bilibili.com/video/av116491944987457,编***1,K***i,,未知,2026-05-05 19:04,2026,251,105,13.96,客观探讨/咨询互动,0.0,综合旅游体验与漫游杂谈,全省概览/多景点串联游记,综合旅游体验与漫游杂谈,全省概览/多景点串联游记,贵州全域/综合,贵州全域/综合,可以来我的家乡玩啊，我的家乡很美的！
298301307377,116491944987457,体验感很差的五座城市,https://www.bilibili.com/video/av116491944987457,编***1,不***深,,未知,2026-05-03 23:18,2026,119,2,9.28,客观探讨/咨询互动,0.0,综合旅游体验与漫游杂谈,全省概览/多景点串联游记,综合旅游体验与漫游杂谈,全省概览/多景点串联游记,贵州全域/综合,贵州全域/综合,桂林阳朔真的有种出道多年仍是新人的感觉[笑哭]
301479414816,116491944987457,体验感很差的五座城市,https://www.bilibili.com/video/av116491944987457,编***1,别***杰,,未知,2026-05-06 07:46,2026,139,6,10.36,强力种草/惊艳好评,1.0,餐饮美食与特色体验,特色小吃与夜市文化,餐饮美食与特色体验,特色小吃与夜市文化,贵州全域/综合,贵州全域/综合,"1西安景点确实不好玩
2吃的东西确实贵
3商业化极其严重，一点旅游体验没有
4推销的太多了，烦死了，体验极差。"
298205853713,116491944987457,体验感很差的五座城市,https://www.bilibili.com/video/av116491944987457,编***1,A***特,,未知,2026-05-03 08:39,2026,111,26,11.37,客观探讨/咨询互动,0.0,自然风光与气候避暑,瀑布水景视觉震撼,自然风光与气候避暑,瀑布水景视觉震撼,贵州全域/综合,贵州全域/综合,"西安人报道，感觉一年四季几乎没有任何一个季节能说得上是舒适的[笑哭]
春天干热，夏天湿热，秋天湿冷，冬天干冷"
301218950080,116491944987457,体验感很差的五座城市,https://www.bilibili.com/video/av116491944987457,编***1,作***迅,,未知,2026-05-03 23:59,2026,108,8,10.23,强力种草/惊艳好评,2.0,景区运营与排队管理,核心项目超长排队与拥堵,景区运营与排队管理,核心项目超长排队与拥堵,贵州全域/综合,贵州全域/综合,刚从西安回来，该去的景点都去了，华山，兵马俑，华清池。爬山体验极其糟糕，或者说国内网红山都这样，走到哪都要听大喇叭吵耳朵，人挤人把人从山下往山上推，特别是最后下山坐索道，能排三个小时队的顶级体验。当地物价也是明显高出城市定位，清真饭馆一顿饭900，四碗普通羊肉泡馍128，三碗都吃不完因为确实不好吃…唯一感觉这次旅游值得就只有长恨歌了，表演的挺好。
301130445760,116491944987457,体验感很差的五座城市,https://www.bilibili.com/video/av116491944987457,编***1,我***的,,未知,2026-05-03 11:28,2026,102,0,7.95,客观探讨/咨询互动,0.0,综合旅游体验与漫游杂谈,全省概览/多景点串联游记,综合旅游体验与漫游杂谈,全省概览/多景点串联游记,贵州全域/综合,贵州全域/综合,0秒猜出第一名是谁你也快来试试吧
301401874096,116491944987457,体验感很差的五座城市,https://www.bilibili.com/video/av116491944987457,编***1,W***k,,未知,2026-05-05 14:39,2026,196,109,13.63,客观探讨/咨询互动,0.0,餐饮美食与特色体验,特色小吃与夜市文化,餐饮美食与特色体验,特色小吃与夜市文化,贵州全域/综合,贵州全域/综合,这坑，这么点儿的烤肉，要 1 元一串[笑哭]
311101073584,116491944987457,体验感很差的五座城市,https://www.bilibili.com/video/av116491944987457,编***1,白***-,,未知,2026-07-27 20:56,2026,79,28,10.94,客观探讨/咨询互动,0.0,自然风光与气候避暑,高山峡谷与世界级桥梁,自然风光与气候避暑,高山峡谷与世界级桥梁,贵州全域/综合,贵州全域/综合,兰州欢迎大家哦！牛肉面7~8元一份，牛肉嫌不够的话可单独购买7元一份～甜胚子奶茶酸酸甜甜非常美味，中山大桥宏伟大气，晚上超适合拍照的～
301779442336,116491944987457,体验感很差的五座城市,https://www.bilibili.com/video/av116491944987457,编***1,股***桃,,未知,2026-05-09 07:41,2026,78,4,9.16,客观探讨/咨询互动,0.0,自然风光与气候避暑,瀑布水景视觉震撼,自然风光与气候避暑,瀑布水景视觉震撼,贵州全域/综合,贵州全域/综合,"我觉得三亚还是得排第一。
毕竟潜水 拔氧气 强制拍照，那不仅损失的钱财，有可能把命给丢了。"
301257724736,116491944987457,体验感很差的五座城市,https://www.bilibili.com/video/av116491944987457,编***1,猫***神,,未知,2026-05-04 11:32,2026,81,16,10.44,客观探讨/咨询互动,0.0,综合旅游体验与漫游杂谈,全省概览/多景点串联游记,综合旅游体验与漫游杂谈,全省概览/多景点串联游记,贵州全域/综合,贵州全域/综合,长沙，如果不是为了看橘子洲的教员雕像都不想去，旅游体验很差.
304251107217,116491944987457,体验感很差的五座城市,https://www.bilibili.com/video/av116491944987457,编***1,逆***n,,未知,2026-06-29 15:56,2026,72,9,9.74,客观探讨/咨询互动,0.0,交通自驾与行程路况 | 景区运营与排队管理,包车打车与出租车避坑 | 高铁大巴换乘与班次衔接 | 核心项目超长排队与拥堵,交通自驾与行程路况,包车打车与出租车避坑,贵州全域/综合,贵州全域/综合,该说不说西安很多地方做的确实不行，也别说诸如“你去过西安吗张口就来”的话，证据在这，大唐不夜城的人山人海，机场车站黑车问题也是老生常谈的了，我24年年初去的，就被黑车坑了一回。西安旅游性价比不高，给人一种审美疲劳的感觉，没有复游意愿，去过一次就不想再来，抖音我也评过，结果人家老秦人闻着味就来了，护短嘛，正常，理解。相比之下我认为哈尔滨做的还可以，23年年末24年年初哈尔滨旅游热那会是真心真意掏心掏肺的为游客服务
300959163761,116491944987457,体验感很差的五座城市,https://www.bilibili.com/video/av116491944987457,编***1,稳***何,,未知,2026-05-29 12:12,2026,87,5,9.51,客观探讨/咨询互动,0.0,综合旅游体验与漫游杂谈,全省概览/多景点串联游记,综合旅游体验与漫游杂谈,全省概览/多景点串联游记,贵州全域/综合,贵州全域/综合,没有香港我是不服的
298538136897,116491944987457,体验感很差的五座城市,https://www.bilibili.com/video/av116491944987457,编***1,陶***吉,,未知,2026-05-05 23:18,2026,71,1,8.11,强力种草/惊艳好评,3.0,自然风光与气候避暑 | 景区运营与排队管理 | 商业化程度与民俗真实感 | 住宿价格与酒店民宿,瀑布水景视觉震撼 | 核心项目超长排队与拥堵 | 原生态村寨与民俗好评 | 景区内住宿 vs 市区中转选择,自然风光与气候避暑,瀑布水景视觉震撼,贵州全域/综合,贵州全域/综合,我大学的时候跟舍友五一出行，因为感觉附近的广西湖南肯定是人挤人的，所以我们选择了江西，因为网上很少做江西旅游的推荐，我们觉得应该不会人挤人，去了后发现我们确实选对了，我们去了婺女洲 思溪延村 简直就是世外桃源一样风景很好看 民宿老板说平时会有那种高考艺术班来这里采风 这里有一片油菜花田 可惜我们五一去的时候开完了已经 然后又去了三清山 坐缆车上到半山腰然后开爬 风景真的不比桂林的山差 而且人不多 喜欢爬山的我真的推荐，难度不算很大 也不算很陡 但是我们爬了也差不多6个小时左右 山上风景很好 之后我们又去了望仙谷 虽然是人造景 当夜晚看真的很惊艳 还有演出看 有篝火晚会 吃的方面江西辣的较多  江西小炒就没难吃的 食材都是直接从柜子里点了现炒 这也是江西小炒的特色 反正想要偶尔离开繁华的城市想稍微清净一下的话 可以来江西玩玩 特别是找民宿就去找思溪延村 相信我 住那边有种回到古代的既视感
298275081905,116491944987457,体验感很差的五座城市,https://www.bilibili.com/video/av116491944987457,编***1,黑***-,,未知,2026-05-03 20:07,2026,70,4,9.0,客观探讨/咨询互动,0.0,餐饮美食与特色体验,特色小吃与夜市文化,餐饮美食与特色体验,特色小吃与夜市文化,贵州全域/综合,贵州全域/综合,来西安拿好手机[doge]不然第二天就到华强北了[吃瓜]
298169518273,116491944987457,体验感很差的五座城市,https://www.bilibili.com/video/av116491944987457,编***1,B***y,,未知,2026-05-02 22:07,2026,61,84,11.63,客观探讨/咨询互动,0.0,自然风光与气候避暑,瀑布水景视觉震撼,自然风光与气候避暑,瀑布水景视觉震撼,贵州全域/综合,贵州全域/综合,来山西哇[doge]
301215288896,116491944987457,体验感很差的五座城市,https://www.bilibili.com/video/av116491944987457,编***1,成***街,,未知,2026-05-03 23:26,2026,125,136,13.17,客观探讨/咨询互动,0.0,综合旅游体验与漫游杂谈,全省概览/多景点串联游记,综合旅游体验与漫游杂谈,全省概览/多景点串联游记,贵州全域/综合,贵州全域/综合,成都啊！为啥没有成都？
298229906177,116491944987457,体验感很差的五座城市,https://www.bilibili.com/video/av116491944987457,编***1,能***会,,未知,2026-05-03 13:01,2026,65,10,9.68,避坑预警/痛点吐槽,-2.0,餐饮美食与特色体验,特色小吃与夜市文化,餐饮美食与特色体验,特色小吃与夜市文化,贵州全域/综合,贵州全域/综合,西安没毛病，去回民街买个文旅纪念品，第一个摆摊的一个老头上来要我们五十，我说刚在后边看的才30，他就急了，站起来追着我们骂，我们又去后边逛了逛，发现那种玩偶才10块一个，买了以后就站他摊位前劝退了两波人，追着我们骂，整个旅游体验奇差，羊肉泡馍和肉夹馍也没一个好吃的，奉劝大家真心别去，唯一让我感到好的景点就是城墙上骑自行车
304496133233,116491944987457,体验感很差的五座城市,https://www.bilibili.com/video/av116491944987457,编***1,咖***a,,未知,2026-07-01 19:44,2026,55,52,11.01,客观探讨/咨询互动,0.0,综合旅游体验与漫游杂谈,全省概览/多景点串联游记,综合旅游体验与漫游杂谈,全省概览/多景点串联游记,贵州全域/综合,贵州全域/综合,西安真的假的，前4个都去过。真的那么差的话就不考虑了
301058234528,116491944987457,体验感很差的五座城市,https://www.bilibili.com/video/av116491944987457,编***1,C***5,,未知,2026-05-02 19:56,2026,58,119,11.9,强力种草/惊艳好评,1.0,综合旅游体验与漫游杂谈,全省概览/多景点串联游记,综合旅游体验与漫游杂谈,全省概览/多景点串联游记,贵州全域/综合,贵州全域/综合,问问各位来过重庆的旅客，有啥满意或者不满意的点吗
298403781153,116491944987457,体验感很差的五座城市,https://www.bilibili.com/video/av116491944987457,编***1,-***-,,未知,2026-05-04 20:57,2026,51,4,8.54,实战攻略/避坑技巧,0.2,景区运营与排队管理,核心项目超长排队与拥堵,景区运营与排队管理,核心项目超长排队与拥堵,贵州全域/综合,贵州全域/综合,"来西安的话，
反正“吃住远离景区，出行别打出租”就可以，能避开西安这地方一大半的雷；
且夏天最好就不要来了，夏天的西安在国内真可以算是数一数二的热，真的；
人多这事真没招，假期期间哪哪都人多，只能说能错峰玩的尽量错峰吧。[笑哭]"
305299186096,116491944987457,体验感很差的五座城市,https://www.bilibili.com/video/av116491944987457,编***1,墨***新,,未知,2026-06-10 18:52,2026,57,20,10.14,客观探讨/咨询互动,0.0,自然风光与气候避暑,瀑布水景视觉震撼,自然风光与气候避暑,瀑布水景视觉震撼,贵州全域/综合,贵州全域/综合,武汉坐拥九省通衢的地理位置，交通便利，GDP全国前十，人均GDP达发达国家标准，其余四常使馆全部驻扎于此； 作为旅游城市，三大名楼之一的黄鹤楼和热闹繁华的户部巷不去遗憾一辈子；作为文明城市，人人和睦相处，遵纪守法，很少听到骂人的声音；作为大学生最多的城市，落户政策对大学生十分友好，企业也尊重人才，知人善任，待每一位员工如家人一样，收入及其可观；武汉作为国际化的大都市也欢迎更多的人来旅游，学习，生活，工作！
298277508497,116491944987457,体验感很差的五座城市,https://www.bilibili.com/video/av116491944987457,编***1,尖***记,,未知,2026-05-03 20:26,2026,49,107,11.55,强力种草/惊艳好评,1.0,综合旅游体验与漫游杂谈,全省概览/多景点串联游记,综合旅游体验与漫游杂谈,全省概览/多景点串联游记,贵州全域/综合,贵州全域/综合,暑假想去成都重庆香港玩推荐吗
302172233680,116491944987457,体验感很差的五座城市,https://www.bilibili.com/video/av116491944987457,编***1,乐***咪,,未知,2026-05-12 20:40,2026,61,10,9.59,避坑预警/痛点吐槽,-1.0,餐饮美食与特色体验,特色小吃与夜市文化,餐饮美食与特色体验,特色小吃与夜市文化,贵州全域/综合,贵州全域/综合,我旅游去过二三十个城市，自认为有点话语权。我觉得真正吃住玩行和服务体验都差的基本没有，但占两三个的有不少，西安就属于这一类。西安的餐饮丰富度和服务意识都很一般，景点管理更是极差，纯靠资源好撑起来的旅游流量。但西安也确实有底气，十三朝古都留下来的旅游资源还是太丰富了，足以盖过其他缺点，而且吃的挺对我胃口的。虽说有过很糟糕的经历，但我也没觉得很后悔去过哪个城市，好与不好都是一种体验嘛。
305853908432,116753417964480,都说贵州很凉快，是真的吗？,https://www.bilibili.com/video/av116753417964480,韩***o,韩***o,,未知,2026-06-15 21:22,2026,2291,61,16.73,强力种草/惊艳好评,1.0,商业化程度与民俗真实感,民俗表演与人文真实互动,商业化程度与民俗真实感,民俗表演与人文真实互动,贵州全域/综合,贵州全域/综合,"这次视频做得稍微有点赶。
现在回头看，我自己也觉得整体有些仓促。
谢谢大家真诚地指出不足的地方。
我也知道大家喜欢我视频里的哪些部分。
下次我会更加注意，把那些部分做得更好。
谢谢大家。"
305847501808,116753417964480,都说贵州很凉快，是真的吗？,https://www.bilibili.com/video/av116753417964480,韩***o,布***_,,未知,2026-06-15 20:22,2026,1933,13,14.99,强力种草/惊艳好评,1.0,综合旅游体验与漫游杂谈,全省概览/多景点串联游记,综合旅游体验与漫游杂谈,全省概览/多景点串联游记,贵州全域/综合,贵州全域/综合,宝强，不用急着赶日程、赶时间给我们发视频的。跟着你自己的步伐就好了。无论是好的想法，或不好的评论都可以分享出来，分享你真实的旅行感受就好了。我们喜欢看你的视频，会尊重你的想法。希望你可以慢慢做出自己喜欢的作品。
302781108193,116753417964480,都说贵州很凉快，是真的吗？,https://www.bilibili.com/video/av116753417964480,韩***o,荫***光,,未知,2026-06-15 22:42,2026,1700,7,14.24,客观探讨/咨询互动,0.0,综合旅游体验与漫游杂谈,全省概览/多景点串联游记,综合旅游体验与漫游杂谈,全省概览/多景点串联游记,贵州全域/综合,贵州全域/综合,城市文明大使(1/1)
305839476480,116753417964480,都说贵州很凉快，是真的吗？,https://www.bilibili.com/video/av116753417964480,韩***o,韩***o,,未知,2026-06-15 19:07,2026,964,55,15.33,客观探讨/咨询互动,0.0,综合旅游体验与漫游杂谈,全省概览/多景点串联游记,综合旅游体验与漫游杂谈,全省概览/多景点串联游记,贵州全域/综合,贵州全域/综合,不好意思大家，我刚才有点手忙脚乱，字幕漏掉了……请稍等一下！
302793406561,116753417964480,都说贵州很凉快，是真的吗？,https://www.bilibili.com/video/av116753417964480,韩***o,来***o,,未知,2026-06-16 00:59,2026,849,4,12.73,客观探讨/咨询互动,0.0,消费预算与综合性价比,高性价比与平民消费好评,消费预算与综合性价比,高性价比与平民消费好评,贵州全域/综合,贵州全域/综合,能不能当贵州禁烟大使
305914855632,116753417964480,都说贵州很凉快，是真的吗？,https://www.bilibili.com/video/av116753417964480,韩***o,加***7,,未知,2026-06-16 13:35,2026,535,9,12.73,强力种草/惊艳好评,2.0,自然风光与气候避暑,瀑布水景视觉震撼 | 雨季泥沙浑浊与恶劣天气,自然风光与气候避暑,瀑布水景视觉震撼,荔波小七孔,荔波小七孔,"可以理解大家想要让远道的客人遍览美景、尽兴而归的热心，不过对于不同的旅行方式，多一些尊重吧。难得一次的旅行，有人会做足准备，会因为没遇到好天气、没达到预期而遗憾；可是也会有人遇到遗憾，接受遗憾，然后享受当下能够享受的风景。

清汤小七孔很美，浓汤小七孔也别有风味。大力水手在绿豆汤里划船，不也很有趣吗？“耳得之而为声，目遇之而成色。”苏轼能看到清风明月，未必是风景多美，而是因为他内心澄明。没有完美的旅行，心态决定了人看到什么风景。旅行vlog的魅力不正是个人独特的审美体验吗？多方位展示那是文旅部门的工作。喜欢会带来期待，只是希望期待不会变成要求。"
305838919600,116753417964480,都说贵州很凉快，是真的吗？,https://www.bilibili.com/video/av116753417964480,韩***o,R***z,,未知,2026-06-15 19:02,2026,431,16,12.94,客观探讨/咨询互动,0.0,综合旅游体验与漫游杂谈,全省概览/多景点串联游记,综合旅游体验与漫游杂谈,全省概览/多景点串联游记,贵州全域/综合,贵州全域/综合,何时来内蒙 我在沙漠很想你
302764541521,116753417964480,都说贵州很凉快，是真的吗？,https://www.bilibili.com/video/av116753417964480,韩***o,雨***死,,未知,2026-06-15 20:05,2026,360,0,9.83,强力种草/惊艳好评,1.0,消费预算与综合性价比,高性价比与平民消费好评,消费预算与综合性价比,高性价比与平民消费好评,贵州全域/综合,贵州全域/综合,这一期贵州的怎么剪得这么快速，之前成都的几期感觉都是慢悠悠的，但这期感觉特别赶诶，而且很多东西都略过了，最后希望你能好好享受每一次旅途
305982723472,116753417964480,都说贵州很凉快，是真的吗？,https://www.bilibili.com/video/av116753417964480,韩***o,大***么,,未知,2026-06-17 02:54,2026,320,7,11.74,强力种草/惊艳好评,1.0,综合旅游体验与漫游杂谈,全省概览/多景点串联游记,综合旅游体验与漫游杂谈,全省概览/多景点串联游记,贵州全域/综合,贵州全域/综合,可惜去的时机不对，先前去过拍的照片，真的超好看
302762614161,116753417964480,都说贵州很凉快，是真的吗？,https://www.bilibili.com/video/av116753417964480,韩***o,红***袋,,未知,2026-06-15 19:46,2026,320,5,11.45,客观探讨/咨询互动,0.0,自然风光与气候避暑,瀑布水景视觉震撼,自然风光与气候避暑,瀑布水景视觉震撼,贵阳市区/黔灵山,贵阳市区/黔灵山,我在黔灵山拍的
305849055776,116753417964480,都说贵州很凉快，是真的吗？,https://www.bilibili.com/video/av116753417964480,韩***o,T***椰,,未知,2026-06-15 20:36,2026,533,11,12.91,强力种草/惊艳好评,1.0,综合旅游体验与漫游杂谈,全省概览/多景点串联游记,综合旅游体验与漫游杂谈,全省概览/多景点串联游记,贵州全域/综合,贵州全域/综合,怎么总是有扫兴的人啊 管太多了吧[疑惑] 希望宝强别理会 自己怎么舒服怎么来就行了
302861291921,116753417964480,都说贵州很凉快，是真的吗？,https://www.bilibili.com/video/av116753417964480,韩***o,我***兴,,未知,2026-06-16 19:30,2026,352,14,12.51,强力种草/惊艳好评,1.0,餐饮美食与特色体验,特色小吃与夜市文化,餐饮美食与特色体验,特色小吃与夜市文化,贵州全域/综合,贵州全域/综合,"其实没懂有些人说很过的点，首先咱们传统不就是好客吗，我觉得这样没有什么问题吧，更何况宝强还是个外国人，在人不生地不熟的地方，大家肯定会多照顾他一点，我平时在外面遇到外国人也会很热心的帮助他呀
其次，大家都很喜欢宝强，好不容易见一次面，粉丝想要为喜欢的🆙主准备一些惊喜和用心准备的礼物，是完全正常的事情阿，能一起见面吃饭是双方都很开心的事，这有什么好恶意揣测的，也不可能吃饭全程都给剪进去吧，剪辑的片段也更侧重于大家用心给宝强准备的礼物
最后，我觉得大家准备的都超级用心的，尤其是那个问答环节，可能是大家看过宝强去大学提问的那一期（部分同学老是问一些私人的问题），所以大家这次见面非常精心的准备了从视频制作的角度的提问，我觉得完全完全用心，没懂这个为什么有说很尬很过的点，而且看宝强那么多期的视频，他的反应更像是一种被大家珍视自己的无措吧，部分人就不要太把自己的感受带入发一些观感很不好的弹幕吧，弹幕氛围要是再这样下去，以后宝强可能都不太敢和大家吃饭了...明明是一件双方都会获得能量的事，弹幕为何如此"
302762645585,116753417964480,都说贵州很凉快，是真的吗？,https://www.bilibili.com/video/av116753417964480,韩***o,广***模,,未知,2026-06-15 19:45,2026,279,8,11.65,客观探讨/咨询互动,0.0,综合旅游体验与漫游杂谈,全省概览/多景点串联游记,综合旅游体验与漫游杂谈,全省概览/多景点串联游记,贵州全域/综合,贵州全域/综合,这是？
305848848400,116753417964480,都说贵州很凉快，是真的吗？,https://www.bilibili.com/video/av116753417964480,韩***o,布***_,,未知,2026-06-15 20:35,2026,268,9,11.69,客观探讨/咨询互动,0.0,综合旅游体验与漫游杂谈,全省概览/多景点串联游记,综合旅游体验与漫游杂谈,全省概览/多景点串联游记,贵州全域/综合,贵州全域/综合,宝强和🐒的自拍🤳
306360893920,116753417964480,都说贵州很凉快，是真的吗？,https://www.bilibili.com/video/av116753417964480,韩***o,阿***吖,,未知,2026-06-20 14:06,2026,356,11,12.3,客观探讨/咨询互动,0.0,餐饮美食与特色体验,特色小吃与夜市文化,餐饮美食与特色体验,特色小吃与夜市文化,贵州全域/综合,贵州全域/综合,主要是他们是在网上看到有人偶遇了就当天从广东追过去还带礼物。如果以后up在每一个地方旅游被认出来就马上有人追过去要这样那样的。跟这些人吃饭了也要跟那些人吃饭。旅游的感受就打折了。大家都是很友好的那些祝福也很温暖。但是特意追过去很让人负担啊
305872417728,116753417964480,都说贵州很凉快，是真的吗？,https://www.bilibili.com/video/av116753417964480,韩***o,不***站,,未知,2026-06-16 00:20,2026,209,0,9.02,强力种草/惊艳好评,2.0,餐饮美食与特色体验,特色小吃与夜市文化,餐饮美食与特色体验,特色小吃与夜市文化,贵州全域/综合,贵州全域/综合,"粉丝变多了 压力会变大 一定会想着多回馈粉丝 反而可能导致自己不能像过去那样好好享受旅途
相信真正喜欢你的人都会希望你可以放松沉浸享受所见所闻 不着急哒"
302763503937,116753417964480,都说贵州很凉快，是真的吗？,https://www.bilibili.com/video/av116753417964480,韩***o,可***酒,,未知,2026-06-15 19:54,2026,171,2,9.82,客观探讨/咨询互动,0.0,自然风光与气候避暑,瀑布水景视觉震撼,自然风光与气候避暑,瀑布水景视觉震撼,荔波小七孔,荔波小七孔,宝强你去那会估计是丰水期，我之前去小七孔超美的，还一直想再去一次
305851547664,116753417964480,都说贵州很凉快，是真的吗？,https://www.bilibili.com/video/av116753417964480,韩***o,布***_,,未知,2026-06-15 20:59,2026,131,8,10.52,客观探讨/咨询互动,0.0,餐饮美食与特色体验,特色小吃与夜市文化,餐饮美食与特色体验,特色小吃与夜市文化,贵州全域/综合,贵州全域/综合,TMI：cafe没放咖啡片段是因为不是宝强的菜（来自🍠）
302884741345,116753417964480,都说贵州很凉快，是真的吗？,https://www.bilibili.com/video/av116753417964480,韩***o,奶***方,,未知,2026-06-16 23:23,2026,125,1,8.95,客观探讨/咨询互动,0.0,餐饮美食与特色体验,特色小吃与夜市文化,餐饮美食与特色体验,特色小吃与夜市文化,贵州全域/综合,贵州全域/综合,看评论还以为这期很无聊，结果超有意思的啊，这就是事业粉吗好严格
305853506112,116753417964480,都说贵州很凉快，是真的吗？,https://www.bilibili.com/video/av116753417964480,韩***o,y***_,,未知,2026-06-15 21:18,2026,161,0,8.63,客观探讨/咨询互动,0.0,餐饮美食与特色体验,特色小吃与夜市文化,餐饮美食与特色体验,特色小吃与夜市文化,贵州全域/综合,贵州全域/综合,很开心和宝强吃饭～很快乐的记忆❤️
302761063697,116753417964480,都说贵州很凉快，是真的吗？,https://www.bilibili.com/video/av116753417964480,韩***o,有***-,,未知,2026-06-15 19:31,2026,111,0,8.08,客观探讨/咨询互动,0.0,综合旅游体验与漫游杂谈,全省概览/多景点串联游记,综合旅游体验与漫游杂谈,全省概览/多景点串联游记,荔波小七孔,荔波小七孔,平常日子的荔波小七孔，大概是刚好你去的时候下了很多雨~
302789996689,116753417964480,都说贵州很凉快，是真的吗？,https://www.bilibili.com/video/av116753417964480,韩***o,劳***的,,未知,2026-06-16 00:14,2026,99,13,10.55,客观探讨/咨询互动,0.0,消费预算与综合性价比,高性价比与平民消费好评,消费预算与综合性价比,高性价比与平民消费好评,贵州全域/综合,贵州全域/综合,有一说一，贵州的禁烟力度真的几乎为零，全靠自觉[笑哭]年轻人基本很有意识的不在公共场所抽烟，但是年龄稍大的中年人就不一样了，经常在大街上走着走着就上闻到烟味
305853154384,116753417964480,都说贵州很凉快，是真的吗？,https://www.bilibili.com/video/av116753417964480,韩***o,我***铁,,未知,2026-06-15 21:14,2026,94,0,7.83,客观探讨/咨询互动,0.0,综合旅游体验与漫游杂谈,全省概览/多景点串联游记,综合旅游体验与漫游杂谈,全省概览/多景点串联游记,荔波小七孔,荔波小七孔,宝强有点可惜啦！！！大小七孔好漂亮的
306745162960,116753417964480,都说贵州很凉快，是真的吗？,https://www.bilibili.com/video/av116753417964480,韩***o,时***着,,未知,2026-06-23 21:03,2026,84,4,9.27,客观探讨/咨询互动,0.0,综合旅游体验与漫游杂谈,全省概览/多景点串联游记,综合旅游体验与漫游杂谈,全省概览/多景点串联游记,荔波小七孔,荔波小七孔,五一前去小七孔拍的
304282461089,116753417964480,都说贵州很凉快，是真的吗？,https://www.bilibili.com/video/av116753417964480,韩***o,钢***眼,,未知,2026-06-29 21:04,2026,83,13,10.29,客观探讨/咨询互动,0.0,消费预算与综合性价比,高性价比与平民消费好评,消费预算与综合性价比,高性价比与平民消费好评,贵州全域/综合,贵州全域/综合,多发点，这是我了解贵州的唯一途径
302806596113,116753417964480,都说贵州很凉快，是真的吗？,https://www.bilibili.com/video/av116753417964480,韩***o,卡***4,,未知,2026-06-16 08:16,2026,86,3,9.09,客观探讨/咨询互动,0.0,综合旅游体验与漫游杂谈,全省概览/多景点串联游记,综合旅游体验与漫游杂谈,全省概览/多景点串联游记,贵州全域/综合,贵州全域/综合,罪加一等！！！[生气]
303148705553,116753417964480,都说贵州很凉快，是真的吗？,https://www.bilibili.com/video/av116753417964480,韩***o,甍*,,未知,2026-06-19 14:51,2026,76,9,9.82,客观探讨/咨询互动,0.0,综合旅游体验与漫游杂谈,全省概览/多景点串联游记,综合旅游体验与漫游杂谈,全省概览/多景点串联游记,贵州全域/综合,贵州全域/综合,今年五一去的，完全美！
305865357152,116753417964480,都说贵州很凉快，是真的吗？,https://www.bilibili.com/video/av116753417964480,韩***o,妖***鱼,,未知,2026-06-15 23:08,2026,75,7,9.58,客观探讨/咨询互动,0.0,消费预算与综合性价比,高性价比与平民消费好评,消费预算与综合性价比,高性价比与平民消费好评,贵州全域/综合,贵州全域/综合,我去的时候没有雨颜色很漂亮的，贵州是我一直想二刷的地方！！！
305958233968,116753417964480,都说贵州很凉快，是真的吗？,https://www.bilibili.com/video/av116753417964480,韩***o,加***7,,未知,2026-06-16 21:37,2026,70,4,9.0,强力种草/惊艳好评,1.0,交通自驾与行程路况,山路弯道与自驾难度,交通自驾与行程路况,山路弯道与自驾难度,贵州全域/综合,贵州全域/综合,"对这期的剪辑节奏讨论蛮多的。个人感觉倒不是赶，而是紧凑：
1.内容容量大，活动丰富。第一次在一期里记录了两个城市、共4天的内容，所以白天黑夜和场景的切换比较多；
2.笑点密集。各种奇妙的比喻，一路笑得没停过，因此看了一半中场休息之后才继续看。

感受就是：观众的一滴眼泪，需要创作者的一百滴眼泪。（笑出眼泪也算）
另外，大家喜欢的opening和ending我觉得是锦上添花吧，未必要成为每个系列的固定内容。形式是自由多样的，根据内容来决定就好，程式化了反而限制发挥。总之，很喜欢这集。众口难调，选择性听取，坚持自己吧，慢慢来。"
305877299152,116753417964480,都说贵州很凉快，是真的吗？,https://www.bilibili.com/video/av116753417964480,韩***o,L***啦,,未知,2026-06-16 01:30,2026,68,3,8.74,客观探讨/咨询互动,0.0,自然风光与气候避暑,雨季泥沙浑浊与恶劣天气,自然风光与气候避暑,雨季泥沙浑浊与恶劣天气,贵州全域/综合,贵州全域/综合,"不知道，我太爱看各种溪流和爬满青苔的石头了
（好久以前去的那时候手机拍照很一般。汛期水会变黄，变绿豆汤，最佳赏味期是蓝绿色的）"
305862667248,116753417964480,都说贵州很凉快，是真的吗？,https://www.bilibili.com/video/av116753417964480,韩***o,柠***i,,未知,2026-06-15 22:41,2026,60,0,7.17,避坑预警/痛点吐槽,-1.0,综合旅游体验与漫游杂谈,全省概览/多景点串联游记,综合旅游体验与漫游杂谈,全省概览/多景点串联游记,贵州全域/综合,贵州全域/综合,支持大胆吐槽二手烟的问题……
302850758945,116753417964480,都说贵州很凉快，是真的吗？,https://www.bilibili.com/video/av116753417964480,韩***o,绵***-,,未知,2026-06-16 17:45,2026,59,1,7.83,客观探讨/咨询互动,0.0,综合旅游体验与漫游杂谈,全省概览/多景点串联游记,综合旅游体验与漫游杂谈,全省概览/多景点串联游记,贵州全域/综合,贵州全域/综合,禁烟大使，我支持你！！！去过的十几个站的站台都无一幸免，臭死啦！！！！投诉也没用，工作人员管了也没用，就这么放纵烟民
303056317297,116753417964480,都说贵州很凉快，是真的吗？,https://www.bilibili.com/video/av116753417964480,韩***o,少***G,,未知,2026-06-18 18:11,2026,54,5,8.8,客观探讨/咨询互动,0.0,交通自驾与行程路况,山路弯道与自驾难度,交通自驾与行程路况,山路弯道与自驾难度,贵州全域/综合,贵州全域/综合,wow I see！半个小时的见面会签名会，kkangbo你是真🔥了，b站你有活动终于开始link宝强了，顺便把他奖牌赶紧给他吧[笑哭]bilibili world的票听说本来就不好抢哎[喜极而泣]
302764082977,116753417964480,都说贵州很凉快，是真的吗？,https://www.bilibili.com/video/av116753417964480,韩***o,可***酒,,未知,2026-06-15 19:59,2026,54,2,8.11,客观探讨/咨询互动,0.0,综合旅游体验与漫游杂谈,全省概览/多景点串联游记,综合旅游体验与漫游杂谈,全省概览/多景点串联游记,荔波小七孔,荔波小七孔,宝强啊～你应该玩小七孔的这个透明小船好一点
305844612384,116753417964480,都说贵州很凉快，是真的吗？,https://www.bilibili.com/video/av116753417964480,韩***o,由***i,,未知,2026-06-15 19:55,2026,55,10,9.44,强力种草/惊艳好评,1.0,餐饮美食与特色体验,折耳根与口味适应度,餐饮美食与特色体验,折耳根与口味适应度,贵州全域/综合,贵州全域/综合,"来早了 还没看 人也挺少的
虽然可能现在没有 但是希望后面不要有妖魔化折耳根的言论。。。。be like:折耳根这种东西你都吃得下去 折耳根接受无能 折耳根好腥 勇士balabala
贵州人真的怕了 一提到贵州必定拉踩折耳根
吃不来折耳根是你基因问题 所以觉得腥 不吃不就行了
博主还不吃香菜呢 也没人拉踩香菜啊 还有人不吃榴莲
也没见到处嚷嚷榴莲臭的（因为有人喜欢有人不喜欢）

反倒我觉得肉松小贝里的海苔很腥啊 但我也没到处在人家吃肉松小贝下面的视频说“你怎么能吃得下肉松小贝啊 这个不腥吗” 这样到处ky
尊重一下当地食物。。。。。（因为这的见了太多拉踩折耳根的了不吐不快）"
302843513361,116753417964480,都说贵州很凉快，是真的吗？,https://www.bilibili.com/video/av116753417964480,韩***o,一***年,,未知,2026-06-16 16:20,2026,47,2,7.91,客观探讨/咨询互动,0.0,自然风光与气候避暑,瀑布水景视觉震撼,自然风光与气候避暑,瀑布水景视觉震撼,贵州全域/综合,贵州全域/综合,没来广东是对的，前段时间热到爆炸，这段时间洪水滔天，岭南宝地就是这样[热]
306023701376,116753417964480,都说贵州很凉快，是真的吗？,https://www.bilibili.com/video/av116753417964480,韩***o,少***剑,,未知,2026-06-17 15:15,2026,43,1,7.37,客观探讨/咨询互动,0.0,综合旅游体验与漫游杂谈,全省概览/多景点串联游记,综合旅游体验与漫游杂谈,全省概览/多景点串联游记,贵州全域/综合,贵州全域/综合,到底谁要替烟鬼这些人讲话……
302843287329,116753417964480,都说贵州很凉快，是真的吗？,https://www.bilibili.com/video/av116753417964480,韩***o,立***输,,未知,2026-06-16 16:14,2026,43,1,7.37,客观探讨/咨询互动,0.0,自然风光与气候避暑,瀑布水景视觉震撼,自然风光与气候避暑,瀑布水景视觉震撼,荔波小七孔,荔波小七孔,哈哈哈哈小七孔洞都没了哈哈哈哈哈 去的不是时候呀哈哈哈哈
305900172304,116753417964480,都说贵州很凉快，是真的吗？,https://www.bilibili.com/video/av116753417964480,韩***o,酒***枪,,未知,2026-06-16 10:59,2026,39,1,7.23,强力种草/惊艳好评,1.0,综合旅游体验与漫游杂谈,全省概览/多景点串联游记,综合旅游体验与漫游杂谈,全省概览/多景点串联游记,贵州全域/综合,贵州全域/综合,"记录我眼中的🌍分享我真实的旅行感受这句话真的很好，博主千万不要着急着发视频素材而疲劳去找，你才是""主导者""，你只需要做你自己喜欢的事情就好了！[Cat2_OddFriend][Cat2_CatAMail][Cat2_FatCat!？]@韩国旅行者Kkangbo"
302887227553,116753417964480,都说贵州很凉快，是真的吗？,https://www.bilibili.com/video/av116753417964480,韩***o,樱***完,,未知,2026-06-16 23:50,2026,35,1,7.07,客观探讨/咨询互动,0.0,综合旅游体验与漫游杂谈,全省概览/多景点串联游记,综合旅游体验与漫游杂谈,全省概览/多景点串联游记,贵州全域/综合,贵州全域/综合,被越来越多人看到的时候就会有各种各样的声音了 要继续做自己不要为一句两句意见就改变了自己的想法 继续期待下个视频
305872162496,116753417964480,都说贵州很凉快，是真的吗？,https://www.bilibili.com/video/av116753417964480,韩***o,不***站,,未知,2026-06-16 00:17,2026,42,0,6.64,避坑预警/痛点吐槽,-1.0,综合旅游体验与漫游杂谈,全省概览/多景点串联游记,综合旅游体验与漫游杂谈,全省概览/多景点串联游记,贵州全域/综合,贵州全域/综合,优秀！就是这样！继续保持！狠狠吐槽！禁烟大使，谢谢你，love from taiyuan！[给心心][给心心][给心心][给心心][给心心][给心心]
302827786737,116753417964480,都说贵州很凉快，是真的吗？,https://www.bilibili.com/video/av116753417964480,韩***o,离***-,,未知,2026-06-16 12:56,2026,31,0,6.2,强力种草/惊艳好评,2.0,餐饮美食与特色体验 | 景区运营与排队管理 | 消费预算与综合性价比,酸汤系列与特色火锅 | 核心项目超长排队与拥堵 | 高性价比与平民消费好评,餐饮美食与特色体验,酸汤系列与特色火锅,荔波小七孔,荔波小七孔,宝强吃的是这家豆米火锅！荔波必吃 当时是毕业旅行和朋友做攻略去的还要排队呢！！！店虽小但是非常好吃！！且划算两个人吃这么一大桌才六十几七十 然后小七孔是八月初去的颜色超级好看！！！[打call][打call][打call][星星眼][星星眼][星星眼]
302812907041,116753417964480,都说贵州很凉快，是真的吗？,https://www.bilibili.com/video/av116753417964480,韩***o,贝***妮,,未知,2026-06-16 10:03,2026,30,1,6.84,客观探讨/咨询互动,0.0,综合旅游体验与漫游杂谈,全省概览/多景点串联游记,综合旅游体验与漫游杂谈,全省概览/多景点串联游记,荔波小七孔,荔波小七孔,宝强 我去年去的时候小七孔是这样的[鼓掌]
302862645793,116753417964480,都说贵州很凉快，是真的吗？,https://www.bilibili.com/video/av116753417964480,韩***o,C***椰,,未知,2026-06-16 19:43,2026,29,0,6.1,强力种草/惊艳好评,1.0,自然风光与气候避暑,瀑布水景视觉震撼,自然风光与气候避暑,瀑布水景视觉震撼,贵州全域/综合,贵州全域/综合,枯水期超好看！！！
302825693793,116753417964480,都说贵州很凉快，是真的吗？,https://www.bilibili.com/video/av116753417964480,韩***o,我***海,,未知,2026-06-16 12:35,2026,27,9,8.3,客观探讨/咨询互动,0.0,餐饮美食与特色体验,特色小吃与夜市文化,餐饮美食与特色体验,特色小吃与夜市文化,荔波小七孔 | 贵阳市区/黔灵山,荔波小七孔,279可以贵阳飞荔波小七孔 包含来回机票燃油机建 还包含一百块的门票 还有一晚酒店 是自由行
302815907233,116753417964480,都说贵州很凉快，是真的吗？,https://www.bilibili.com/video/av116753417964480,韩***o,少***G,,未知,2026-06-16 10:45,2026,26,1,6.64,避坑预警/痛点吐槽,-1.0,餐饮美食与特色体验,特色小吃与夜市文化,餐饮美食与特色体验,特色小吃与夜市文化,贵州全域/综合,贵州全域/综合,宝强自行决定你当下最想去的中国旅行地可能会更好？实在纠结想让粉丝来决定一次当然也有趣的，很明显要避坑的是可以多问问中国粉丝的哈哈
303116269825,116753417964480,都说贵州很凉快，是真的吗？,https://www.bilibili.com/video/av116753417964480,韩***o,子***o,,未知,2026-06-19 09:00,2026,24,1,6.52,客观探讨/咨询互动,0.0,消费预算与综合性价比,高性价比与平民消费好评,消费预算与综合性价比,高性价比与平民消费好评,贵州全域/综合,贵州全域/综合,贵州人在韩国看贵州篇[大哭]
302838793617,116753417964480,都说贵州很凉快，是真的吗？,https://www.bilibili.com/video/av116753417964480,韩***o,一***在,,未知,2026-06-16 15:16,2026,24,5,7.62,客观探讨/咨询互动,0.0,交通自驾与行程路况,高铁大巴换乘与班次衔接,交通自驾与行程路况,高铁大巴换乘与班次衔接,贵州全域/综合,贵州全域/综合,我骑电动车走在路上，经常遇见前面有人一边骑车一边抽烟，我晚上去菜鸟驿站取快递，路上大概率会遇见有人一边走路一边抽烟，我去饭店或者路边摊，附近总会有些人在抽烟，甚至我到外地旅游，天哪，情况甚至能比我们这里这里还严重。现在中国到底有多少烟民？中国的烟草消耗量是不是世界第一哦🙄
305956958896,116753417964480,都说贵州很凉快，是真的吗？,https://www.bilibili.com/video/av116753417964480,韩***o,不***A,,未知,2026-06-16 21:24,2026,23,8,7.96,客观探讨/咨询互动,0.0,自然风光与气候避暑,瀑布水景视觉震撼,自然风光与气候避暑,瀑布水景视觉震撼,梵净山,梵净山,是啊，贵州真的很凉快[微笑]（铜仁人如是说道）
305862504112,116753417964480,都说贵州很凉快，是真的吗？,https://www.bilibili.com/video/av116753417964480,韩***o,海***渊,,未知,2026-06-15 22:39,2026,23,4,7.38,强力种草/惊艳好评,1.0,自然风光与气候避暑 | 交通自驾与行程路况,夏季清凉避暑体验 | 雨季泥沙浑浊与恶劣天气 | 景点分散与长途拉车疲劳,自然风光与气候避暑,夏季清凉避暑体验,黄果树瀑布 | 荔波小七孔 | 西江千户苗寨 | 梵净山 | 贵阳市区/黔灵山,黄果树瀑布,贵州人前来报到！（虽然现在不在贵州）小七孔大七孔的水正常情况下是透明的蓝色，超级漂亮～来贵州旅游有一个不好的地方就是景点很分散，贵阳出发去哪里都很远的样子[辣眼睛]但是！贵州真的每个地方都值得去，铜仁梵净山，安顺黄果树，黔南的荔波和望远镜，黔东南的苗寨。宝强哥下次可以选春入夏的季节来，雨季还没到，但是该绿的都绿两千，还不热。走遍大地神州，醉美多彩贵州！[星星眼][星星眼]
273137573793,115111347949448,你们贵州人嘴真严啊…这么有意思的地方怎么不早说！？,https://www.bilibili.com/video/av115111347949448,超***西,H***O,,未知,2025-08-29 18:23,2025,375,8,12.09,客观探讨/咨询互动,0.0,综合旅游体验与漫游杂谈,全省概览/多景点串联游记,综合旅游体验与漫游杂谈,全省概览/多景点串联游记,贵州全域/综合,贵州全域/综合,又更新了？工贼？
274567626464,115111347949448,你们贵州人嘴真严啊…这么有意思的地方怎么不早说！？,https://www.bilibili.com/video/av115111347949448,超***西,S***君,,未知,2025-08-30 14:10,2025,353,13,12.44,强力种草/惊艳好评,1.0,综合旅游体验与漫游杂谈,全省概览/多景点串联游记,综合旅游体验与漫游杂谈,全省概览/多景点串联游记,贵州全域/综合,贵州全域/综合,驼子姐真的太可爱了笑死
273136130049,115111347949448,你们贵州人嘴真严啊…这么有意思的地方怎么不早说！？,https://www.bilibili.com/video/av115111347949448,超***西,阳***士,,未知,2025-08-29 18:11,2025,278,55,13.47,客观探讨/咨询互动,0.0,自然风光与气候避暑,瀑布水景视觉震撼,自然风光与气候避暑,瀑布水景视觉震撼,贵州全域/综合,贵州全域/综合,贵州高温，日照，一个都不占，不敢想有多凉快[笑哭]
274517565312,115111347949448,你们贵州人嘴真严啊…这么有意思的地方怎么不早说！？,https://www.bilibili.com/video/av115111347949448,超***西,期***7,,未知,2025-08-30 01:09,2025,249,6,11.23,客观探讨/咨询互动,0.0,综合旅游体验与漫游杂谈,全省概览/多景点串联游记,综合旅游体验与漫游杂谈,全省概览/多景点串联游记,贵州全域/综合,贵州全域/综合,这更新速度比生产队的驴都快啊小柴！！[2233娘_吐魂]
273156331713,115111347949448,你们贵州人嘴真严啊…这么有意思的地方怎么不早说！？,https://www.bilibili.com/video/av115111347949448,超***西,嘿***r,,未知,2025-08-29 21:03,2025,244,37,12.89,实战攻略/避坑技巧,0.2,安全防范与避坑预警,水上漂流与徒步涉水安全,安全防范与避坑预警,水上漂流与徒步涉水安全,荔波小七孔,荔波小七孔,荔波这题我会，去年1月初去的，超级淡季，有种包场的感觉，可惜是阴天，而且最期待的漂流也没玩到[委屈]
274512921728,115111347949448,你们贵州人嘴真严啊…这么有意思的地方怎么不早说！？,https://www.bilibili.com/video/av115111347949448,超***西,作***子,,未知,2025-08-30 00:17,2025,224,25,12.38,客观探讨/咨询互动,0.0,综合旅游体验与漫游杂谈,全省概览/多景点串联游记,综合旅游体验与漫游杂谈,全省概览/多景点串联游记,贵州全域/综合,贵州全域/综合,小心点，被神秘园盯上了
274473834832,115111347949448,你们贵州人嘴真严啊…这么有意思的地方怎么不早说！？,https://www.bilibili.com/video/av115111347949448,超***西,老***鸡,,未知,2025-08-29 18:59,2025,134,12,10.92,客观探讨/咨询互动,0.0,综合旅游体验与漫游杂谈,全省概览/多景点串联游记,综合旅游体验与漫游杂谈,全省概览/多景点串联游记,贵州全域/综合,贵州全域/综合,[doge][doge]尬子姐玩驼的？
274514923184,115111347949448,你们贵州人嘴真严啊…这么有意思的地方怎么不早说！？,https://www.bilibili.com/video/av115111347949448,超***西,星***蟹,,未知,2025-08-30 00:37,2025,160,15,11.39,客观探讨/咨询互动,0.0,自然风光与气候避暑,瀑布水景视觉震撼,自然风光与气候避暑,瀑布水景视觉震撼,荔波小七孔 | 西江千户苗寨 | 梵净山 | 万峰林/马岭河,荔波小七孔,"有次无意中看资料的时候才知道，他们把贵州最有排面的景点概括成“黄小西吃晚饭”[笑哭]
即【黄】果树瀑布、荔波【小】七孔、【西】江千户苗寨、【赤】水丹霞、兴义【万】峰林、铜仁【梵】净山……
真不是我胡咧咧，还特么是他们官方的资料……非常想喊一句“谐音梗扣钱”有木有[喜极而泣]"
273221927105,115111347949448,你们贵州人嘴真严啊…这么有意思的地方怎么不早说！？,https://www.bilibili.com/video/av115111347949448,超***西,流***想,,未知,2025-08-30 12:33,2025,135,19,11.36,客观探讨/咨询互动,0.0,综合旅游体验与漫游杂谈,全省概览/多景点串联游记,综合旅游体验与漫游杂谈,全省概览/多景点串联游记,贵州全域/综合,贵州全域/综合,去年中秋去的
274497855568,115111347949448,你们贵州人嘴真严啊…这么有意思的地方怎么不早说！？,https://www.bilibili.com/video/av115111347949448,超***西,寡***-,,未知,2025-08-29 22:11,2025,117,1,8.85,强力种草/惊艳好评,1.0,综合旅游体验与漫游杂谈,全省概览/多景点串联游记,综合旅游体验与漫游杂谈,全省概览/多景点串联游记,贵州全域/综合,贵州全域/综合,[脱单doge][打call][打call]柴宝好好看
274582244128,115111347949448,你们贵州人嘴真严啊…这么有意思的地方怎么不早说！？,https://www.bilibili.com/video/av115111347949448,超***西,优***y,,未知,2025-08-30 16:45,2025,124,28,11.61,客观探讨/咨询互动,0.0,自然风光与气候避暑,瀑布水景视觉震撼,自然风光与气候避暑,瀑布水景视觉震撼,贵阳市区/黔灵山,贵阳市区/黔灵山,作为个贵阳人表示除了贵阳以外其它地方都有大自然的鬼斧神工的景象……[笑哭]
274591255200,115111347949448,你们贵州人嘴真严啊…这么有意思的地方怎么不早说！？,https://www.bilibili.com/video/av115111347949448,超***西,呆***肖,,未知,2025-08-30 18:11,2025,102,2,9.05,客观探讨/咨询互动,0.0,综合旅游体验与漫游杂谈,全省概览/多景点串联游记,综合旅游体验与漫游杂谈,全省概览/多景点串联游记,贵州全域/综合,贵州全域/综合,守护驼子姐健康爽朗的笑容[doge]
274469692704,115111347949448,你们贵州人嘴真严啊…这么有意思的地方怎么不早说！？,https://www.bilibili.com/video/av115111347949448,超***西,青***归,,未知,2025-08-29 18:25,2025,94,2,8.93,强力种草/惊艳好评,1.0,综合旅游体验与漫游杂谈,全省概览/多景点串联游记,综合旅游体验与漫游杂谈,全省概览/多景点串联游记,贵州全域/综合,贵州全域/综合,越来越喜欢那个骆歆了，简直长在我的心趴上。。。[抠鼻][抠鼻][抠鼻]
273167524913,115111347949448,你们贵州人嘴真严啊…这么有意思的地方怎么不早说！？,https://www.bilibili.com/video/av115111347949448,超***西,六***可,,未知,2025-08-29 22:30,2025,90,3,9.15,客观探讨/咨询互动,0.0,综合旅游体验与漫游杂谈,全省概览/多景点串联游记,综合旅游体验与漫游杂谈,全省概览/多景点串联游记,贵州全域/综合,贵州全域/综合,"哈哈哈哈哈这一幕笑死我了
拆包：“啊啊啊啊啊什么时候才能结束[抓狂]”
罗杰：“好香啊！！谁在做烧烤？”"
273138324721,115111347949448,你们贵州人嘴真严啊…这么有意思的地方怎么不早说！？,https://www.bilibili.com/video/av115111347949448,超***西,楪***a,,未知,2025-08-29 18:28,2025,80,0,7.59,客观探讨/咨询互动,0.0,综合旅游体验与漫游杂谈,全省概览/多景点串联游记,综合旅游体验与漫游杂谈,全省概览/多景点串联游记,贵州全域/综合,贵州全域/综合,驼子姐还是太活人了[笑哭]，令i人的我几番不忍直视（指共感性羞耻）
274467485648,115111347949448,你们贵州人嘴真严啊…这么有意思的地方怎么不早说！？,https://www.bilibili.com/video/av115111347949448,超***西,青***饼,,未知,2025-08-29 18:08,2025,38,27,9.83,客观探讨/咨询互动,0.0,综合旅游体验与漫游杂谈,全省概览/多景点串联游记,综合旅游体验与漫游杂谈,全省概览/多景点串联游记,贵州全域/综合,贵州全域/综合,跟一个lpl女解说好像
274638670720,115111347949448,你们贵州人嘴真严啊…这么有意思的地方怎么不早说！？,https://www.bilibili.com/video/av115111347949448,超***西,征***2,,未知,2025-08-31 01:42,2025,37,4,8.07,客观探讨/咨询互动,0.0,餐饮美食与特色体验,酸汤系列与特色火锅,餐饮美食与特色体验,酸汤系列与特色火锅,贵州全域/综合,贵州全域/综合,去年9月底去过，在修路，没啥游客，洞穴全程2个导游➕我自己，后面吃火锅也是[笑哭]
274500399264,115111347949448,你们贵州人嘴真严啊…这么有意思的地方怎么不早说！？,https://www.bilibili.com/video/av115111347949448,超***西,3***n,,未知,2025-08-29 22:32,2025,35,0,6.38,客观探讨/咨询互动,0.0,综合旅游体验与漫游杂谈,全省概览/多景点串联游记,综合旅游体验与漫游杂谈,全省概览/多景点串联游记,贵州全域/综合,贵州全域/综合,出去玩能有驼子姐这样能够提供情绪价值的朋友同行也太幸福了
273135221137,115111347949448,你们贵州人嘴真严啊…这么有意思的地方怎么不早说！？,https://www.bilibili.com/video/av115111347949448,超***西,嘿***哟,,未知,2025-08-29 18:04,2025,35,0,6.38,客观探讨/咨询互动,0.0,综合旅游体验与漫游杂谈,全省概览/多景点串联游记,综合旅游体验与漫游杂谈,全省概览/多景点串联游记,贵州全域/综合,贵州全域/综合,"小小骆下士，忠！
诚！很有精神！"
273223086417,115111347949448,你们贵州人嘴真严啊…这么有意思的地方怎么不早说！？,https://www.bilibili.com/video/av115111347949448,超***西,西***面,,未知,2025-08-30 12:44,2025,30,3,7.54,客观探讨/咨询互动,0.0,消费预算与综合性价比,高性价比与平民消费好评,消费预算与综合性价比,高性价比与平民消费好评,贵州全域/综合,贵州全域/综合,走遍大地神州，最美多彩贵州，我在贵州分州福州等你哦！
274643681072,115111347949448,你们贵州人嘴真严啊…这么有意思的地方怎么不早说！？,https://www.bilibili.com/video/av115111347949448,超***西,加***村,,未知,2025-08-31 03:49,2025,29,13,8.74,客观探讨/咨询互动,0.0,餐饮美食与特色体验,特色小吃与夜市文化,餐饮美食与特色体验,特色小吃与夜市文化,贵州全域/综合,贵州全域/综合,真的好想辞职去环游世界（体制内），想着做个旅行博主似乎也不错，但害怕以后会饭都吃不起更别谈旅游了[笑哭]
274589442672,115111347949448,你们贵州人嘴真严啊…这么有意思的地方怎么不早说！？,https://www.bilibili.com/video/av115111347949448,超***西,J***躍,,未知,2025-08-30 17:54,2025,28,2,7.15,强力种草/惊艳好评,2.0,综合旅游体验与漫游杂谈,全省概览/多景点串联游记,综合旅游体验与漫游杂谈,全省概览/多景点串联游记,贵州全域/综合,贵州全域/综合,骆歆太可爱了，全程笑着看完的，很招人喜欢！
274976162624,115111347949448,你们贵州人嘴真严啊…这么有意思的地方怎么不早说！？,https://www.bilibili.com/video/av115111347949448,超***西,轻***扇,,未知,2025-09-03 18:25,2025,27,6,7.94,实战攻略/避坑技巧,0.2,自然风光与气候避暑 | 安全防范与避坑预警,瀑布水景视觉震撼 | 喀斯特溶洞地质奇观 | 夏季清凉避暑体验 | 水上漂流与徒步涉水安全,自然风光与气候避暑,瀑布水景视觉震撼,黄果树瀑布 | 荔波小七孔 | 贵阳市区/黔灵山,黄果树瀑布,我也来贵州避暑了，黄果树瀑布 猴耳天坑大秋千 小七孔 漂流   周深演唱会 黔灵山 行程可以说是拉满了
273218864353,115111347949448,你们贵州人嘴真严啊…这么有意思的地方怎么不早说！？,https://www.bilibili.com/video/av115111347949448,超***西,邪***包,,未知,2025-08-30 12:07,2025,31,3,7.58,客观探讨/咨询互动,0.0,综合旅游体验与漫游杂谈,全省概览/多景点串联游记,综合旅游体验与漫游杂谈,全省概览/多景点串联游记,贵州全域/综合,贵州全域/综合,00:46 刘亦菲你好[保卫萝卜_笔芯]
274525350448,115111347949448,你们贵州人嘴真严啊…这么有意思的地方怎么不早说！？,https://www.bilibili.com/video/av115111347949448,超***西,蜜***牛,,未知,2025-08-30 03:55,2025,20,0,5.57,客观探讨/咨询互动,0.0,综合旅游体验与漫游杂谈,全省概览/多景点串联游记,综合旅游体验与漫游杂谈,全省概览/多景点串联游记,贵州全域/综合,贵州全域/综合,驼子姐真的太适合这个节目了…爱看多请
273307663169,115111347949448,你们贵州人嘴真严啊…这么有意思的地方怎么不早说！？,https://www.bilibili.com/video/av115111347949448,超***西,啵***怪,,未知,2025-08-31 05:55,2025,20,3,6.95,客观探讨/咨询互动,0.0,住宿价格与酒店民宿,景区内住宿 vs 市区中转选择,住宿价格与酒店民宿,景区内住宿 vs 市区中转选择,荔波小七孔,荔波小七孔,今年8月份去的小七孔，小七孔最好的玩法是住在景区里面400一晚，第二天一早6点半出门，完美避开人流，我9点差不多就玩完了，大部队才开始进来。小七孔是贵州山水集大成者，山，溪，洞，潭，谷，瀑，浓缩精华版
273134738385,115111347949448,你们贵州人嘴真严啊…这么有意思的地方怎么不早说！？,https://www.bilibili.com/video/av115111347949448,超***西,蛋***茶,,未知,2025-08-29 18:00,2025,20,5,7.36,客观探讨/咨询互动,0.0,综合旅游体验与漫游杂谈,全省概览/多景点串联游记,综合旅游体验与漫游杂谈,全省概览/多景点串联游记,贵州全域/综合,贵州全域/综合,什么时候带魅魔旅游啊[doge]
273134707361,115111347949448,你们贵州人嘴真严啊…这么有意思的地方怎么不早说！？,https://www.bilibili.com/video/av115111347949448,超***西,哈***r,,未知,2025-08-29 17:59,2025,17,2,6.43,强力种草/惊艳好评,1.0,消费预算与综合性价比,高性价比与平民消费好评,消费预算与综合性价比,高性价比与平民消费好评,贵州全域/综合,贵州全域/综合,贵州这传统服饰真是不挑人啊，好看的！
274711440208,115111347949448,你们贵州人嘴真严啊…这么有意思的地方怎么不早说！？,https://www.bilibili.com/video/av115111347949448,超***西,哎***丶,,未知,2025-08-31 19:18,2025,16,6,7.2,实战攻略/避坑技巧,0.2,景区运营与排队管理,核心项目超长排队与拥堵,景区运营与排队管理,核心项目超长排队与拥堵,荔波小七孔,荔波小七孔,说荔波不好的那些人，我反手就给你一套图[doge]假期哪哪都人多。不想来这个景区，那你去别的景区啊，何必说这不好那不好的。嫌人多，那你别在假期来啊，你淡季来呗，体验感绝对好！
274513334496,115111347949448,你们贵州人嘴真严啊…这么有意思的地方怎么不早说！？,https://www.bilibili.com/video/av115111347949448,超***西,琼***兜,,未知,2025-08-30 00:20,2025,15,0,5.16,客观探讨/咨询互动,0.0,综合旅游体验与漫游杂谈,全省概览/多景点串联游记,综合旅游体验与漫游杂谈,全省概览/多景点串联游记,贵州全域/综合,贵州全域/综合,你来了
274504181936,115111347949448,你们贵州人嘴真严啊…这么有意思的地方怎么不早说！？,https://www.bilibili.com/video/av115111347949448,超***西,你***行,,未知,2025-08-29 23:01,2025,17,0,5.34,客观探讨/咨询互动,0.0,消费预算与综合性价比,高性价比与平民消费好评,消费预算与综合性价比,高性价比与平民消费好评,贵州全域/综合,贵州全域/综合,驼子姐每次在柴宝的视频里出现都是充满活力的状态，看完视频简直是心情舒畅，元气满满啊！[给心心][给心心][给心心]
273436321025,115111347949448,你们贵州人嘴真严啊…这么有意思的地方怎么不早说！？,https://www.bilibili.com/video/av115111347949448,超***西,啵*,,未知,2025-09-01 14:10,2025,16,1,5.94,客观探讨/咨询互动,0.0,综合旅游体验与漫游杂谈,全省概览/多景点串联游记,综合旅游体验与漫游杂谈,全省概览/多景点串联游记,贵州全域/综合,贵州全域/综合,我真不是故意的罗杰[妙啊][妙啊][妙啊][捂眼]
273161085809,115111347949448,你们贵州人嘴真严啊…这么有意思的地方怎么不早说！？,https://www.bilibili.com/video/av115111347949448,超***西,枳***橘,,未知,2025-08-29 21:42,2025,13,4,6.57,强力种草/惊艳好评,1.0,综合旅游体验与漫游杂谈,全省概览/多景点串联游记,综合旅游体验与漫游杂谈,全省概览/多景点串联游记,贵州全域/综合,贵州全域/综合,好玩嘞[星星眼]
273186289969,115111347949448,你们贵州人嘴真严啊…这么有意思的地方怎么不早说！？,https://www.bilibili.com/video/av115111347949448,超***西,k***波,,未知,2025-08-30 01:40,2025,15,0,5.16,客观探讨/咨询互动,0.0,综合旅游体验与漫游杂谈,全省概览/多景点串联游记,综合旅游体验与漫游杂谈,全省概览/多景点串联游记,贵州全域/综合,贵州全域/综合,@骆歆同学 也太活泼了吧！I人大震惊
274479458896,115111347949448,你们贵州人嘴真严啊…这么有意思的地方怎么不早说！？,https://www.bilibili.com/video/av115111347949448,超***西,关***朗,,未知,2025-08-29 19:44,2025,12,2,5.95,客观探讨/咨询互动,0.0,自然风光与气候避暑,瀑布水景视觉震撼,自然风光与气候避暑,瀑布水景视觉震撼,荔波小七孔,荔波小七孔,小七孔的水是真冰
273138355217,115111347949448,你们贵州人嘴真严啊…这么有意思的地方怎么不早说！？,https://www.bilibili.com/video/av115111347949448,超***西,W***z,,未知,2025-08-29 18:29,2025,12,1,5.54,强力种草/惊艳好评,1.0,自然风光与气候避暑,瀑布水景视觉震撼,自然风光与气候避暑,瀑布水景视觉震撼,贵州全域/综合,贵州全域/综合,柴宝下回可以带罗杰书包去爬华山吗，个人感觉华山可是比泰山更有挑战性[呲牙]，爬的也很爽，而且下山的大索道贼拉刺激，罗杰肯定喜欢[脱单doge]
274521643232,115111347949448,你们贵州人嘴真严啊…这么有意思的地方怎么不早说！？,https://www.bilibili.com/video/av115111347949448,超***西,酒***栗,,未知,2025-08-30 02:11,2025,11,0,4.73,客观探讨/咨询互动,0.0,综合旅游体验与漫游杂谈,全省概览/多景点串联游记,综合旅游体验与漫游杂谈,全省概览/多景点串联游记,贵州全域/综合,贵州全域/综合,驼姐太有活了，有这么个活力满满的朋友，生活都有意思了[大笑]
274519249392,115111347949448,你们贵州人嘴真严啊…这么有意思的地方怎么不早说！？,https://www.bilibili.com/video/av115111347949448,超***西,k***X,,未知,2025-08-30 01:32,2025,11,4,6.34,客观探讨/咨询互动,0.0,自然风光与气候避暑,瀑布水景视觉震撼,自然风光与气候避暑,瀑布水景视觉震撼,贵州全域/综合,贵州全域/综合,明天我也要出发去贵州了，会不会偶遇呢[白荆回廊_期待]
274610706288,115111347949448,你们贵州人嘴真严啊…这么有意思的地方怎么不早说！？,https://www.bilibili.com/video/av115111347949448,超***西,小***哥,,未知,2025-08-30 21:05,2025,10,0,4.6,客观探讨/咨询互动,0.0,综合旅游体验与漫游杂谈,全省概览/多景点串联游记,综合旅游体验与漫游杂谈,全省概览/多景点串联游记,贵州全域/综合,贵州全域/综合,我看都上广西文旅官方账号了，也是出息，广西文旅能请到柴西了。。。
273141328353,115111347949448,你们贵州人嘴真严啊…这么有意思的地方怎么不早说！？,https://www.bilibili.com/video/av115111347949448,超***西,椰***凉,,未知,2025-08-29 18:54,2025,10,0,4.6,客观探讨/咨询互动,0.0,综合旅游体验与漫游杂谈,全省概览/多景点串联游记,综合旅游体验与漫游杂谈,全省概览/多景点串联游记,贵州全域/综合,贵州全域/综合,和精力充沛的人出门玩真的情绪价值拉满
300824671008,116493102619228,去了趟贵阳，感觉有些割裂,https://www.bilibili.com/video/av116493102619228,就***了,我***厨,,未知,2026-04-30 23:31,2026,841,37,14.74,避坑预警/痛点吐槽,-1.0,自然风光与气候避暑 | 交通自驾与行程路况,喀斯特溶洞地质奇观 | 山路弯道与自驾难度 | 高铁大巴换乘与班次衔接,自然风光与气候避暑,喀斯特溶洞地质奇观,贵阳市区/黔灵山 | 织金洞,贵阳市区/黔灵山,"在外地上学的贵阳本地人，我来就割裂感这块说说看法吧。
我出生时跟着爹妈在白云区的贵铝，现在常住观山湖，假期时在南明区老火车站附近的爷爷家住，可以说是一定程度上见证了贵阳将近二十年的变化。UP吐槽的城建问题是事实存在的，甚至可以说以前更严重。首先我想到的就是贵阳令人意想不到的人口增速，10年那会儿城区常住人口还不到三百万，到了24年没记错的话应该是到了五百三十万，人口增速位于全国前列；这种增速带来的是与贵阳这座城市极度不匹配的拥堵情况，在中环路（16年）和地铁（一号线全线是18年底）建成之前，贵阳的拥堵程度却堪比一线城市，用拥堵系数来排名，贵阳也常年位于全国城市前列甚至挤进过前三，贵阳显然没有做好这种吸纳人口的准备。UP提到的老城区各种地道天桥和路边栏杆的情况就是源自于拥堵的问题，十几年前没有路边栏杆，行人、摩托车违规穿行的情况比比皆是，造成本就不宽阔的老城区道路的通行情况更是雪上加霜。归根结底就是过去的贵阳过于贫穷和落后，同时缺乏有能力的规划人才，贵阳要是有能力大刀阔斧的搞拆迁搞改造，就不会弄出个花果园这样的极端产物；同时呢，贵阳主要城区的复杂地形也是无法否认的客观事实，举个直观的数据，观山湖区和白云区的海拔高于老城区接近两百米，气温可以相差一度多，在地势上就是不可否认的割裂，另外，由于喀斯特地貌带来的复杂溶洞也让这里的隧道修建难度陡增，在10年之前，贵阳新老城区的沟通主要靠老贵遵高速、观山东路、由国道改造的百花大道，这几条屈指可数的主干道，10年之后，才有了北京西路、黔灵山路、西、北二环这样勉强算是现代的城市快速路；最后想提的就是建城史方面的因素了吧，贵阳老城区沿用老贵阳城定型之后的基本格局来发展的，而新区，是00年后才发展的，在12年之前还叫金阳新区，后来才改的名，小学老师那会儿提过，“金阳”是指金华农场和阳关农场，在发展新区之前，新区那片地方说白了就是一片农田，所以整体的城建和规划方面是比老城区好上不少的。
 看了UP的视频有感而发，写的比较匆忙和杂乱还望见谅，希望能帮助到想要了解贵阳的UP和评论区的各位。"
300899988336,116493102619228,去了趟贵阳，感觉有些割裂,https://www.bilibili.com/video/av116493102619228,就***了,晚***盘,,未知,2026-05-01 15:58,2026,454,53,14.17,实战攻略/避坑技巧,0.2,商业化程度与民俗真实感,民俗表演与人文真实互动,商业化程度与民俗真实感,民俗表演与人文真实互动,贵阳市区/黔灵山,贵阳市区/黔灵山,"贵阳人普遍低收入高消费，而且极度爱面子，身边亲戚朋友明明没啥高收入工作就是想整辆豪车开开，抽烟的再没钱也要想办法抽包上档次的，导致我从小以为大家都这样，后面去其他省份读大学，工作，才发现朴素务实的人还是挺多的。我觉得这个是作为经济落后地区加上没有丰富厚实的文化底蕴造成的，需要慢慢改变。
还记得我过年回家和我堂弟聊天，他问我以后想买什么车，我说我这个收入虽然稳定，但是工资不高，我买个10万的比亚迪就行了，我反问他想买什么，他说他要买奥迪，什么型号我不记得了，说是30万。他当时主业送外卖[笑哭]"
298040271665,116493102619228,去了趟贵阳，感觉有些割裂,https://www.bilibili.com/video/av116493102619228,就***了,萝***豆,,未知,2026-05-01 20:57,2026,220,40,12.81,客观探讨/咨询互动,0.0,消费预算与综合性价比,高性价比与平民消费好评,消费预算与综合性价比,高性价比与平民消费好评,贵阳市区/黔灵山,贵阳市区/黔灵山,希望贵阳能有越来越多正规缴纳五险一金的民企，到手工资五千以上，双休。这个城市就能吸引很多优秀年轻人了。我们贵州人对自己家乡要求不高的[笑]
298063624145,116493102619228,去了趟贵阳，感觉有些割裂,https://www.bilibili.com/video/av116493102619228,就***了,o***b,,未知,2026-05-02 00:11,2026,158,55,12.63,客观探讨/咨询互动,0.0,交通自驾与行程路况 | 消费预算与综合性价比,包车打车与出租车避坑 | 高性价比与平民消费好评,交通自驾与行程路况,包车打车与出租车避坑,贵阳市区/黔灵山,贵阳市区/黔灵山,两个月前去过贵阳，纯旅游，成都-重庆-贵阳-长沙-武汉-南京，我如果有偏见我肯定都不会绕贵阳那一下对吧，但是去了之后我就发现多余绕那一下，和up一样，可能他有20万粉丝说的不够直白，我就感觉贵阳挺割裂的，基建那么发达，人行道都不安，全是地下走廊，还都没自动扶梯，楼上商场感觉没人，地下连廊倒是摆摊，像是二十年前的县城里摆摊的一样。这不算割裂的话，当地居民素质可能是我见过的比较差的一类了，男女老少都吐痰，我走路经过的每两分钟就能看到一个吐痰的，，，运气还是普遍现象我不懂，我待了一周都一样。还有当地的餐饮很贵，基本都是30一顿，地铁也是，不换线10站以内能扣4.5，呃呃，这不贵的话，打车，1.4公里扣了我17块钱。。。经济车型
300796981456,116493102619228,去了趟贵阳，感觉有些割裂,https://www.bilibili.com/video/av116493102619228,就***了,b***o,,未知,2026-04-30 19:43,2026,108,42,11.8,客观探讨/咨询互动,0.0,交通自驾与行程路况,山路弯道与自驾难度 | 包车打车与出租车避坑,交通自驾与行程路况,山路弯道与自驾难度,贵阳市区/黔灵山,贵阳市区/黔灵山,贵阳的经济挺畸形的，普罗大众收入低但日常消费却很高。记忆里90年代贵阳的出租车起步价就是10元了，要知道那是90年代。贵州别的地方要么有烟酒茶要么有旅游要么有矿产作为经济支撑，而贵阳作为省会说不出有什么亮点。前些年大数据可能算是一个，但现在新一波AI浪潮感觉跟不上了。
300796689632,116493102619228,去了趟贵阳，感觉有些割裂,https://www.bilibili.com/video/av116493102619228,就***了,V***A,,未知,2026-04-30 19:40,2026,95,10,10.24,客观探讨/咨询互动,0.0,自然风光与气候避暑,瀑布水景视觉震撼,自然风光与气候避暑,瀑布水景视觉震撼,贵阳市区/黔灵山 | 遵义红色胜地/赤水,贵阳市区/黔灵山,贵阳当省会完全是没选择的选择，体量太小了，甚至这个体量都是省会扶持的结果(所以遵义意见一直很大)，先天条件太差了[笑哭]我小学是在江西赣州读书的，一个三四线城市，中学来了贵阳，感觉还不如赣州发达，去查了一下经济体量，确实差不多
297930998913,116493102619228,去了趟贵阳，感觉有些割裂,https://www.bilibili.com/video/av116493102619228,就***了,L***z,,未知,2026-04-30 21:59,2026,90,1,8.46,客观探讨/咨询互动,0.0,自然风光与气候避暑,瀑布水景视觉震撼,自然风光与气候避暑,瀑布水景视觉震撼,贵阳市区/黔灵山,贵阳市区/黔灵山,贵阳老城区远远称不上空心化，只是说办公和商业还停留在上世纪水平，而且太难改造了。但是老城的餐饮和娱乐远远比新区强，而且这两块其实在经济占比中分量很高，餐饮业也非常之卷，卷出了很多质量不错的新业态。咖啡和精酿就是这么卷出来的。你说的也不错，从一个看新城区产业的角度，老城区很乏味。问题是这个城市现在也没多少产业……
297962384193,116493102619228,去了趟贵阳，感觉有些割裂,https://www.bilibili.com/video/av116493102619228,就***了,r***t,,未知,2026-05-01 07:23,2026,88,14,10.44,实战攻略/避坑技巧,0.2,餐饮美食与特色体验,特色小吃与夜市文化,餐饮美食与特色体验,特色小吃与夜市文化,贵阳市区/黔灵山,贵阳市区/黔灵山,作为一个土生土长的80后贵阳人，现长居成都，我很能理解up主和各位评论者对贵阳的认知。从城市发展而言，贵阳和重庆一样是山城，跟很多大平原城市相比，路确实很窄，老城区很拥挤，有时也会觉得破败，规划很乱，这是先天地理结构造成的。就像重庆的渝中区，除去你能看到的高楼，剩下的依然是有很多旧居民区。当然经过这么多年发展，贵阳的老城区已经有了很大的改观和变化。就像我离开以前，也会像up主一样觉得老城区看起来杂乱无章，老旧拥挤。但是当你看腻了中国大多数城市就像北上广深复制粘贴一样，各种高楼林立，各种高大上的住宅区和宽阔马路的车水马龙，以及每天996只能叫外卖的生活后，你才能感受到贵阳老城区在老旧中那种小城市浓浓的烟火气和人情味，所以才有那么多城市现在又在复刻当年的老街老巷，但都是商业味大于烟火气，已经早变了味，所以从这个角度来说，这些以旧为旧的街巷烟火才是贵阳最有特色和吸引力的地方。再说一下经济和就业，贵阳确实产业不多，所以贵阳本地人，因为有人脉关系，要么是考公考编通过关系进体制，要么就是进国企央企，其实这在全国各地都一样，大部分当地人都是靠人脉。外地人觉得工作机会少，皮包公司多，其实不管在任何地方外地人打工，要么有一技之长，要么能吃苦耐劳，要么自己能言善道，脑子灵活。这三项你得具备一项，否则在哪里就业都会困难。就像成都，也不是一个工业强市，感觉好像工作机会很多，但是人口也多呀，同样当你不具备上面任何一项，想投机取巧，还不是一样可能遇到一大把皮包公司，所以这是全国都一样的就业问题。至于物价，小时候确实觉得贵阳收入不高，消费还挺高的。但是当你去到一些主流城市，你更能感受什么叫工资不高，物价飞涨。我相信你一定会怀念贵阳的物价。
298309143217,116493102619228,去了趟贵阳，感觉有些割裂,https://www.bilibili.com/video/av116493102619228,就***了,空***郎,,未知,2026-05-04 00:32,2026,86,31,11.16,客观探讨/咨询互动,0.0,自然风光与气候避暑,瀑布水景视觉震撼,自然风光与气候避暑,瀑布水景视觉震撼,贵阳市区/黔灵山,贵阳市区/黔灵山,贵阳老城区人甚至不会把观山湖当贵阳[笑哭]
297959011505,116493102619228,去了趟贵阳，感觉有些割裂,https://www.bilibili.com/video/av116493102619228,就***了,头***大,,未知,2026-05-01 05:09,2026,76,23,10.69,强力种草/惊艳好评,1.0,餐饮美食与特色体验 | 景区运营与排队管理,折耳根与口味适应度 | 核心项目超长排队与拥堵,餐饮美食与特色体验,折耳根与口味适应度,贵阳市区/黔灵山,贵阳市区/黔灵山,"怎么说呢.......
这几年整个西南地区，贵阳已经是继重庆之后的第二个网红城市了。我住油榨街，下班坐公交车路过甲秀楼，妈耶，遍地都是人。
更不说一堆人跑尼玛白宫去打卡了，人山人海的。你都不晓得那个白宫有啥子好看的。
[笑哭][笑哭][笑哭]
这些年推了各种大v来贵州做了宣传视频
地铁里面天南地北口音的游客.......连我家油榨街菜市场因为某大v和央视来过，都有人来打卡。说句不好听的，非旅游区涌入游客，都已经影响本地人生活了。[笑哭][笑哭][笑哭]
我已经不知道还要怎样宣传了......
我现在最大的爱好，就是看你们外地游客来贵阳吃折耳根吃不来，然后一边yue的样子。"
297943040817,116493102619228,去了趟贵阳，感觉有些割裂,https://www.bilibili.com/video/av116493102619228,就***了,皮***男,,未知,2026-04-30 23:49,2026,65,2,8.38,客观探讨/咨询互动,0.0,景区运营与排队管理 | 住宿价格与酒店民宿,门票优惠政策与便民好评 | 位置偏远与接驳不便,景区运营与排队管理,门票优惠政策与便民好评,贵阳市区/黔灵山,贵阳市区/黔灵山,作为一个贵州人，在贵阳花溪上了四年大学且在贵州经历过就业的人来说一说自己的感受吧。首先我觉得贵阳好的一点就是生活节奏没那么快，贵阳生活满足感没那么高，很容易满足。很多人想法就是头顶有片瓦遮风挡雨，一日有三餐就很满足了，作为一个常年在外的贵州本地人觉得贵阳很多地方讲方言会觉得亲切，所以我觉得贵阳是一座很有烟火气的城市。然后说说我觉得不好的地方吧，首先就是我觉得贵阳没有核心支柱产业，甚至可以说整个贵州省都没有，这里我说的核心支柱产业是指可以提供大量就业岗位和税收占比较大的支柱产业。贵阳飞速发展的时候就是以前扶贫攻坚那段时间，当然扶贫其实是深入到偏远农村了的这没得说。以前大肆宣传在贵阳搞大数据数据中心，加上优惠政策吸引了部分企业进驻，典型特征就是《数博会》，结果就是大厂来建个数据库就走了，数据库维护其实不需要那么多的人力，最后就业岗位也没有提供多少，加上19年底口罩，经济一紧张优惠补贴一波动，很多企业就“望风而逃”了，剩下的中小企业也是风雨飘摇，简单概括就是贵阳的互联网行业都是依靠政企合作存活的，除了全国性大型企业外没多少自主钻研技术支撑的公司企业。我24年毕业的，其实蛮想留在贵阳的，但是奈何就业形势严峻，没办法。25年5月我离职从广州回去想留在贵阳发展，投简历投了半个月结果都是骗报课，花果园CX，或者极限压榨的，最离谱的一个是月薪2000要996，不包食宿的，没办法开始投外边，两周就拿到几个offer，现在在广州某大厂干外包，薪资还比原来多。最近也是在想这个问题，最后得出了以上的结论。其实蛮想回贵阳发展的，但是没有就业环境再好的履历也没用，就想我经常挂在嘴边的一句话：家乡能找到工作养活自己的话谁愿意背井离乡呀~
298181224033,116493102619228,去了趟贵阳，感觉有些割裂,https://www.bilibili.com/video/av116493102619228,就***了,P***D,,未知,2026-05-02 23:39,2026,54,6,8.96,避坑预警/痛点吐槽,-2.0,消费预算与综合性价比,高性价比与平民消费好评,消费预算与综合性价比,高性价比与平民消费好评,贵阳市区/黔灵山,贵阳市区/黔灵山,说一下就业吧，在贵大上的大学，这里就业基本上没什么前途，虽然贵大在当地比较认可，但是这里的机会实在是太少了，基本上学校毕业的人都往外跑，留下来发展的都是考公考上的，少数在这边就业的同学现在基本都离职了，要么因为给的太少，要么什么发展空间，或者两者都有。我gap了两年考试，后面在贵阳找工作，筛选了一堆垃圾公司，面了20来个，基本都是销售和客服，然后就是骗人进厂的骗子，比较正经的坑位风毛菱角，早都被占了，后面也不太能继续找下去了，因为招聘平台上已经没有那种不是一眼假的帖子了，最后就回老家找个闲职躺着备考了
298042686001,116493102619228,去了趟贵阳，感觉有些割裂,https://www.bilibili.com/video/av116493102619228,就***了,白***1,,未知,2026-05-01 21:16,2026,54,1,7.7,客观探讨/咨询互动,0.0,交通自驾与行程路况,高铁大巴换乘与班次衔接,交通自驾与行程路况,高铁大巴换乘与班次衔接,贵阳市区/黔灵山,贵阳市区/黔灵山,没东西啊，没历史底蕴，没好的产业可发展，甚至好一些平一些的地块都没有，也没有隔壁重庆那么好历史基础和政策。割裂是正常的，往前十年来说，贵阳甚至是你想不到的穷，乱，近十年的发展来说，在国家扶持下，已经算是很可以了，人口，经济增速都是全国城市排得上前面的，无奈啊，基础太差了。一个穷孩子从五分考到六七十分，已经是很努力的结果了。路，桥梁，高铁，近五年来是真的越来越好了，国家给扶持。现在贵阳市或者说贵州省的发展方向，就是坚持发展绿水青山，旅游带路，其他基础的产业能尽量引进就引进，引进不了也就硬扛着慢慢来，底子差，实在想不出有啥更好的发展方向，这些年来还是有一些产业过来建厂的，只不过的确太少太少了
297932300033,116493102619228,去了趟贵阳，感觉有些割裂,https://www.bilibili.com/video/av116493102619228,就***了,思*,,未知,2026-04-30 22:11,2026,52,4,8.56,实战攻略/避坑技巧,0.2,消费预算与综合性价比,高性价比与平民消费好评,消费预算与综合性价比,高性价比与平民消费好评,黄果树瀑布 | 荔波小七孔 | 西江千户苗寨 | 贵阳市区/黔灵山 | 万峰林/马岭河,黄果树瀑布,其实这十几年整个贵州包括贵阳的名气已经大了很多，包括旅游宣传，我关注的很多博主都来玩过大概最近十几年，荔波小七孔，西江苗寨（很多人骂吧，不过它名气大做起来大概就十几年），兴义万峰林这几个名气大了很多，也包括贵阳。黄果树倒是原本名气就很大，我记得小时候到00年代的时候，那个时候才是真的毫无宣传，旅游发展的一塌糊涂，隔壁云南那时候旅游业就非常好了，大理，丽江，西双版纳，香格里拉等等，甚至他们在90年代就非常有名了，一落地昆明机场，各种各样的灯牌。
300890525040,116493102619228,去了趟贵阳，感觉有些割裂,https://www.bilibili.com/video/av116493102619228,就***了,曰***生,,未知,2026-05-01 14:28,2026,58,3,8.5,避坑预警/痛点吐槽,-1.0,自然风光与气候避暑 | 餐饮美食与特色体验 | 交通自驾与行程路况 | 消费预算与综合性价比,瀑布水景视觉震撼 | 特色小吃与夜市文化 | 高铁大巴换乘与班次衔接 | 门票交通综合开销偏高,自然风光与气候避暑,瀑布水景视觉震撼,黄果树瀑布 | 梵净山 | 贵阳市区/黔灵山 | 阿西里西韭菜坪/百里杜鹃,黄果树瀑布,"作为一个贵州地级市生活的人，给你讲下贵州的感觉。我在重庆生活10年，贵阳生活4年，现在在下面下小城市生活，应该有发言权。
1.贵州的经济问题，我们自己都调侃，贵州简称取得真妙，既没有“黔”，物价又“贵”，真的太贵了，一个简单比喻，一碗2两粉，在重庆要5-9元，贵州要11-14，就那点工资根本不够花。
2.也正是因为经济问题，贵州一直以来都有两种代表人群，外出务工人群和月光族，留不住人，留不住钱。
3.贵州地形多山，道路不通，也就是近几年全省通高铁高速后，才开始大力宣传旅游和美食，但是贵州的美景均有季节性，黄果树瀑布6月至10月；百里杜鹃4月；梵净山4月至6月、9月至11月；其他时间来根本没意思。"
298379768705,116493102619228,去了趟贵阳，感觉有些割裂,https://www.bilibili.com/video/av116493102619228,就***了,二***长,,未知,2026-05-04 17:34,2026,50,6,8.84,客观探讨/咨询互动,0.0,消费预算与综合性价比,高性价比与平民消费好评,消费预算与综合性价比,高性价比与平民消费好评,贵州全域/综合,贵州全域/综合,我以前不明白，资本把贵州人口碑打低，说贵州人懒，贵州人懒这个很难绷（逻辑就不对），然后厂里40%都是贵州人，后面我学会了思考，原来他们是为了压低工价。
303665041264,116493102619228,去了趟贵阳，感觉有些割裂,https://www.bilibili.com/video/av116493102619228,就***了,B***s,,未知,2026-05-26 08:58,2026,35,8,8.57,客观探讨/咨询互动,0.0,交通自驾与行程路况,山路弯道与自驾难度,交通自驾与行程路况,山路弯道与自驾难度,贵州全域/综合,贵州全域/综合,近两年感受到的：路况烂、消费高、就业少、医疗差
300815613440,116493102619228,去了趟贵阳，感觉有些割裂,https://www.bilibili.com/video/av116493102619228,就***了,满***鲁,,未知,2026-04-30 22:16,2026,31,2,7.3,客观探讨/咨询互动,0.0,餐饮美食与特色体验,特色小吃与夜市文化,餐饮美食与特色体验,特色小吃与夜市文化,贵阳市区/黔灵山,贵阳市区/黔灵山,你说贵阳作为贵州老大都这个样，你让年轻人咋留在贵州啊，完全是吃了上顿没下顿，工作机会太少了，很多骗子公司，什么卖酒传销的一大把，正常公司工资低到离谱
305561419024,116493102619228,去了趟贵阳，感觉有些割裂,https://www.bilibili.com/video/av116493102619228,就***了,M***梦,,未知,2026-06-13 09:11,2026,29,8,8.3,客观探讨/咨询互动,0.0,商业化程度与民俗真实感,原生态村寨与民俗好评,商业化程度与民俗真实感,原生态村寨与民俗好评,贵阳市区/黔灵山,贵阳市区/黔灵山,"我是一个在贵阳住了五年的外地人，我觉得这城市不是缺乏宣传，而是缺乏管理，各个方面的管理都很差...
当地人热情好客，但老一辈人素质不是很高，主要体现在个人卫生和服务态度上面，这两点作为旅游城市还是有点致命的，年轻人听培训但从事服务业没长性，年纪大的又上不了台面，这种对比感就像观山湖跟南明一样的感觉。
讲真的，老区的那种脏乱差的环境如果一直存在，对贵阳旅游业的发展不是好事，最好方法就是改善管理"
297918039169,116493102619228,去了趟贵阳，感觉有些割裂,https://www.bilibili.com/video/av116493102619228,就***了,優***の,,未知,2026-04-30 20:02,2026,31,7,8.28,强力种草/惊艳好评,1.0,自然风光与气候避暑 | 住宿价格与酒店民宿,夏季清凉避暑体验 | 民宿卫生隔音与硬件体验,自然风光与气候避暑,夏季清凉避暑体验,贵阳市区/黔灵山,贵阳市区/黔灵山,"提供一个视角。
从小在贵阳长大，住过视频说的主城和旧城，现在已离开贵阳。我的认知里这里就是没有发展空间的地区，包括个人发展和社会发展。
贵州地理环境差，发展不了农业。也没有什么工业基础，有影响力的产业只能说出来酒和辣椒。
新城的建设时间段与土地财政繁荣的时间段重合，地铁也是在这个时间段才开始修的。
最大的受资助项目是“云上贵州”，依靠西南地区低电价优势建设大量服务器（可以在阿里云上租用少量贵州服务器选项）。但这也是一次性工程，也引入不了新兴技术产业。
我的长辈有从事税务师行业，需要常常短暂入驻不同公司审查税务，从员工的隐形福利（食堂，办公环境，员工保险，公积金比例等）都是一众国企远优于私企，烟厂待遇是最为突出。
up主说的那个地铁站相亲牌子我之前也看到过，可能描述成90%中间区域的薪资范围能让人更感觉撕裂，一个基建是二线城市的区域和收入水平的撕裂。
还有一些更主观的感受就不分享了，每次从外地回贵阳都能感到一种“文化冲击”，我非常不喜欢我的家乡。（除了它的气候）"
300818757824,116493102619228,去了趟贵阳，感觉有些割裂,https://www.bilibili.com/video/av116493102619228,就***了,今***朝,,未知,2026-04-30 22:42,2026,26,6,7.89,客观探讨/咨询互动,0.0,景区运营与排队管理,核心项目超长排队与拥堵,景区运营与排队管理,核心项目超长排队与拥堵,贵阳市区/黔灵山,贵阳市区/黔灵山,贵州小县城，去川渝上学后回贵阳工作。一开始回贵阳的感受是挤，全方位的挤，路窄人多。工作快十年，明显感觉贵阳的活力降低，逛街的人少了，路边商贩少了。作为本地人，希望贵阳发展越来越好，给贵州本地人更多留在家乡的机会。
301108387008,116493102619228,去了趟贵阳，感觉有些割裂,https://www.bilibili.com/video/av116493102619228,就***了,X***儿,,未知,2026-05-03 04:53,2026,25,5,7.68,强力种草/惊艳好评,1.0,消费预算与综合性价比,高性价比与平民消费好评,消费预算与综合性价比,高性价比与平民消费好评,贵阳市区/黔灵山,贵阳市区/黔灵山,作为土生土长的95后贵阳人，关于就业方面，我说一下我身边的同学，我初中高中读的学校在当时的年代还算贵阳市比较靠前的，我感觉身边同学发展分几个档：一，家里特别有钱成绩也很好的，基本上都不会留在贵阳，这里面大多数会去一线城市，少数会出国留学。二，家里特别有钱但成绩不好的，大多数基本上不会再贵阳读大学，要么去大城市读个大学，要么出国读个大学然后再回来，通过家里关系找一份工作或者做生意或者继承家产。三，家里中等但成绩很好的，考上958211这种，大多数也会选择留在一线城市。四，家里中等但成绩还行的，小部分会选择在贵阳读书，大部分在外地读书，然后读完就基本回贵阳自己找工作，而且多是银行行业或者公务员，或者国企职工（这里要插一句，我们当时那个年代除非大学考不上，能读本科的基本上很少愿意留在贵阳读大学，一定要去外地读个大学回来，哪怕他的线能读贵大，也极大概率去外省读）。五，家里很普通成绩好的，在外地和在贵阳的一半一半。六，家里普通成绩差的，基本就在贵阳打工咯。
300801754752,116493102619228,去了趟贵阳，感觉有些割裂,https://www.bilibili.com/video/av116493102619228,就***了,S***羽,,未知,2026-04-30 20:22,2026,25,0,5.89,客观探讨/咨询互动,0.0,消费预算与综合性价比,高性价比与平民消费好评,消费预算与综合性价比,高性价比与平民消费好评,贵阳市区/黔灵山,贵阳市区/黔灵山,"对于up说的问题我简单说一下，想到哪儿聊到哪儿，也欢迎大家讨论。
贵阳过去的产业转变是很大的，贵阳及周边地级市属于早期三线建设的重工业基地，城市发展几乎完..."
300860514224,116493102619228,去了趟贵阳，感觉有些割裂,https://www.bilibili.com/video/av116493102619228,就***了,十***寿,,未知,2026-05-01 09:47,2026,24,3,7.21,避坑预警/痛点吐槽,-1.0,交通自驾与行程路况,山路弯道与自驾难度,交通自驾与行程路况,山路弯道与自驾难度,贵阳市区/黔灵山,贵阳市区/黔灵山,本地人说说吧，我毕业以后刚好也是在西安工作过，和贵阳对比过，最大感受就是贵阳极其落后，我是因为自己在央企工作所以现在才能待下去，贵阳甚至贵州除了国有企业和体制内几乎很难就业，完全没有支柱产业，动辄就是三千来块钱的工资，这个真的不是开玩笑的，只能说贵州人才愿意来贵阳，外地朋友除非很好的工作机会否则不建议，再加上贵州的医疗条件城市规划教育一系列极其糟糕，我想不到外地人留在这里的理由，而且多说一句，年轻人现在好的多，很多贵州人素质是比较差的
300822945248,116493102619228,去了趟贵阳，感觉有些割裂,https://www.bilibili.com/video/av116493102619228,就***了,马***少,,未知,2026-04-30 23:17,2026,20,1,6.26,客观探讨/咨询互动,0.0,消费预算与综合性价比,高性价比与平民消费好评,消费预算与综合性价比,高性价比与平民消费好评,贵阳市区/黔灵山 | 遵义红色胜地/赤水,贵阳市区/黔灵山,贵阳没啥高新技术产业，有一定军工的产业，然后就是国央企吸收了双9及以上这个层级的贵州籍毕业生。烟草，茅台，电网，运营商，银行基本就是这些算比较好的去处了
297909405409,116493102619228,去了趟贵阳，感觉有些割裂,https://www.bilibili.com/video/av116493102619228,就***了,-***n,,未知,2026-04-30 18:46,2026,23,1,6.46,客观探讨/咨询互动,0.0,消费预算与综合性价比,高性价比与平民消费好评,消费预算与综合性价比,高性价比与平民消费好评,贵阳市区/黔灵山,贵阳市区/黔灵山,作为一个今年毕业，去年下半年回家找工作的视角来看，贵阳真的很难找到合适的工作。本人机械专业，在贵阳找相关专业工作时，发现贵阳的公司很不乐意接受新人（相比于其它城市）。在找的同时也发现贵阳大多数工作都是类似于销售性质的，让我感觉贵阳最多的两个选择就是销售和考公。现在我已经彻底断了回老家工作的想法了
297926794817,116493102619228,去了趟贵阳，感觉有些割裂,https://www.bilibili.com/video/av116493102619228,就***了,一***w,,未知,2026-04-30 21:21,2026,22,6,7.65,强力种草/惊艳好评,1.0,餐饮美食与特色体验,酸汤系列与特色火锅 | 特色小吃与夜市文化,餐饮美食与特色体验,酸汤系列与特色火锅,贵州全域/综合,贵州全域/综合,贵州我想到的是烙锅，安顺夺夺粉烤小肠，各种洋芋，然后地摊火锅地摊烧烤[星星眼]然后还有那个酸汤火锅，蔬菜免费[笑哭]妈呀全是吃的，然后好像夏天不是很热[星星眼]
297927564433,116493102619228,去了趟贵阳，感觉有些割裂,https://www.bilibili.com/video/av116493102619228,就***了,李***y,,未知,2026-04-30 21:27,2026,16,6,7.2,强力种草/惊艳好评,1.0,交通自驾与行程路况,山路弯道与自驾难度,交通自驾与行程路况,山路弯道与自驾难度,贵阳市区/黔灵山,贵阳市区/黔灵山,我在贵阳玩了七天 昨天回来上班了，错开节假日很舒服 贵阳很好。
297938371121,116493102619228,去了趟贵阳，感觉有些割裂,https://www.bilibili.com/video/av116493102619228,就***了,卢***思,,未知,2026-04-30 23:06,2026,15,12,7.72,强力种草/惊艳好评,2.0,餐饮美食与特色体验,折耳根与口味适应度,餐饮美食与特色体验,折耳根与口味适应度,贵阳市区/黔灵山,贵阳市区/黔灵山,北方人在贵阳工作两年了，贵州的口味对我这个北方人来说初尝确实惊艳好吃，但是吃久了还是会觉得北方乱炖红烧肉大馒头更合我口味[doge]确实一方水土养一方人
298073367169,116493102619228,去了趟贵阳，感觉有些割裂,https://www.bilibili.com/video/av116493102619228,就***了,r***g,,未知,2026-05-02 02:36,2026,18,0,5.42,客观探讨/咨询互动,0.0,交通自驾与行程路况,山路弯道与自驾难度,交通自驾与行程路况,山路弯道与自驾难度,贵阳市区/黔灵山,贵阳市区/黔灵山,其实是话语权。话语权这个东西是需要深耕的，是需要几十年几百年在主流文化圈长期而漫长的接力，需要名人、官员、成功人士、文人墨客的集体在历史里刻下印记并散播成为一代人两代人的共同记忆，最后组成主流文化历史的一部分。贵州真正融入主流中华文化圈其实是从19世纪末才开始，而在此之前，明朝时期虽然建省，但仅仅停留在军民观察，驿站，渡口，商贸等等极小的区域，所以你会发现，即便到了明朝中叶，贵州统计到的编户人口也就10来万人，更广袤的区域是土司自治领地。而清朝时期虽然改土归流，但整个过程是动荡反复漫长的，直到咸同时期，贵州甚至还发生大规模的战争。清朝之后贵州开始单独开科，才陆续培育中式文人，才陆续有了主流文化的发育，虽然出了两个状元，但那已经是清朝灭亡前夜。后来的历史贵州孱弱的根基根本无法在主流面前建立自己有效的正面印象，相反是更多的负面印象调侃一般的附加给贵州，比如up说的天气三日晴，事实上贵阳降雨阴天比例在省会中都并不算极端，阴天比例也低于成都重庆。但这无妨主流文化刻板印象，因为缺乏话语权，你只能沉默。而贵阳不争气的直到2000年时依然是最落后的省会，那时兰州的GDP是贵阳1.5倍！但贵阳之后的巨变显然是厚积薄发和跨越式的，现在兰州连贵阳车尾灯都看不到了。当然，贵阳依然很落后，但文化方面的进步显然比经济更加出色。作为名人效应来说，贵阳能够产生龚琳娜、周深这样的主流顶级名人，本身就是贵州全方位发力在文艺界的缩影。这些都是提高知名度，拜托刻板印象的契机。
300968610976,116493102619228,去了趟贵阳，感觉有些割裂,https://www.bilibili.com/video/av116493102619228,就***了,金***恩,,未知,2026-05-02 01:59,2026,14,0,5.06,避坑预警/痛点吐槽,-1.0,住宿价格与酒店民宿,景区内住宿 vs 市区中转选择,住宿价格与酒店民宿,景区内住宿 vs 市区中转选择,贵州全域/综合,贵州全域/综合,只适合旅游两三天的地方，住一个月后就会感觉恶心
297908186049,116493102619228,去了趟贵阳，感觉有些割裂,https://www.bilibili.com/video/av116493102619228,就***了,c***s,,未知,2026-04-30 18:34,2026,13,1,5.65,强力种草/惊艳好评,1.0,餐饮美食与特色体验,酸汤系列与特色火锅,餐饮美食与特色体验,酸汤系列与特色火锅,贵州全域/综合,贵州全域/综合,别的不说，酸汤火锅确实好吃😋
301061072800,116493102619228,去了趟贵阳，感觉有些割裂,https://www.bilibili.com/video/av116493102619228,就***了,夏***8,,未知,2026-05-02 20:17,2026,11,12,7.29,客观探讨/咨询互动,0.0,综合旅游体验与漫游杂谈,全省概览/多景点串联游记,综合旅游体验与漫游杂谈,全省概览/多景点串联游记,贵州全域/综合,贵州全域/综合,在这边旅游第一感受就是挤，去哪里都挤，我相信很多节假日来玩的朋友都会和我一样的感受，以后可能很难再想来第二次了
297960157457,116493102619228,去了趟贵阳，感觉有些割裂,https://www.bilibili.com/video/av116493102619228,就***了,5***人,,未知,2026-05-01 06:20,2026,11,5,6.52,客观探讨/咨询互动,0.0,餐饮美食与特色体验,特色小吃与夜市文化,餐饮美食与特色体验,特色小吃与夜市文化,贵州全域/综合,贵州全域/综合,贵州文旅就是吃干饭的[doge] 每年吃纳税人n多少，宣传全特么靠互联网up自发
300822443408,116493102619228,去了趟贵阳，感觉有些割裂,https://www.bilibili.com/video/av116493102619228,就***了,P***年,,未知,2026-04-30 23:12,2026,13,53,8.95,客观探讨/咨询互动,0.0,消费预算与综合性价比,高性价比与平民消费好评,消费预算与综合性价比,高性价比与平民消费好评,贵阳市区/黔灵山,贵阳市区/黔灵山,贵阳和昆明对比起来怎么样 有没有懂的分析一下
303667921057,116493102619228,去了趟贵阳，感觉有些割裂,https://www.bilibili.com/video/av116493102619228,就***了,噗***手,,未知,2026-06-24 05:46,2026,10,5,6.39,强力种草/惊艳好评,2.0,自然风光与气候避暑 | 餐饮美食与特色体验,雨季泥沙浑浊与恶劣天气 | 酸汤系列与特色火锅 | 特色小吃与夜市文化 | 折耳根与口味适应度,自然风光与气候避暑,雨季泥沙浑浊与恶劣天气,贵州全域/综合,贵州全域/综合,川渝的（我成都的媳妇重庆的，还有一起来的同事都是成都的）工作安排前年到这边分公司，两年了，我们都很不习惯！想逃离！同事已经申请调到重庆去了，明年交接完我也要走，吃不惯（酸汤，烙锅，等等这边特色的吃的都算不上多好吃）环境也差破破烂烂的，夏天确实舒服但要遭受整个漫长冬季的阴雨连绵风还大。老城区溜一圈有种上个世纪的即视感，周末都不知道该去哪里玩。
300869594976,116493102619228,去了趟贵阳，感觉有些割裂,https://www.bilibili.com/video/av116493102619228,就***了,用***活,,未知,2026-05-01 11:20,2026,13,4,6.57,客观探讨/咨询互动,0.0,交通自驾与行程路况,山路弯道与自驾难度,交通自驾与行程路况,山路弯道与自驾难度,贵阳市区/黔灵山,贵阳市区/黔灵山,贵州建省的目的就是为了维持大明对云南的统治，贵阳是四川南下两广和昆明到南京的交通要道交汇点，目前也是一个西南的重要交通节点。西南F4贵州的条件是最差的。目前广西云南争东盟桥头堡，川渝重要的大后方和工业基地吸你都来不及，湖南湖北人家看都不看你一眼。唯一的出路就是联合大湾区，承接大湾区发展转移的一些劳动密集型产业和向大湾区提供电力等服务。还有就是学校，贵州的高校普遍不行，制约产业发展。
300831214640,116493102619228,去了趟贵阳，感觉有些割裂,https://www.bilibili.com/video/av116493102619228,就***了,汐***声,,未知,2026-05-01 00:33,2026,11,30,8.16,客观探讨/咨询互动,0.0,自然风光与气候避暑,瀑布水景视觉震撼,自然风光与气候避暑,瀑布水景视觉震撼,贵阳市区/黔灵山,贵阳市区/黔灵山,虽然观山湖新区城建很好，但是目前GDP只有老区的1/3，去年GDP增量也只有老城区的1/3，老城区老归老，还是作为中坚力量在拉着贵阳走
299432649281,116493102619228,去了趟贵阳，感觉有些割裂,https://www.bilibili.com/video/av116493102619228,就***了,L***雅,,未知,2026-05-14 23:41,2026,11,5,6.52,客观探讨/咨询互动,0.0,消费预算与综合性价比,高性价比与平民消费好评,消费预算与综合性价比,高性价比与平民消费好评,贵阳市区/黔灵山,贵阳市区/黔灵山,我唯一的印象就是，贵阳有传销，因为我去年遇到了，我“朋友”骗我去然后我一意识到就跑了，只能说印象深刻，感觉有点后怕，所以对这个城市印象并不好。
272601414768,115026824267189,【5A中国】第8期：贵州10个5A景区|谁是大王，谁是小王，谁是喜剧之王？,https://www.bilibili.com/video/av115026824267189,行***卒,行***卒,,未知,2025-08-14 19:24,2025,46,7,8.85,强力种草/惊艳好评,2.0,综合旅游体验与漫游杂谈,全省概览/多景点串联游记,综合旅游体验与漫游杂谈,全省概览/多景点串联游记,贵州全域/综合,贵州全域/综合,"下期【云南】！
不出意外的话，下周4-周6更新。
如果点赞意外超2000，爆肝24小时内直更下一期！

#评分仅供参考，每个人的旅游偏好都不同，咱们求同存异，欢迎在评论区发表你的意见，友好讨论
如果有信息错误的地方，也请帮忙指出"
271415353185,115026824267189,【5A中国】第8期：贵州10个5A景区|谁是大王，谁是小王，谁是喜剧之王？,https://www.bilibili.com/video/av115026824267189,行***卒,猪***九,,未知,2025-08-15 13:23,2025,116,10,10.54,客观探讨/咨询互动,0.0,交通自驾与行程路况,山路弯道与自驾难度,交通自驾与行程路况,山路弯道与自驾难度,贵州全域/综合,贵州全域/综合,贵州本地人真的不用去这种带a景区的，家附近到到处都是美景，往山里开就行了，全都不要钱，人还少。
272603730832,115026824267189,【5A中国】第8期：贵州10个5A景区|谁是大王，谁是小王，谁是喜剧之王？,https://www.bilibili.com/video/av115026824267189,行***卒,游***法,,未知,2025-08-14 19:43,2025,70,16,10.23,客观探讨/咨询互动,0.0,综合旅游体验与漫游杂谈,全省概览/多景点串联游记,综合旅游体验与漫游杂谈,全省概览/多景点串联游记,贵州全域/综合,贵州全域/综合,诶诶？这个顺序是根据和广东的距离来的吗
273149988208,115026824267189,【5A中国】第8期：贵州10个5A景区|谁是大王，谁是小王，谁是喜剧之王？,https://www.bilibili.com/video/av115026824267189,行***卒,忍***菲,,未知,2025-08-19 01:08,2025,59,32,10.64,客观探讨/咨询互动,0.0,综合旅游体验与漫游杂谈,全省概览/多景点串联游记,综合旅游体验与漫游杂谈,全省概览/多景点串联游记,贵阳市区/黔灵山,贵阳市区/黔灵山,我最最最不理解的就是青岩古镇，如果它是一个4A，我可能屁都不会放一个。但它是5A啊！5A！怎么评的？国内古镇我没去过30个也有20几个了，青岩真的很商业化，很普通。
271367300929,115026824267189,【5A中国】第8期：贵州10个5A景区|谁是大王，谁是小王，谁是喜剧之王？,https://www.bilibili.com/video/av115026824267189,行***卒,叫***人,,未知,2025-08-15 00:44,2025,48,13,9.48,避坑预警/痛点吐槽,-1.0,交通自驾与行程路况,山路弯道与自驾难度,交通自驾与行程路况,山路弯道与自驾难度,梵净山,梵净山,"梵净山就强在这个名字。为了梵净山去贵州极其失望。只卖个山顶完全可以不开放爬山路。
3月份去，爬了三个小时到半山腰什么配套都没有，爬山路上景色也非常一般，甚至可以说山路景色约等于0，没有介绍没有配套。
别说卖水的了，厕所都没有。路上不少找山崖角落大小便的。
简评不坐索道完全不推荐梵净山爬山。"
272726368352,115026824267189,【5A中国】第8期：贵州10个5A景区|谁是大王，谁是小王，谁是喜剧之王？,https://www.bilibili.com/video/av115026824267189,行***卒,甜***4,,未知,2025-08-15 19:03,2025,36,4,8.03,客观探讨/咨询互动,0.0,自然风光与气候避暑,瀑布水景视觉震撼 | 雨季泥沙浑浊与恶劣天气,自然风光与气候避暑,瀑布水景视觉震撼,黄果树瀑布 | 荔波小七孔 | 梵净山 | 贵阳市区/黔灵山 | 织金洞 | 万峰林/马岭河 | 镇远古城/舞阳河 | 遵义红色胜地/赤水 | 阿西里西韭菜坪/百里杜鹃,黄果树瀑布,已经通关了贵州的所有10个5A景区，去过的顺序是：梵净山、镇远古城、大小七孔、万峰林、黄果树瀑布、龙宫、青岩古镇、织金洞、百里杜鹃（没赶上花期，主打一个来都来了，纯打卡）、赤水丹霞（大瀑布由于头一天暴雨临时关闭，只去了佛光岩）
272605799632,115026824267189,【5A中国】第8期：贵州10个5A景区|谁是大王，谁是小王，谁是喜剧之王？,https://www.bilibili.com/video/av115026824267189,行***卒,三***王,,未知,2025-08-14 19:59,2025,32,13,8.88,客观探讨/咨询互动,0.0,交通自驾与行程路况,山路弯道与自驾难度,交通自驾与行程路况,山路弯道与自驾难度,荔波小七孔,荔波小七孔,小七孔不至于提名有没有吧[笑哭]，估计是撞车九寨沟了
272847865920,115026824267189,【5A中国】第8期：贵州10个5A景区|谁是大王，谁是小王，谁是喜剧之王？,https://www.bilibili.com/video/av115026824267189,行***卒,我***长,,未知,2025-08-16 18:21,2025,23,5,7.56,实战攻略/避坑技巧,0.2,自然风光与气候避暑 | 景区运营与排队管理 | 商业化程度与民俗真实感 | 住宿价格与酒店民宿,雨季泥沙浑浊与恶劣天气 | 核心项目超长排队与拥堵 | 千户苗寨商业化过度/同质化 | 景区内住宿 vs 市区中转选择 | 位置偏远与接驳不便,自然风光与气候避暑,雨季泥沙浑浊与恶劣天气,西江千户苗寨,西江千户苗寨,西江千户苗寨白天不要去，夜晚亮灯模模糊糊的美欣赏下就可以了，白天天亮你就能看到tm全是民宿，各种招牌和电话。里面的民宿要爬楼，景区管理混乱，人挤人人山人海，山口下去村里中间还有一个中转点，必须要下车转车。昨天去的下暴雨，中转点没造好，只有一个很小的木架子排队下行等车点，出去景区还要在中转点淋雨。一下雨就出来一堆人卖雨伞雨衣，很小的单人网红透明雨伞，或者雨衣，统统15。从停车场还要走15分钟的商业街才能到景区检票口，检票口下去还要坐车下去，非要住里面的话带一个背包背换洗衣物就行。不做攻略带箱子的话夜里到可没人提，上民宿民宿老板也只有一个人托不了，如果你要景色好的民宿那爬上去可累的不行。而且民宿里面可不一定有电梯，三四层楼你提吧
272677083808,115026824267189,【5A中国】第8期：贵州10个5A景区|谁是大王，谁是小王，谁是喜剧之王？,https://www.bilibili.com/video/av115026824267189,行***卒,梦***鱼,,未知,2025-08-15 11:37,2025,22,11,8.19,强力种草/惊艳好评,1.0,自然风光与气候避暑,瀑布水景视觉震撼,自然风光与气候避暑,瀑布水景视觉震撼,黄果树瀑布,黄果树瀑布,没必要给黄果树打抱不平，up在广西那一期就说了，瀑布类景观他最喜欢的就是德天瀑布，黄果树德天我也都去过，我也认为德天的瀑布更吸引我，不同的风格只能说，看各自喜欢了
271351697553,115026824267189,【5A中国】第8期：贵州10个5A景区|谁是大王，谁是小王，谁是喜剧之王？,https://www.bilibili.com/video/av115026824267189,行***卒,陈***驼,,未知,2025-08-14 22:23,2025,21,6,7.58,客观探讨/咨询互动,0.0,自然风光与气候避暑,瀑布水景视觉震撼,自然风光与气候避暑,瀑布水景视觉震撼,黄果树瀑布 | 荔波小七孔,黄果树瀑布,小七孔的水很有质感，真的漂亮！黄果树瀑布的这个角度很像课本封面！
271331916529,115026824267189,【5A中国】第8期：贵州10个5A景区|谁是大王，谁是小王，谁是喜剧之王？,https://www.bilibili.com/video/av115026824267189,行***卒,临***人,,未知,2025-08-14 19:43,2025,18,9,7.72,客观探讨/咨询互动,0.0,综合旅游体验与漫游杂谈,全省概览/多景点串联游记,综合旅游体验与漫游杂谈,全省概览/多景点串联游记,镇远古城/舞阳河,镇远古城/舞阳河,镇远古城这个明显不是徽派建筑。硬要说风格，更接近赣派建筑。
272649399552,115026824267189,【5A中国】第8期：贵州10个5A景区|谁是大王，谁是小王，谁是喜剧之王？,https://www.bilibili.com/video/av115026824267189,行***卒,单***a,,未知,2025-08-15 03:27,2025,16,6,7.2,强力种草/惊艳好评,1.0,安全防范与避坑预警,水上漂流与徒步涉水安全,安全防范与避坑预警,水上漂流与徒步涉水安全,贵州全域/综合,贵州全域/综合,"贵州出了这些5A4A，还有很多值得去的小众景点，而且都很值得去，抖音上一搜一大把。
贵州玩水和户外徒步的资源太多了，非常适合带小孩去。"
272808270160,115026824267189,【5A中国】第8期：贵州10个5A景区|谁是大王，谁是小王，谁是喜剧之王？,https://www.bilibili.com/video/av115026824267189,行***卒,魔***蚣,,未知,2025-08-16 12:20,2025,14,5,6.85,强力种草/惊艳好评,1.0,自然风光与气候避暑 | 交通自驾与行程路况 | 住宿价格与酒店民宿,瀑布水景视觉震撼 | 喀斯特溶洞地质奇观 | 雨季泥沙浑浊与恶劣天气 | 山路弯道与自驾难度 | 民宿卫生隔音与硬件体验,自然风光与气候避暑,瀑布水景视觉震撼,黄果树瀑布 | 荔波小七孔 | 梵净山 | 贵阳市区/黔灵山 | 织金洞 | 镇远古城/舞阳河,黄果树瀑布,黄果树，小七孔，龙宫，织金洞属于是没去过可以去看一眼，但是没必要去第二次的地方，除非特别喜欢瀑布和溶洞景观。梵净山，镇远适合度假，小住个一两天，但是最好不要暑假和小长假去，闷热潮湿人还多，㵲阳河边餐馆天天晚上最炫名族风。青岩？以前配得上古镇这个名头，现在就是一坨。而且如果是喜欢更现代化配套更完整的那种旅游的话，贵州的景区都不太适合，贵州更适合自驾，走到哪看到哪，不过很多地方对车技是一种考验
272358773505,115026824267189,【5A中国】第8期：贵州10个5A景区|谁是大王，谁是小王，谁是喜剧之王？,https://www.bilibili.com/video/av115026824267189,行***卒,我***姆,,未知,2025-08-23 02:50,2025,14,11,7.55,客观探讨/咨询互动,0.0,自然风光与气候避暑,瀑布水景视觉震撼 | 夏季清凉避暑体验 | 雨季泥沙浑浊与恶劣天气,自然风光与气候避暑,瀑布水景视觉震撼,黄果树瀑布 | 荔波小七孔 | 梵净山 | 织金洞,黄果树瀑布,小七孔也配最顶？就一普通河水，贵州最好的景点就三个黄果树，梵净山，织金洞，个人认为top1就是织金洞，因为它是唯一不受气候和天气影响的景区，而且足够庞大和惊奇，其他的暴雨或者枯水期会影响景区的风景
273244822656,115026824267189,【5A中国】第8期：贵州10个5A景区|谁是大王，谁是小王，谁是喜剧之王？,https://www.bilibili.com/video/av115026824267189,行***卒,黎***沙,,未知,2025-08-19 20:32,2025,13,11,7.44,避坑预警/痛点吐槽,-1.0,自然风光与气候避暑 | 交通自驾与行程路况 | 景区运营与排队管理,瀑布水景视觉震撼 | 高山峡谷与世界级桥梁 | 山路弯道与自驾难度 | 核心项目超长排队与拥堵 | 门票预约与抢票限制 | 门票优惠政策与便民好评,自然风光与气候避暑,瀑布水景视觉震撼,梵净山,梵净山,"梵净山名不副实，今天刚去不推荐去。
首先放票机制极其垃圾，没有早晨六点钟起来抢票的毅力（提前三天），你是抢不到票的，并且半价票不跟全价票一起放，我6:03帮家人抢到了上午十一点的票，结果之后的半价票（学生）就只有下午的了，我被迫选了一张下午两点钟的。
并且限流是极其严格的，你抢到什么时候的票，就只能什么时候进。红云金顶必须提前预约，你到了下面预约的话，至少要等三四个小时才能进去爬，建议进了大门就可以预约红云金顶的登顶资格了。
另外，进门之后要做九公里的盘山路以及十分钟的缆车，晕车的人极其不推荐，并且排队时间很长，基本上都要排一两个小时才能坐一次，想要提前来跟其他人流错开时间攀爬也不可能，除非你抢到了当天最早的那一个时段的票，你才能进来，否则你抢到了当天上午九到十点的票，你七点来了，他也不放你进。游玩时间有一半以上都在排队。
最后景区配套也是不尽于人意，厕所少凳子少，攀登道路拥挤，容易人流拥堵，风景实在一般， 地质景观不如旁边湖南张家界，佛教人文更是不如南岳一根。（最不理解为什么限流如此严重还会造成如此长时间的排队）[热][热][热]"
271464269441,115026824267189,【5A中国】第8期：贵州10个5A景区|谁是大王，谁是小王，谁是喜剧之王？,https://www.bilibili.com/video/av115026824267189,行***卒,不***阳,,未知,2025-08-15 20:56,2025,10,22,7.73,客观探讨/咨询互动,0.0,消费预算与综合性价比,高性价比与平民消费好评,消费预算与综合性价比,高性价比与平民消费好评,贵阳市区/黔灵山,贵阳市区/黔灵山,刚好最近去了一趟贵州[doge]，在此我就斗胆说一句：不要暑假去，不要暑假去，不要暑假去，哪怕是贵阳市区！！！（图：花果园）
308893142816,116900638101780,以前我觉得反向旅游是个幌子，现在看，是我固执了,https://www.bilibili.com/video/av116900638101780,开***行,1***w,,未知,2026-07-11 18:19,2026,1232,23,14.85,客观探讨/咨询互动,0.0,综合旅游体验与漫游杂谈,全省概览/多景点串联游记,综合旅游体验与漫游杂谈,全省概览/多景点串联游记,贵州全域/综合,贵州全域/综合,其实只要人少，旅游体验直线上升
305774022977,116900638101780,以前我觉得反向旅游是个幌子，现在看，是我固执了,https://www.bilibili.com/video/av116900638101780,开***行,玩***8,,未知,2026-07-12 09:53,2026,930,45,15.08,客观探讨/咨询互动,0.0,交通自驾与行程路况,山路弯道与自驾难度,交通自驾与行程路况,山路弯道与自驾难度,贵州全域/综合,贵州全域/综合,看了两年了，今天才知道你们叫开元心不是开心元[笑哭][笑哭]
305701034465,116900638101780,以前我觉得反向旅游是个幌子，现在看，是我固执了,https://www.bilibili.com/video/av116900638101780,开***行,-***-,,未知,2026-07-11 18:16,2026,678,19,13.78,客观探讨/咨询互动,0.0,交通自驾与行程路况,山路弯道与自驾难度,交通自驾与行程路况,山路弯道与自驾难度,贵州全域/综合,贵州全域/综合,暑假前去庐山，人确实不算多，就是天天下雨，三天呆下来愣没看到一点山，10米开外全是白雾，车在桥上过，两边纯白色看不到一点湖水，爬上观景平台，整个天地都是白，比寂静岭还寂静岭，怪不得人不多……
308965329936,116900638101780,以前我觉得反向旅游是个幌子，现在看，是我固执了,https://www.bilibili.com/video/av116900638101780,开***行,只***名,,未知,2026-07-12 09:16,2026,458,34,13.75,实战攻略/避坑技巧,0.2,自然风光与气候避暑,瀑布水景视觉震撼,自然风光与气候避暑,瀑布水景视觉震撼,贵州全域/综合,贵州全域/综合,"松松净讲大实话，但得有钱有闲才做得到错峰
只能等退休后才争取了，一般的牛马还得凑热闹去"
308913400944,116900638101780,以前我觉得反向旅游是个幌子，现在看，是我固执了,https://www.bilibili.com/video/av116900638101780,开***行,标***拉,,未知,2026-07-11 20:57,2026,435,107,14.8,客观探讨/咨询互动,0.0,消费预算与综合性价比,高性价比与平民消费好评,消费预算与综合性价比,高性价比与平民消费好评,贵州全域/综合,贵州全域/综合,我感觉在旅游界，人少、景美、不贵，是个不可能三角。[doge]
305737478321,116900638101780,以前我觉得反向旅游是个幌子，现在看，是我固执了,https://www.bilibili.com/video/av116900638101780,开***行,白***特,,未知,2026-07-11 23:06,2026,264,25,12.63,客观探讨/咨询互动,0.0,交通自驾与行程路况,山路弯道与自驾难度,交通自驾与行程路况,山路弯道与自驾难度,贵州全域/综合,贵州全域/综合,今天刚结束贵州小车团，景美人美啊[doge]。
308898747776,116900638101780,以前我觉得反向旅游是个幌子，现在看，是我固执了,https://www.bilibili.com/video/av116900638101780,开***行,果***幢,,未知,2026-07-11 19:01,2026,154,7,10.64,客观探讨/咨询互动,0.0,自然风光与气候避暑,瀑布水景视觉震撼,自然风光与气候避暑,瀑布水景视觉震撼,万峰林/马岭河,万峰林/马岭河,万峰林的夏天也很绝，全是绿油油的，本人还来个个稻田亲密接触[笑哭]
307783575857,116900638101780,以前我觉得反向旅游是个幌子，现在看，是我固执了,https://www.bilibili.com/video/av116900638101780,开***行,弱***恒,,未知,2026-07-27 15:18,2026,160,2,9.72,客观探讨/咨询互动,0.0,综合旅游体验与漫游杂谈,全省概览/多景点串联游记,综合旅游体验与漫游杂谈,全省概览/多景点串联游记,贵州全域/综合,贵州全域/综合,大部分人不是不懂反季旅游，而是非节假日的时候要工作，实在没时间
305716086369,116900638101780,以前我觉得反向旅游是个幌子，现在看，是我固执了,https://www.bilibili.com/video/av116900638101780,开***行,朱***人,,未知,2026-07-11 20:16,2026,129,11,10.79,实战攻略/避坑技巧,0.2,交通自驾与行程路况,山路弯道与自驾难度,交通自驾与行程路况,山路弯道与自驾难度,贵州全域/综合,贵州全域/综合,我就在旅游相关上班，节假日都是死命干，淡季就让我们休，淡季我就出去玩，尤其是电车出去跟不要钱似的[doge]
310683388400,116900638101780,以前我觉得反向旅游是个幌子，现在看，是我固执了,https://www.bilibili.com/video/av116900638101780,开***行,毛***4,,未知,2026-07-24 20:11,2026,102,12,10.52,客观探讨/咨询互动,0.0,自然风光与气候避暑,瀑布水景视觉震撼,自然风光与气候避暑,瀑布水景视觉震撼,贵州全域/综合,贵州全域/综合,冬天的赛里木湖[doge_金箍]
309074555296,116900638101780,以前我觉得反向旅游是个幌子，现在看，是我固执了,https://www.bilibili.com/video/av116900638101780,开***行,柠***杏,,未知,2026-07-13 00:12,2026,97,6,9.82,客观探讨/咨询互动,0.0,餐饮美食与特色体验,特色小吃与夜市文化,餐饮美食与特色体验,特色小吃与夜市文化,贵州全域/综合,贵州全域/综合,去年9月周末去乡下吃酒席，在路边随手拍的。
313550601984,116900638101780,以前我觉得反向旅游是个幌子，现在看，是我固执了,https://www.bilibili.com/video/av116900638101780,开***行,在***力,,未知,2026-08-14 11:56,2026,93,16,10.65,强力种草/惊艳好评,2.0,自然风光与气候避暑 | 住宿价格与酒店民宿 | 消费预算与综合性价比,雨季泥沙浑浊与恶劣天气 | 旺季节假日价格暴涨 | 高性价比与平民消费好评,自然风光与气候避暑,雨季泥沙浑浊与恶劣天气,贵州全域/综合,贵州全域/综合,"我每年都尽量错峰出去旅游，给大家几个这两年去的地方的安利和避雷
安利：
1、9月初的青甘大环线，人少，温度合适
2、6月中高考前的贵州，人少，还没到雨季，但是景点水都不少
3、国庆后的三亚，人少，还可以下水，机酒很便宜
4、春节、五一、十一后半段的二线城市，大连、青岛、合肥、西安、云南（飞昆明）福州、厦门，一般请1-2天假，除了前面几天酒店贵点其他体验都很好
避雷：
1、6月的香格里拉，天天下雨，梅里雪山看不了，淋雨很容易发烧
2、冬天的内蒙古，太冷了，好看是好看的，但是真的太冷了，今年去还碰到了沙尘暴，也是倒霉
3、二月的平谭，风大，很看天气，天气不好很冷而且拍照很难看"
305701026161,116900638101780,以前我觉得反向旅游是个幌子，现在看，是我固执了,https://www.bilibili.com/video/av116900638101780,开***行,晓***雨,,未知,2026-07-11 18:16,2026,90,40,11.48,实战攻略/避坑技巧,0.2,自然风光与气候避暑,高山峡谷与世界级桥梁,自然风光与气候避暑,高山峡谷与世界级桥梁,贵州全域/综合,贵州全域/综合,[星星眼]我这个西湖啊，就没有淡季，总是有人的。白天是游客，傍晚他们看日落晚霞火烧云，晚上么夜骑西湖。半夜么又有等日出的。清晨么老人跳舞打太极。
309135372192,116900638101780,以前我觉得反向旅游是个幌子，现在看，是我固执了,https://www.bilibili.com/video/av116900638101780,开***行,正***醉,,未知,2026-07-13 13:55,2026,98,7,9.97,客观探讨/咨询互动,0.0,景区运营与排队管理,核心项目超长排队与拥堵,景区运营与排队管理,核心项目超长排队与拥堵,万峰林/马岭河,万峰林/马岭河,一想到我老家就坐落在类似万峰林的一个贵州小村庄里，就爽死了爽死了爽死了。春节回家能看到油菜花，国庆回家能看到稻田（正收割版），啊，我以后国庆再也不出去人挤人了[大哭]
309145127120,116900638101780,以前我觉得反向旅游是个幌子，现在看，是我固执了,https://www.bilibili.com/video/av116900638101780,开***行,B***3,,未知,2026-07-13 15:24,2026,83,12,10.21,强力种草/惊艳好评,1.0,交通自驾与行程路况 | 景区运营与排队管理 | 消费预算与综合性价比,高铁大巴换乘与班次衔接 | 核心项目超长排队与拥堵 | 高性价比与平民消费好评,交通自驾与行程路况,高铁大巴换乘与班次衔接,贵州全域/综合,贵州全域/综合,湖南新宁崀山，世界自然遗产，真正的人少景美又便宜，只不过吃了公共交通不方便的亏，而且美景又太看天气。如果高铁火车方便的话，估计分分钟被挤爆。
308891371632,116900638101780,以前我觉得反向旅游是个幌子，现在看，是我固执了,https://www.bilibili.com/video/av116900638101780,开***行,l***0,,未知,2026-07-11 18:05,2026,77,1,8.23,客观探讨/咨询互动,0.0,景区运营与排队管理,核心项目超长排队与拥堵,景区运营与排队管理,核心项目超长排队与拥堵,贵州全域/综合,贵州全域/综合,团长这工作量可不小啊，百大景区怎么玩系列+用一年时间把国内主要目的地理一圈，全套下来黑眼圈得加深3级、
309073073616,116900638101780,以前我觉得反向旅游是个幌子，现在看，是我固执了,https://www.bilibili.com/video/av116900638101780,开***行,大***斯,,未知,2026-07-12 23:59,2026,75,19,10.49,客观探讨/咨询互动,0.0,交通自驾与行程路况,山路弯道与自驾难度,交通自驾与行程路况,山路弯道与自驾难度,贵州全域/综合,贵州全域/综合,前几天去的川西四姑娘山，不知道为啥明明正是山上花开的时候天气又好甚至还是周末，但路上就是没多少车，一路上顺风顺水的就上山了，阳光明媚的山景真是把连续加班的疲惫都一扫而空了
308939111088,116900638101780,以前我觉得反向旅游是个幌子，现在看，是我固执了,https://www.bilibili.com/video/av116900638101780,开***行,花***蘼,,未知,2026-07-12 00:23,2026,74,5,9.27,客观探讨/咨询互动,0.0,综合旅游体验与漫游杂谈,全省概览/多景点串联游记,综合旅游体验与漫游杂谈,全省概览/多景点串联游记,贵州全域/综合,贵州全域/综合,今年过年去了一次张家界以后就理解旅长为什么爱喷了…现在我也爱喷…喷半年了…
311460416128,116900638101780,以前我觉得反向旅游是个幌子，现在看，是我固执了,https://www.bilibili.com/video/av116900638101780,开***行,山***O,,未知,2026-07-30 13:03,2026,72,2,8.53,客观探讨/咨询互动,0.0,综合旅游体验与漫游杂谈,全省概览/多景点串联游记,综合旅游体验与漫游杂谈,全省概览/多景点串联游记,贵州全域/综合,贵州全域/综合,家附近转转也挺好的
306813884673,116900638101780,以前我觉得反向旅游是个幌子，现在看，是我固执了,https://www.bilibili.com/video/av116900638101780,开***行,洋***し,,未知,2026-07-20 08:52,2026,71,8,9.61,客观探讨/咨询互动,0.0,景区运营与排队管理,核心项目超长排队与拥堵,景区运营与排队管理,核心项目超长排队与拥堵,贵州全域/综合,贵州全域/综合,毕棚沟的话10月下旬到12月可去，本来当时我准备11月初看彩林的，结果头天晚上下了雪，第二天早上第一批进景区，这时候太阳还没照到整个山谷，山谷都是蓝调的，特别梦幻。
308891008608,116900638101780,以前我觉得反向旅游是个幌子，现在看，是我固执了,https://www.bilibili.com/video/av116900638101780,开***行,李***茫,,未知,2026-07-11 18:02,2026,71,0,7.41,客观探讨/咨询互动,0.0,自然风光与气候避暑,瀑布水景视觉震撼,自然风光与气候避暑,瀑布水景视觉震撼,贵州全域/综合,贵州全域/综合,旅长一宣传就真不存在人少景美的地方了哈哈哈哈哈哈
308895720320,116900638101780,以前我觉得反向旅游是个幌子，现在看，是我固执了,https://www.bilibili.com/video/av116900638101780,开***行,小***y,,未知,2026-07-11 18:39,2026,56,10,9.46,客观探讨/咨询互动,0.0,住宿价格与酒店民宿,位置偏远与接驳不便,住宿价格与酒店民宿,位置偏远与接驳不便,贵州全域/综合,贵州全域/综合,人少景美是不是大概率就交通不便[思考]个人感觉如有错误请指正
308951225520,116900638101780,以前我觉得反向旅游是个幌子，现在看，是我固执了,https://www.bilibili.com/video/av116900638101780,开***行,磨***d,,未知,2026-07-12 03:30,2026,54,1,7.7,实战攻略/避坑技巧,0.2,自然风光与气候避暑,瀑布水景视觉震撼,自然风光与气候避暑,瀑布水景视觉震撼,贵州全域/综合,贵州全域/综合,"看到弹幕说冬季去川西到西藏爽翻了 
提醒各位省外的朋友，冬季川西很多景点很多路是要封的，并且上了川西高原很多路都是国道，冬季是全冰路段，没有经验容易出大事的，所以川西冬季是淡季，并不是因为风景是因为交通"
312877803408,116900638101780,以前我觉得反向旅游是个幌子，现在看，是我固执了,https://www.bilibili.com/video/av116900638101780,开***行,椒*,,未知,2026-08-09 15:45,2026,53,2,8.08,强力种草/惊艳好评,2.0,自然风光与气候避暑,雨季泥沙浑浊与恶劣天气,自然风光与气候避暑,雨季泥沙浑浊与恶劣天气,贵州全域/综合,贵州全域/综合,七彩丹霞不用p，就是要雨季去，但是雨季其他景点就不好看了，这是雨后出太阳的样子，[OK]我们雨季去下了一周的雨，其他景点都翻车了，只有这个特别惊艳
308927351616,116900638101780,以前我觉得反向旅游是个幌子，现在看，是我固执了,https://www.bilibili.com/video/av116900638101780,开***行,仓***雍,,未知,2026-07-11 22:44,2026,41,1,7.3,强力种草/惊艳好评,1.0,自然风光与气候避暑,瀑布水景视觉震撼,自然风光与气候避暑,瀑布水景视觉震撼,贵州全域/综合,贵州全域/综合,刚从马蹄寺回来，适合玩一天。尤其是从三十三天石窟出来沿着徒步步道独自享受美景。在大西北可以体验这样草甸的感受确实很奇妙，虽然没有雪山。兴起之下，又一个人沿着景区规划的骑马游览路线徒步到了景区最深处的临松瀑布，虽然也没啥水。  加上后来去的冰河沟，才能体会到游牧民族为什么会如此崇拜祁连山了
308901365056,116900638101780,以前我觉得反向旅游是个幌子，现在看，是我固执了,https://www.bilibili.com/video/av116900638101780,开***行,天***惜,,未知,2026-07-11 19:22,2026,40,3,7.96,客观探讨/咨询互动,0.0,综合旅游体验与漫游杂谈,全省概览/多景点串联游记,综合旅游体验与漫游杂谈,全省概览/多景点串联游记,贵州全域/综合,贵州全域/综合,哈哈哈，年轻职员们不仅要写好文本，还要学习旅长的幽默内核，不经意间几个段子就讲完了。[doge]
308891041504,116900638101780,以前我觉得反向旅游是个幌子，现在看，是我固执了,https://www.bilibili.com/video/av116900638101780,开***行,仓***错,,未知,2026-07-11 18:01,2026,47,33,10.33,客观探讨/咨询互动,0.0,综合旅游体验与漫游杂谈,全省概览/多景点串联游记,综合旅游体验与漫游杂谈,全省概览/多景点串联游记,贵州全域/综合,贵州全域/综合,有没有暑假反向的[脸红]
312660862752,116900638101780,以前我觉得反向旅游是个幌子，现在看，是我固执了,https://www.bilibili.com/video/av116900638101780,开***行,卡***莱,,未知,2026-08-07 23:24,2026,36,4,8.03,避坑预警/痛点吐槽,-1.0,餐饮美食与特色体验,特色小吃与夜市文化,餐饮美食与特色体验,特色小吃与夜市文化,贵州全域/综合,贵州全域/综合,敦煌绝对适合冬天去  夏天沙漠的骆驼都快累死了  干瘦干瘦的  房价超贵！冬天景点都降价  人特别少  房价普遍一百左右 骆驼也肉嘟嘟的有点可爱
305731633281,116900638101780,以前我觉得反向旅游是个幌子，现在看，是我固执了,https://www.bilibili.com/video/av116900638101780,开***行,三***桂,,未知,2026-07-11 22:20,2026,43,39,10.37,客观探讨/咨询互动,0.0,自然风光与气候避暑,瀑布水景视觉震撼,自然风光与气候避暑,瀑布水景视觉震撼,贵州全域/综合,贵州全域/综合,广东人越看越难受，什么时候讲广东[大哭][大哭]努努力给我挖掘俩景点吧，广西东边、湖南福建江西南边也行啊[大哭][大哭][大哭]
308925168240,116900638101780,以前我觉得反向旅游是个幌子，现在看，是我固执了,https://www.bilibili.com/video/av116900638101780,开***行,余***7,,未知,2026-07-11 22:28,2026,33,5,8.08,强力种草/惊艳好评,1.0,综合旅游体验与漫游杂谈,全省概览/多景点串联游记,综合旅游体验与漫游杂谈,全省概览/多景点串联游记,贵州全域/综合,贵州全域/综合,旅长，咱就是说急需一个8月反向的攻略推荐！
305706080193,116900638101780,以前我觉得反向旅游是个幌子，现在看，是我固执了,https://www.bilibili.com/video/av116900638101780,开***行,闷***豆,,未知,2026-07-11 18:54,2026,26,10,8.34,客观探讨/咨询互动,0.0,餐饮美食与特色体验,特色小吃与夜市文化,餐饮美食与特色体验,特色小吃与夜市文化,贵州全域/综合,贵州全域/综合,去年6月上旬去了呼伦贝尔，体验特别好，人还不多。酒店一二百一天。我们离开以后的一周左右价格就开始飙升了
305736454337,116900638101780,以前我觉得反向旅游是个幌子，现在看，是我固执了,https://www.bilibili.com/video/av116900638101780,开***行,闷***豆,,未知,2026-07-11 22:58,2026,25,12,8.45,强力种草/惊艳好评,1.0,交通自驾与行程路况 | 消费预算与综合性价比,山路弯道与自驾难度 | 高性价比与平民消费好评,交通自驾与行程路况,山路弯道与自驾难度,贵州全域/综合,贵州全域/综合,今年6月12-20去了黑龙江自驾，淡季价格特别香，伊春在七八月要六七百一间的酒店我们定的也就二百块。而且路上没人，景区也没人。花栗鼠一个个都吃不饱，缠着你不让走。黑河挺热闹的，五大连池人也不多。全程酒店都很便宜。哈尔滨的亚朵我订的才240一间，还带双早
308921724672,116900638101780,以前我觉得反向旅游是个幌子，现在看，是我固执了,https://www.bilibili.com/video/av116900638101780,开***行,妍***肉,,未知,2026-07-11 22:01,2026,24,5,7.62,客观探讨/咨询互动,0.0,综合旅游体验与漫游杂谈,全省概览/多景点串联游记,综合旅游体验与漫游杂谈,全省概览/多景点串联游记,西江千户苗寨,西江千户苗寨,之前和闺蜜去的西江千户苗寨
305701659969,116900638101780,以前我觉得反向旅游是个幌子，现在看，是我固执了,https://www.bilibili.com/video/av116900638101780,开***行,m***8,,未知,2026-07-11 18:21,2026,23,1,6.46,客观探讨/咨询互动,0.0,交通自驾与行程路况,山路弯道与自驾难度,交通自驾与行程路况,山路弯道与自驾难度,贵州全域/综合,贵州全域/综合,听团长说名字，才反应过来，原来是“开元心”，真的一直以为是“开心元”[笑哭]
305730651489,116900638101780,以前我觉得反向旅游是个幌子，现在看，是我固执了,https://www.bilibili.com/video/av116900638101780,开***行,星***_,,未知,2026-07-11 22:12,2026,19,9,7.8,客观探讨/咨询互动,0.0,自然风光与气候避暑,瀑布水景视觉震撼,自然风光与气候避暑,瀑布水景视觉震撼,贵州全域/综合,贵州全域/综合,其实青甘大环线  阿里南线 川西 都挺适合11月前后出行的，人少了很多，风景也并不差，而且秋天晴天概率也高。
309634740912,116900638101780,以前我觉得反向旅游是个幌子，现在看，是我固执了,https://www.bilibili.com/video/av116900638101780,开***行,故***7,,未知,2026-07-17 05:38,2026,18,0,5.42,客观探讨/咨询互动,0.0,自然风光与气候避暑,瀑布水景视觉震撼,自然风光与气候避暑,瀑布水景视觉震撼,贵州全域/综合,贵州全域/综合,不管你去不去，风景都在那里，游人才是大地上流动的云，大地闭着眼睛感受人的穿行，而从未影响ta的独自美丽
310302477184,116900638101780,以前我觉得反向旅游是个幌子，现在看，是我固执了,https://www.bilibili.com/video/av116900638101780,开***行,硬***喵,,未知,2026-07-22 00:55,2026,16,2,6.35,客观探讨/咨询互动,0.0,交通自驾与行程路况,山路弯道与自驾难度,交通自驾与行程路况,山路弯道与自驾难度,贵州全域/综合,贵州全域/综合,有一说一，关注了这么久，我一直以为是元开心旅游[笑哭]
308922252352,116900638101780,以前我觉得反向旅游是个幌子，现在看，是我固执了,https://www.bilibili.com/video/av116900638101780,开***行,赢***R,,未知,2026-07-11 22:05,2026,16,0,5.25,客观探讨/咨询互动,0.0,自然风光与气候避暑,夏季清凉避暑体验,自然风光与气候避暑,夏季清凉避暑体验,贵州全域/综合,贵州全域/综合,云南很多城市气候都这样，山脚下干热河谷，冬天就可能15-29度(26年2月元江温度)，山顶上海拔两千多米左右，哪怕是夏天也只有17-23度(25年八月个旧温度)。最典型的是元阳县，新县城海拔四百米，老县城海拔1600米，新城冬天比老城夏天还热，这在元江河谷，金沙江河谷等地区很普遍。全国冬夏温差最大的临近的两村庄就在昭通鲁甸牛栏江河谷，山脚小坪子村海拔600米，二月份平均14-26度，山顶大山包村海拔3200米，八月份平均11-20度（参考当地巧家和昭通市区温度根据海拔差估算）
308911304752,116900638101780,以前我觉得反向旅游是个幌子，现在看，是我固执了,https://www.bilibili.com/video/av116900638101780,开***行,马***少,,未知,2026-07-11 20:40,2026,16,12,7.81,强力种草/惊艳好评,1.0,自然风光与气候避暑,瀑布水景视觉震撼,自然风光与气候避暑,瀑布水景视觉震撼,万峰林/马岭河,万峰林/马岭河,我兴义人，本地人也最推荐夏天暑假去万峰林，可以闻到真正的稻香，而且是有一种坐看山中稻浪起伏，漫随天外云卷云舒的闲适感
305703592193,116900638101780,以前我觉得反向旅游是个幌子，现在看，是我固执了,https://www.bilibili.com/video/av116900638101780,开***行,亏***始,,未知,2026-07-11 18:37,2026,15,9,7.46,客观探讨/咨询互动,0.0,综合旅游体验与漫游杂谈,全省概览/多景点串联游记,综合旅游体验与漫游杂谈,全省概览/多景点串联游记,贵州全域/综合,贵州全域/综合,旅长，7-8月反向呢，暑期哪哪都是人[笑哭]
309270249120,116900638101780,以前我觉得反向旅游是个幌子，现在看，是我固执了,https://www.bilibili.com/video/av116900638101780,开***行,神***神,,未知,2026-07-14 13:52,2026,14,0,5.06,客观探讨/咨询互动,0.0,自然风光与气候避暑,瀑布水景视觉震撼,自然风光与气候避暑,瀑布水景视觉震撼,梵净山,梵净山,梵净山那天我冲到了第一个，美滋滋独享
305710168833,116900638101780,以前我觉得反向旅游是个幌子，现在看，是我固执了,https://www.bilibili.com/video/av116900638101780,开***行,账***3,,未知,2026-07-11 19:27,2026,18,2,6.52,客观探讨/咨询互动,0.0,交通自驾与行程路况,山路弯道与自驾难度,交通自驾与行程路况,山路弯道与自驾难度,贵州全域/综合,贵州全域/综合,开心元元旅行又更新了[星星眼]
308978144816,116900638101780,以前我觉得反向旅游是个幌子，现在看，是我固执了,https://www.bilibili.com/video/av116900638101780,开***行,k***a,,未知,2026-07-12 11:25,2026,11,0,4.73,客观探讨/咨询互动,0.0,交通自驾与行程路况,山路弯道与自驾难度,交通自驾与行程路况,山路弯道与自驾难度,贵州全域/综合,贵州全域/综合,才发现是开元‘心旅行’，一直以为是开心‘元旅行’
305786682289,116900638101780,以前我觉得反向旅游是个幌子，现在看，是我固执了,https://www.bilibili.com/video/av116900638101780,开***行,a***y,,未知,2026-07-12 11:56,2026,11,1,5.42,客观探讨/咨询互动,0.0,自然风光与气候避暑,瀑布水景视觉震撼,自然风光与气候避暑,瀑布水景视觉震撼,贵州全域/综合,贵州全域/综合,卓尔山，手机直出，那天运气不错雨过天晴，就是晒人
305724986529,116900638101780,以前我觉得反向旅游是个幌子，现在看，是我固执了,https://www.bilibili.com/video/av116900638101780,开***行,-***-,,未知,2026-07-11 21:29,2026,11,3,6.11,客观探讨/咨询互动,0.0,自然风光与气候避暑,瀑布水景视觉震撼,自然风光与气候避暑,瀑布水景视觉震撼,贵州全域/综合,贵州全域/综合,其实还真有人少景美的地方，但都在传统徒步线上，到达需要时间成本和一定的身体素质，我举几个我去过的例子：珠峰东坡+马卡鲁北坡环线，格聂C，喀纳斯西线(白哈巴—双湖—喀纳斯)，年宝玉则仙女湖—妖女湖段，四姑娘山的坪毕穿，都是人少景美，而且都有马帮/牦牛帮
305714157377,116900638101780,以前我觉得反向旅游是个幌子，现在看，是我固执了,https://www.bilibili.com/video/av116900638101780,开***行,1***5,,未知,2026-07-11 20:01,2026,13,3,6.34,客观探讨/咨询互动,0.0,综合旅游体验与漫游杂谈,全省概览/多景点串联游记,综合旅游体验与漫游杂谈,全省概览/多景点串联游记,贵州全域/综合,贵州全域/综合,我三月份去的甘肃[呲牙]
310039578624,116900638101780,以前我觉得反向旅游是个幌子，现在看，是我固执了,https://www.bilibili.com/video/av116900638101780,开***行,素***正,,未知,2026-07-20 06:25,2026,10,1,5.29,客观探讨/咨询互动,0.0,自然风光与气候避暑,瀑布水景视觉震撼,自然风光与气候避暑,瀑布水景视觉震撼,贵州全域/综合,贵州全域/综合,"6月中去的甘南  结果玩完了一看订不上端午的票了索性把青甘环线也转了
 都说把甘肃玩遍了就等于看过了中国  现在感觉除了瀑布没见到确实所言非虚  景区毒点也就是大部分都要买景区交通  其他的还真没什么太花钱的  就是高原地区的阳光真有点凶  防晒霜没抹到位第二天就爆皮
(最后是偶遇up的车队必须打个卡)"
305699696833,116900638101780,以前我觉得反向旅游是个幌子，现在看，是我固执了,https://www.bilibili.com/video/av116900638101780,开***行,咕***噜,,未知,2026-07-11 18:04,2026,10,1,5.29,避坑预警/痛点吐槽,-1.0,交通自驾与行程路况,山路弯道与自驾难度,交通自驾与行程路况,山路弯道与自驾难度,贵州全域/综合,贵州全域/综合,我妈刚去了七彩丹霞，吐槽的一点（非贬义）就是景区太大了，要赶在景区公交车下班前就要离开（好像是五点还是几点来着）要早点去[笑哭]
265490577905,114736846935640,蓝战非在贵州最讨厌的一个景区，贵州旅游需要注意这个地方,https://www.bilibili.com/video/av114736846935640,蓝***行,D***h,,未知,2025-06-24 16:35,2025,1976,61,16.51,客观探讨/咨询互动,0.0,综合旅游体验与漫游杂谈,全省概览/多景点串联游记,综合旅游体验与漫游杂谈,全省概览/多景点串联游记,贵州全域/综合,贵州全域/综合,没事本地人也讨厌，商业化太严重了
265577861473,114736846935640,蓝战非在贵州最讨厌的一个景区，贵州旅游需要注意这个地方,https://www.bilibili.com/video/av114736846935640,蓝***行,阿***曼,,未知,2025-06-25 14:59,2025,330,34,13.26,客观探讨/咨询互动,0.0,餐饮美食与特色体验,老字号口碑 vs 网红营销店,餐饮美食与特色体验,老字号口碑 vs 网红营销店,贵州全域/综合,贵州全域/综合,景点？哪有本地人去景点的，随便找个山头一爬就是美景[doge]
266598122160,114736846935640,蓝战非在贵州最讨厌的一个景区，贵州旅游需要注意这个地方,https://www.bilibili.com/video/av114736846935640,蓝***行,攔***花,,未知,2025-06-24 22:54,2025,251,33,12.82,客观探讨/咨询互动,0.0,安全防范与避坑预警,水上漂流与徒步涉水安全,安全防范与避坑预警,水上漂流与徒步涉水安全,黄果树瀑布 | 荔波小七孔 | 西江千户苗寨,黄果树瀑布,贵州的景区都贵得一批，黄果树，千户苗寨，小七孔，十二背后均价都200以上，还不如去罗甸大小井玩水呢[笑哭]
266656193136,114736846935640,蓝战非在贵州最讨厌的一个景区，贵州旅游需要注意这个地方,https://www.bilibili.com/video/av114736846935640,蓝***行,A***a,,未知,2025-06-25 16:03,2025,146,4,10.1,实战攻略/避坑技巧,0.2,自然风光与气候避暑 | 交通自驾与行程路况,夏季清凉避暑体验 | 山路弯道与自驾难度,自然风光与气候避暑,夏季清凉避暑体验,贵州全域/综合,贵州全域/综合,贵州最好的其实就是气候，凉爽的，凉爽的，适合一家人自驾游，哪里人少去哪里，越是宣传越不去
265540875697,114736846935640,蓝战非在贵州最讨厌的一个景区，贵州旅游需要注意这个地方,https://www.bilibili.com/video/av114736846935640,蓝***行,V***车,,未知,2025-06-25 02:57,2025,139,3,9.8,强力种草/惊艳好评,1.0,景区运营与排队管理,核心项目超长排队与拥堵,景区运营与排队管理,核心项目超长排队与拥堵,西江千户苗寨,西江千户苗寨,这样说吧，在贵州，一个有山有水的市内公园基本都是4A级景区（免费），就是在这样一个旅游省份，千户苗寨能从5a降到4a，基本已经被官方认定为弃子了！
265639899745,114736846935640,蓝战非在贵州最讨厌的一个景区，贵州旅游需要注意这个地方,https://www.bilibili.com/video/av114736846935640,蓝***行,熊***术,,未知,2025-06-26 07:41,2025,118,5,9.96,客观探讨/咨询互动,0.0,餐饮美食与特色体验,特色小吃与夜市文化,餐饮美食与特色体验,特色小吃与夜市文化,西江千户苗寨,西江千户苗寨,"千户苗寨很尴尬，民俗不够，商业化也不够，要么就纯民俗文化体验拉满，贵点没关系。
要么你就商业化彻底，像丽江那种，古城只是背景，进去就是场景式吃喝玩，至少你玩爽了"
265487123553,114736846935640,蓝战非在贵州最讨厌的一个景区，贵州旅游需要注意这个地方,https://www.bilibili.com/video/av114736846935640,蓝***行,太***本,,未知,2025-06-24 15:45,2025,103,14,10.67,避坑预警/痛点吐槽,-1.0,综合旅游体验与漫游杂谈,全省概览/多景点串联游记,综合旅游体验与漫游杂谈,全省概览/多景点串联游记,贵州全域/综合,贵州全域/综合,千户，不去后悔一辈子，去了一辈子后悔
265552562417,114736846935640,蓝战非在贵州最讨厌的一个景区，贵州旅游需要注意这个地方,https://www.bilibili.com/video/av114736846935640,蓝***行,还***梦,,未知,2025-06-25 09:31,2025,83,22,10.78,客观探讨/咨询互动,0.0,交通自驾与行程路况,山路弯道与自驾难度,交通自驾与行程路况,山路弯道与自驾难度,荔波小七孔 | 西江千户苗寨 | 万峰林/马岭河,荔波小七孔,前段时间刚去贵州，特意避开了千户苗寨，兄弟们我做的对吗[doge]！去了小七孔，马岭河这些，但让我感觉最顶的还是万峰林，全中国70%的省份我都去过，万峰林还是带给了我独特的体验甚至感动
265495889505,114736846935640,蓝战非在贵州最讨厌的一个景区，贵州旅游需要注意这个地方,https://www.bilibili.com/video/av114736846935640,蓝***行,国***铠,,未知,2025-06-24 17:41,2025,79,9,9.88,客观探讨/咨询互动,0.0,综合旅游体验与漫游杂谈,全省概览/多景点串联游记,综合旅游体验与漫游杂谈,全省概览/多景点串联游记,贵州全域/综合,贵州全域/综合,不明白古镇有什么好去的，全国还能找到没有商业化的古镇吗？除了假银镯子就是花茶[笑哭]
266725278160,114736846935640,蓝战非在贵州最讨厌的一个景区，贵州旅游需要注意这个地方,https://www.bilibili.com/video/av114736846935640,蓝***行,竹***同,,未知,2025-06-26 10:29,2025,58,0,7.12,强力种草/惊艳好评,1.0,消费预算与综合性价比,高性价比与平民消费好评,消费预算与综合性价比,高性价比与平民消费好评,贵州全域/综合,贵州全域/综合,"他说的没错，商业化太严重了，里面卖东西的也是能骗一个就骗一个。
路过有卖肉串的太婆，我们问价格，然后往前面继续往里走，再问相同的肉串，结果便宜几块。
我们提前订了酒店，500一晚，让我们退了我们没同意。
然后，我们一看价格，原来已经涨到1000多了。"
266560292336,114736846935640,蓝战非在贵州最讨厌的一个景区，贵州旅游需要注意这个地方,https://www.bilibili.com/video/av114736846935640,蓝***行,沐***风,,未知,2025-06-24 16:09,2025,64,11,9.75,强力种草/惊艳好评,1.0,安全防范与避坑预警,黔灵山猕猴抓咬与抢食抢包,安全防范与避坑预警,黔灵山猕猴抓咬与抢食抢包,西江千户苗寨 | 贵阳市区/黔灵山,西江千户苗寨,端午去贵州耍，刚好把千户苗寨放弃了，最好玩的还是贵阳黔灵山看马楼，这些猴子都不怕人了，而且也没遇到那种凶的，我两手空空去，马楼见了都摇头[吃瓜]
266696929168,114736846935640,蓝战非在贵州最讨厌的一个景区，贵州旅游需要注意这个地方,https://www.bilibili.com/video/av114736846935640,蓝***行,死***宅,,未知,2025-06-25 23:27,2025,39,57,10.59,避坑预警/痛点吐槽,-1.0,自然风光与气候避暑,瀑布水景视觉震撼,自然风光与气候避暑,瀑布水景视觉震撼,黄果树瀑布 | 荔波小七孔 | 西江千户苗寨 | 梵净山 | 贵阳市区/黔灵山,黄果树瀑布,贵州，搜过想去的景点有黔灵山公园，甲秀楼，青岩古镇，花溪十里河滩，小七孔，黄果树，梵净山，千户苗寨，最后就是小七孔青岩古镇和千户苗寨没去，算是避坑了还是错过了[笑哭]
265594995185,114736846935640,蓝战非在贵州最讨厌的一个景区，贵州旅游需要注意这个地方,https://www.bilibili.com/video/av114736846935640,蓝***行,缃***儿,,未知,2025-06-25 18:40,2025,32,0,6.24,客观探讨/咨询互动,0.0,综合旅游体验与漫游杂谈,全省概览/多景点串联游记,综合旅游体验与漫游杂谈,全省概览/多景点串联游记,贵州全域/综合,贵州全域/综合,看标题就知道是哪里了，作为本地人都不想去的地方
266643935440,114736846935640,蓝战非在贵州最讨厌的一个景区，贵州旅游需要注意这个地方,https://www.bilibili.com/video/av114736846935640,蓝***行,就***点,,未知,2025-06-25 13:12,2025,29,4,7.71,实战攻略/避坑技巧,0.2,消费预算与综合性价比,高性价比与平民消费好评,消费预算与综合性价比,高性价比与平民消费好评,西江千户苗寨 | 贵阳市区/黔灵山,西江千户苗寨,本贵阳本地人，真心建议不要去千户苗寨。个人觉得那里需要来一次大改革。不然去就纯纯杀猪盘
265483819633,114736846935640,蓝战非在贵州最讨厌的一个景区，贵州旅游需要注意这个地方,https://www.bilibili.com/video/av114736846935640,蓝***行,l***渐,,未知,2025-06-24 14:58,2025,37,16,9.29,客观探讨/咨询互动,0.0,景区运营与排队管理,门票优惠政策与便民好评,景区运营与排队管理,门票优惠政策与便民好评,贵州全域/综合,贵州全域/综合,只要别旺季出行，去哪都好。旺季哪里景区都是漫天要价。贵州旅游对广东人挺好啊，都免门票。
266578489552,114736846935640,蓝战非在贵州最讨厌的一个景区，贵州旅游需要注意这个地方,https://www.bilibili.com/video/av114736846935640,蓝***行,南***墩,,未知,2025-06-24 19:30,2025,16,0,5.25,客观探讨/咨询互动,0.0,景区运营与排队管理,核心项目超长排队与拥堵,景区运营与排队管理,核心项目超长排队与拥堵,贵州全域/综合,贵州全域/综合,门票又贵，体验又差，不会再去了
265545014577,114736846935640,蓝战非在贵州最讨厌的一个景区，贵州旅游需要注意这个地方,https://www.bilibili.com/video/av114736846935640,蓝***行,滨***记,,未知,2025-06-25 06:42,2025,13,0,4.96,强力种草/惊艳好评,2.0,自然风光与气候避暑 | 交通自驾与行程路况 | 景区运营与排队管理 | 消费预算与综合性价比,夏季清凉避暑体验 | 山路弯道与自驾难度 | 大门外移与强制观光车 | 景中景与二次收费/套票陷阱 | 高性价比与平民消费好评,自然风光与气候避暑,夏季清凉避暑体验,阿西里西韭菜坪/百里杜鹃 | 六盘水凉都/乌蒙大草原,阿西里西韭菜坪/百里杜鹃,贵州最喜欢的景区是乌蒙大草原，自驾进去，很广阔很凉爽，随便玩可以露营，票价还便宜。但凡需要摆渡车不能自驾的都不想去。
266488791921,114793067316692,贵州好是好，就是人从众,https://www.bilibili.com/video/av114793067316692,醒***醒,九***猫,,未知,2025-07-04 16:15,2025,306,132,14.48,客观探讨/咨询互动,0.0,自然风光与气候避暑,夏季清凉避暑体验,自然风光与气候避暑,夏季清凉避暑体验,贵州全域/综合,贵州全域/综合,好想去避暑啊，我快热死了
267853559520,114793067316692,贵州好是好，就是人从众,https://www.bilibili.com/video/av114793067316692,醒***醒,墨***城,,未知,2025-07-07 01:24,2025,192,35,12.48,客观探讨/咨询互动,0.0,自然风光与气候避暑,瀑布水景视觉震撼,自然风光与气候避暑,瀑布水景视觉震撼,贵阳市区/黔灵山,贵阳市区/黔灵山,说来惭愧，做为一个贵州人，以上只去过黔灵山公园[笑哭]
266639248097,114793067316692,贵州好是好，就是人从众,https://www.bilibili.com/video/av114793067316692,醒***醒,账***销,,未知,2025-07-06 00:24,2025,82,1,8.32,客观探讨/咨询互动,0.0,自然风光与气候避暑,瀑布水景视觉震撼,自然风光与气候避暑,瀑布水景视觉震撼,贵州全域/综合,贵州全域/综合,跳舞那哥天天都在，还有个顶水的，跟npc似的
266591047025,114793067316692,贵州好是好，就是人从众,https://www.bilibili.com/video/av114793067316692,醒***醒,全***i,,未知,2025-07-05 15:51,2025,80,93,12.13,客观探讨/咨询互动,0.0,景区运营与排队管理,核心项目超长排队与拥堵,景区运营与排队管理,核心项目超长排队与拥堵,梵净山 | 贵阳市区/黔灵山,梵净山,现在贵州人多吗，明天就去了，铜仁，贵阳，安顺人多不[星星眼]
266664743265,114793067316692,贵州好是好，就是人从众,https://www.bilibili.com/video/av114793067316692,醒***醒,被***任,,未知,2025-07-06 10:26,2025,73,17,10.35,客观探讨/咨询互动,0.0,消费预算与综合性价比,高性价比与平民消费好评,消费预算与综合性价比,高性价比与平民消费好评,贵州全域/综合,贵州全域/综合,一到贵州通通罚款五十[doge]
266897703825,114793067316692,贵州好是好，就是人从众,https://www.bilibili.com/video/av114793067316692,醒***醒,重***狗,,未知,2025-07-08 14:52,2025,34,0,6.33,客观探讨/咨询互动,0.0,安全防范与避坑预警,黔灵山猕猴抓咬与抢食抢包,安全防范与避坑预警,黔灵山猕猴抓咬与抢食抢包,贵阳市区/黔灵山,贵阳市区/黔灵山,黔灵山猴子真的会抢东西的！！！会伤人的！！！会受伤的！！！离猴子远点！！手上不要提袋子不要拿饮料！！！
266885596993,114793067316692,贵州好是好，就是人从众,https://www.bilibili.com/video/av114793067316692,醒***醒,国***旅,,未知,2025-07-08 12:42,2025,25,3,7.27,强力种草/惊艳好评,1.0,综合旅游体验与漫游杂谈,全省概览/多景点串联游记,综合旅游体验与漫游杂谈,全省概览/多景点串联游记,贵州全域/综合,贵州全域/综合,其实不下雨，还挺好看的[笑哭]
267922580864,114793067316692,贵州好是好，就是人从众,https://www.bilibili.com/video/av114793067316692,醒***醒,有***范,,未知,2025-07-07 19:02,2025,22,3,7.09,强力种草/惊艳好评,1.0,餐饮美食与特色体验,特色小吃与夜市文化,餐饮美食与特色体验,特色小吃与夜市文化,荔波小七孔 | 贵阳市区/黔灵山,荔波小七孔,刚从贵州回来，唯一遗憾小七孔被淹了没开，好不容易等到开了打电话问景区说水还是不干净。贵阳好吃好凉快，下次还来
267944679761,114793067316692,贵州好是好，就是人从众,https://www.bilibili.com/video/av114793067316692,醒***醒,b***y,,未知,2025-07-18 01:14,2025,19,44,9.3,强力种草/惊艳好评,1.0,餐饮美食与特色体验,特色小吃与夜市文化,餐饮美食与特色体验,特色小吃与夜市文化,黄果树瀑布 | 贵阳市区/黔灵山 | 六盘水凉都/乌蒙大草原,黄果树瀑布,贵州吃的完全不如预期，贵阳的牛肉是柴的，好吃的雪花牛肉没几家店供应，或者说来旅游的根本找不到。吃的东西不是烧烤就是粉，粉不是羊肉粉就是牛肉粉，除了粉就是烙锅，烙锅就是烤肉。所以总结下来，烧烤和粉，你选吧。目前去了贵阳，安顺，六盘水，发这条评论的时候正在凯里。凯里吃的比其他地方好多了，种类丰富多了。贵阳安顺对我来说太噩梦了，我是指吃这方面，只有在关岭的时候，吃到了比较嫩的，品质不错的牛肉。给诸位一个参考。
266711248465,114793067316692,贵州好是好，就是人从众,https://www.bilibili.com/video/av114793067316692,醒***醒,等***人,,未知,2025-07-06 18:55,2025,19,3,6.88,客观探讨/咨询互动,0.0,自然风光与气候避暑 | 交通自驾与行程路况,夏季清凉避暑体验 | 高铁大巴换乘与班次衔接,自然风光与气候避暑,夏季清凉避暑体验,万峰林/马岭河 | 阿西里西韭菜坪/百里杜鹃 | 六盘水凉都/乌蒙大草原,万峰林/马岭河,来贵州避暑得到六盘水和黔西南，尤其黔西南，真的小众，人少景多物价低关键玩起来不累，缺点没有高铁直达飞机班次少（黔西南州府兴义市）
268068442912,114793067316692,贵州好是好，就是人从众,https://www.bilibili.com/video/av114793067316692,醒***醒,吟***月,,未知,2025-07-09 01:23,2025,17,3,6.72,避坑预警/痛点吐槽,-1.0,自然风光与气候避暑,夏季清凉避暑体验,自然风光与气候避暑,夏季清凉避暑体验,梵净山 | 六盘水凉都/乌蒙大草原,梵净山,孩子们，欢迎来六盘水避暑，对了，别去铜仁，热[局长的教育手册静态表情包_哭哭][局长的教育手册静态表情包_哭哭][局长的教育手册静态表情包_哭哭][局长的教育手册静态表情包_哭哭]
267703745232,114793067316692,贵州好是好，就是人从众,https://www.bilibili.com/video/av114793067316692,醒***醒,平***鼠,,未知,2025-07-05 18:02,2025,17,5,7.13,强力种草/惊艳好评,1.0,交通自驾与行程路况,山路弯道与自驾难度,交通自驾与行程路况,山路弯道与自驾难度,黄果树瀑布 | 镇远古城/舞阳河,黄果树瀑布,在贵州其实景点都不怎么样，那些没被开发的才真正好看，比如说关岭冰臼，大圣之眼，镇远古镇
268950565616,114793067316692,贵州好是好，就是人从众,https://www.bilibili.com/video/av114793067316692,醒***醒,纵***旎,,未知,2025-07-16 18:52,2025,17,21,8.43,客观探讨/咨询互动,0.0,消费预算与综合性价比,高性价比与平民消费好评,消费预算与综合性价比,高性价比与平民消费好评,贵州全域/综合,贵州全域/综合,贵州吗，你的贵州我的贵州好像不一样
266752343553,114793067316692,贵州好是好，就是人从众,https://www.bilibili.com/video/av114793067316692,醒***醒,不***吗,,未知,2025-07-07 03:04,2025,16,1,5.94,强力种草/惊艳好评,1.0,自然风光与气候避暑,喀斯特溶洞地质奇观,自然风光与气候避暑,喀斯特溶洞地质奇观,黄果树瀑布 | 贵阳市区/黔灵山 | 织金洞,黄果树瀑布,黔灵公园良心，吸引人来消费别的没的说。其他的，也就黄果树确实没得说，其他的回老家路上啥见不到。只能说那些地方要么不适合开发，要么就是开发成本太高，都挺常见的。不说老家，我在贵阳隔壁的山有个溶洞，小时候还一群小孩进去玩，还好做标记记路，不然真可能出不来，只能说到处都是青山绿水，南明河附近靠山的支流缓一点的那里水不绿，以前经常跟着老爹去钓鱼，导致现在毫无感觉。外地人看了青山绿水，本地人表示穷山恶水。
268034938080,114793067316692,贵州好是好，就是人从众,https://www.bilibili.com/video/av114793067316692,醒***醒,晚***E,,未知,2025-07-08 19:33,2025,12,3,6.23,避坑预警/痛点吐槽,-1.0,自然风光与气候避暑,瀑布水景视觉震撼,自然风光与气候避暑,瀑布水景视觉震撼,梵净山,梵净山,避坑铜仁[热][热]
267780312496,114793067316692,贵州好是好，就是人从众,https://www.bilibili.com/video/av114793067316692,醒***醒,S***神,,未知,2025-07-06 12:37,2025,16,2,6.35,客观探讨/咨询互动,0.0,餐饮美食与特色体验,特色小吃与夜市文化,餐饮美食与特色体验,特色小吃与夜市文化,贵州全域/综合,贵州全域/综合,好好好 广西的来贵州，我贵州的前几天去了桂林[吃瓜]我觉得热死了待不住一点[笑哭]但是景色还是很美的
266709452625,114793067316692,贵州好是好，就是人从众,https://www.bilibili.com/video/av114793067316692,醒***醒,N***6,,未知,2025-07-06 18:37,2025,11,4,6.34,客观探讨/咨询互动,0.0,综合旅游体验与漫游杂谈,全省概览/多景点串联游记,综合旅游体验与漫游杂谈,全省概览/多景点串联游记,黄果树瀑布,黄果树瀑布,我一个安顺人没去过黄果树哈哈哈
251394578944,113724610319537,刚从贵州回来，整个人都很崩溃，想来贵州的朋友听劝。#贵州旅游 #贵州 #旅游攻略,https://www.bilibili.com/video/av113724610319537,旅***婷,生***羊,,未知,2025-01-03 15:56,2025,129,33,11.83,客观探讨/咨询互动,0.0,餐饮美食与特色体验,特色小吃与夜市文化,餐饮美食与特色体验,特色小吃与夜市文化,贵阳市区/黔灵山,贵阳市区/黔灵山,听到去青云市集吃美食，两眼一黑[灵魂出窍]
250850471729,113724610319537,刚从贵州回来，整个人都很崩溃，想来贵州的朋友听劝。#贵州旅游 #贵州 #旅游攻略,https://www.bilibili.com/video/av113724610319537,旅***婷,刀***冻,,未知,2025-01-03 10:59,2025,57,22,10.23,实战攻略/避坑技巧,0.2,餐饮美食与特色体验,特色小吃与夜市文化,餐饮美食与特色体验,特色小吃与夜市文化,遵义红色胜地/赤水,遵义红色胜地/赤水,建议来遵义找我喝酒，早上喝中午喝晚上喝，宵夜还喝[doge]
250859848721,113724610319537,刚从贵州回来，整个人都很崩溃，想来贵州的朋友听劝。#贵州旅游 #贵州 #旅游攻略,https://www.bilibili.com/video/av113724610319537,旅***婷,帝***曲,,未知,2025-01-03 13:07,2025,42,21,9.73,避坑预警/痛点吐槽,-1.0,自然风光与气候避暑,高山峡谷与世界级桥梁,自然风光与气候避暑,高山峡谷与世界级桥梁,西江千户苗寨 | 梵净山 | 贵阳市区/黔灵山 | 织金洞 | 遵义红色胜地/赤水,西江千户苗寨,怎么说呢千户苗寨就别去了吧！织金洞感受一下？天河潭距离贵阳很近而且景区比较小随便抽一天就能玩，去梵净山的时候顺便把万山的矿山公园玩了吧！还有大峡谷，还有去同仁的时候要路过茅台镇的可以去感受一下！跟团又累又玩不好。
251748887777,113724610319537,刚从贵州回来，整个人都很崩溃，想来贵州的朋友听劝。#贵州旅游 #贵州 #旅游攻略,https://www.bilibili.com/video/av113724610319537,旅***婷,伪***长,,未知,2025-01-14 00:36,2025,28,31,9.52,客观探讨/咨询互动,0.0,餐饮美食与特色体验,特色小吃与夜市文化,餐饮美食与特色体验,特色小吃与夜市文化,贵州全域/综合,贵州全域/综合,可以来我家店吃串串[doge]
251451936352,113724610319537,刚从贵州回来，整个人都很崩溃，想来贵州的朋友听劝。#贵州旅游 #贵州 #旅游攻略,https://www.bilibili.com/video/av113724610319537,旅***婷,十***伤,,未知,2025-01-04 09:06,2025,23,6,7.71,客观探讨/咨询互动,0.0,餐饮美食与特色体验,特色小吃与夜市文化,餐饮美食与特色体验,特色小吃与夜市文化,贵阳市区/黔灵山,贵阳市区/黔灵山,"青云市集。我的评价是不如去飞山街吃炸洋芋和糯米饭[doge]。
贵阳没啥可玩的"
251708827201,113724610319537,刚从贵州回来，整个人都很崩溃，想来贵州的朋友听劝。#贵州旅游 #贵州 #旅游攻略,https://www.bilibili.com/video/av113724610319537,旅***婷,潜***e,,未知,2025-01-13 16:35,2025,22,5,7.5,避坑预警/痛点吐槽,-1.0,餐饮美食与特色体验,特色小吃与夜市文化,餐饮美食与特色体验,特色小吃与夜市文化,贵州全域/综合,贵州全域/综合,别来，冷得都不想吃饭，也没啥好玩的，不如在家打游戏
251657436112,113724610319537,刚从贵州回来，整个人都很崩溃，想来贵州的朋友听劝。#贵州旅游 #贵州 #旅游攻略,https://www.bilibili.com/video/av113724610319537,旅***婷,今***丶,,未知,2025-01-06 15:57,2025,15,4,6.77,客观探讨/咨询互动,0.0,交通自驾与行程路况,山路弯道与自驾难度,交通自驾与行程路况,山路弯道与自驾难度,贵州全域/综合,贵州全域/综合,五天快把贵州走完了人均三位数还不累？哥们你是不是有小叮当能给你开任意门啊？
251441702624,113724610319537,刚从贵州回来，整个人都很崩溃，想来贵州的朋友听劝。#贵州旅游 #贵州 #旅游攻略,https://www.bilibili.com/video/av113724610319537,旅***婷,养***墨,,未知,2025-01-04 01:56,2025,14,1,5.76,实战攻略/避坑技巧,0.2,自然风光与气候避暑,瀑布水景视觉震撼,自然风光与气候避暑,瀑布水景视觉震撼,贵阳市区/黔灵山,贵阳市区/黔灵山,来贵州，我建议从龙洞堡机场，或者是贵阳北站去隔壁云南玩[笑哭]
251998954304,113724610319537,刚从贵州回来，整个人都很崩溃，想来贵州的朋友听劝。#贵州旅游 #贵州 #旅游攻略,https://www.bilibili.com/video/av113724610319537,旅***婷,F***木,,未知,2025-01-10 16:07,2025,13,2,6.06,避坑预警/痛点吐槽,-1.0,自然风光与气候避暑,瀑布水景视觉震撼,自然风光与气候避暑,瀑布水景视觉震撼,贵州全域/综合,贵州全域/综合,贵州冬天别来，真的[藏狐]
251757605584,113724610319537,刚从贵州回来，整个人都很崩溃，想来贵州的朋友听劝。#贵州旅游 #贵州 #旅游攻略,https://www.bilibili.com/video/av113724610319537,旅***婷,天***战,,未知,2025-01-07 19:06,2025,11,0,4.73,强力种草/惊艳好评,1.0,消费预算与综合性价比,高性价比与平民消费好评,消费预算与综合性价比,高性价比与平民消费好评,贵州全域/综合,贵州全域/综合,"现在推荐来贵州 你也是个神人
来看什么 大石头吗"
261603505921,114483863297990,避雷贵州？,https://www.bilibili.com/video/av114483863297990,東***n,g***p,,未知,2025-05-11 15:53,2025,843,13,13.75,客观探讨/咨询互动,0.0,综合旅游体验与漫游杂谈,全省概览/多景点串联游记,综合旅游体验与漫游杂谈,全省概览/多景点串联游记,贵阳市区/黔灵山,贵阳市区/黔灵山,甲秀楼也是好起来了，能拿出来和岳阳楼黄鹤楼比较[笑哭]
261562240641,114483863297990,避雷贵州？,https://www.bilibili.com/video/av114483863297990,東***n,萌***黑,,未知,2025-05-11 01:06,2025,717,53,14.85,避坑预警/痛点吐槽,-1.0,餐饮美食与特色体验,特色小吃与夜市文化,餐饮美食与特色体验,特色小吃与夜市文化,贵阳市区/黔灵山,贵阳市区/黔灵山,"刚刚去玩贵阳的说两句
甲秀楼不能说失望,在意料中，停车实在是不方便
路过能走去看看
贵州的真的好吃的太多了[笑哭][笑哭]光是脆哨我买了半个行李箱"
261581482737,114483863297990,避雷贵州？,https://www.bilibili.com/video/av114483863297990,東***n,静***你,,未知,2025-05-11 10:51,2025,508,11,12.83,客观探讨/咨询互动,0.0,餐饮美食与特色体验,特色小吃与夜市文化,餐饮美食与特色体验,特色小吃与夜市文化,贵阳市区/黔灵山,贵阳市区/黔灵山,甲秀楼本身也不是贵阳的旅游核心啊，来贵阳旅游难道不是为了美食吗？
262651793680,114483863297990,避雷贵州？,https://www.bilibili.com/video/av114483863297990,東***n,菠***冻,,未知,2025-05-12 19:23,2025,374,10,12.29,避坑预警/痛点吐槽,-1.0,餐饮美食与特色体验 | 交通自驾与行程路况 | 住宿价格与酒店民宿 | 消费预算与综合性价比,酸汤系列与特色火锅 | 特色小吃与夜市文化 | 包车打车与出租车避坑 | 旺季节假日价格暴涨 | 免费/平替景点精选推荐,餐饮美食与特色体验,酸汤系列与特色火锅,黄果树瀑布 | 荔波小七孔 | 贵阳市区/黔灵山,黄果树瀑布,评论区会觉得贵州人报团，恰恰证明了大部分人压根不了解贵州，因为这里面的每一条都对本地人来说很离谱。首先因为觉得黄果树小七孔什么的大景区人太多，然后自己没规划好亏了包车几百，跑去了一个镇山村，这玩意我来贵阳5年了都没听说过，然后吐槽没玩的。。。吃的冰浆他自己在后面视频里说他吃了三次前面两次很好吃，第三次有点淡，然后就避而不谈之前直接吐槽整个品类不如炒冰。。还有就是冰粉，你猜猜为啥叫冰粉不叫冰沙粉。还有贵厨酸汤牛肉吃三百多，但是看他发票上明显是288，并且点的都是很贵的东西，我们平常两个人套餐也才79块钱吃到饱。说酒店贵要1k2，结果仔细看小票上写的“总统套房”。说游船事故不惊讶，那时候正好是最难过事故刚出来的时候，这样说真的比较冷血，好像10条人命只是为了成为他视频荒谬论据的佐证。跟别说甲秀楼了，一个不要门票的古建筑拉去和名楼比，就像把我家面前有点姿色的小水塘和九寨沟比。[怪我咯][怪我咯][怪我咯]
262516179440,114483863297990,避雷贵州？,https://www.bilibili.com/video/av114483863297990,東***n,云***水,,未知,2025-05-11 00:51,2025,291,19,12.51,客观探讨/咨询互动,0.0,综合旅游体验与漫游杂谈,全省概览/多景点串联游记,综合旅游体验与漫游杂谈,全省概览/多景点串联游记,贵州全域/综合,贵州全域/综合,李家ma
262530663104,114483863297990,避雷贵州？,https://www.bilibili.com/video/av114483863297990,東***n,W***觉,,未知,2025-05-11 09:12,2025,172,6,10.68,客观探讨/咨询互动,0.0,综合旅游体验与漫游杂谈,全省概览/多景点串联游记,综合旅游体验与漫游杂谈,全省概览/多景点串联游记,贵州全域/综合,贵州全域/综合,笑死😂虽然本地人也觉得没意思，但……也不至于拿这个比吧。这俩我都去过，而且都是最近去的，总结就是都很无聊……
262538048368,114483863297990,避雷贵州？,https://www.bilibili.com/video/av114483863297990,東***n,茉***士,,未知,2025-05-11 11:05,2025,161,5,10.42,客观探讨/咨询互动,0.0,餐饮美食与特色体验,特色小吃与夜市文化,餐饮美食与特色体验,特色小吃与夜市文化,贵州全域/综合,贵州全域/综合,鉴定为吃涨憨哦
261744421377,114483863297990,避雷贵州？,https://www.bilibili.com/video/av114483863297990,東***n,你***了,,未知,2025-05-13 14:00,2025,156,9,10.89,客观探讨/咨询互动,0.0,自然风光与气候避暑,瀑布水景视觉震撼,自然风光与气候避暑,瀑布水景视觉震撼,贵阳市区/黔灵山,贵阳市区/黔灵山,我感觉不是节奏这么大，后面这people孃可能要拿黔灵山和泰山比了[笑哭]
261630613041,114483863297990,避雷贵州？,https://www.bilibili.com/video/av114483863297990,東***n,史*,,未知,2025-05-11 21:52,2025,148,16,11.34,客观探讨/咨询互动,0.0,消费预算与综合性价比,高性价比与平民消费好评,消费预算与综合性价比,高性价比与平民消费好评,贵阳市区/黔灵山,贵阳市区/黔灵山,"我是贵州导游，实际上我好想为甲秀楼正名一下，首先在知名度上确实不如岳阳楼滕王阁的。
但是甲秀楼对我们贵州的文教事业非常重要。
甲秀——科甲挺秀。
它的建造原因，不远处文昌阁的特殊性，甲秀楼里面的碑记，省博收藏的甲秀铁柱等等。
都会牵扯到黔中王学的起源发展，贵州的文教事业，土司的结束，外来文化的入侵等等。
一两句不好说清，只能说它就是一个象征，或者说它记录了贵州王阳明的事业，以及赵以炯，夏同龢，李端棻，姚华，鄂尔泰等人在贵州留下的伟大种种。"
261580998961,114483863297990,避雷贵州？,https://www.bilibili.com/video/av114483863297990,東***n,纯***S,,未知,2025-05-11 10:44,2025,133,2,9.45,避坑预警/痛点吐槽,-1.0,餐饮美食与特色体验,特色小吃与夜市文化,餐饮美食与特色体验,特色小吃与夜市文化,贵阳市区/黔灵山,贵阳市区/黔灵山,[笑哭]甲秀楼以玩乐角度来说，就，，颇有点大雁塔的感觉，就确实没啥玩的，，，但说贵州东西难吃我是不认的[doge]
261566568865,114483863297990,避雷贵州？,https://www.bilibili.com/video/av114483863297990,東***n,牛***天,,未知,2025-05-11 02:53,2025,129,1,8.99,避坑预警/痛点吐槽,-1.0,消费预算与综合性价比,高性价比与平民消费好评,消费预算与综合性价比,高性价比与平民消费好评,贵州全域/综合,贵州全域/综合,避雷姐：贵州贵州，我要迪士尼[doge]
262537074032,114483863297990,避雷贵州？,https://www.bilibili.com/video/av114483863297990,東***n,秋***5,,未知,2025-05-11 10:52,2025,82,8,9.83,强力种草/惊艳好评,1.0,餐饮美食与特色体验,折耳根与口味适应度,餐饮美食与特色体验,折耳根与口味适应度,贵州全域/综合,贵州全域/综合,家ma，我媳妇就是北方的。现在都能吃折耳根了，你说不好吃？
261560806481,114483863297990,避雷贵州？,https://www.bilibili.com/video/av114483863297990,東***n,k***嗑,,未知,2025-05-11 00:41,2025,74,12,10.04,强力种草/惊艳好评,2.0,餐饮美食与特色体验,特色小吃与夜市文化,餐饮美食与特色体验,特色小吃与夜市文化,贵州全域/综合,贵州全域/综合,太喜欢去贵州玩了，好吃的太多了
262629956352,114483863297990,避雷贵州？,https://www.bilibili.com/video/av114483863297990,東***n,旅***机,,未知,2025-05-12 13:24,2025,72,98,12.03,强力种草/惊艳好评,1.0,餐饮美食与特色体验,特色小吃与夜市文化,餐饮美食与特色体验,特色小吃与夜市文化,贵州全域/综合,贵州全域/综合,问一下到贵州来都可以吃些什么好吃的吗（小吃货一枚）[星星眼]
261583878577,114483863297990,避雷贵州？,https://www.bilibili.com/video/av114483863297990,東***n,红***莫,,未知,2025-05-11 11:24,2025,59,6,9.09,客观探讨/咨询互动,0.0,餐饮美食与特色体验,特色小吃与夜市文化,餐饮美食与特色体验,特色小吃与夜市文化,贵阳市区/黔灵山,贵阳市区/黔灵山,甲秀楼散步的好地方[吃瓜]
262545238544,114483863297990,避雷贵州？,https://www.bilibili.com/video/av114483863297990,東***n,大***兽,,未知,2025-05-11 12:34,2025,49,7,8.95,强力种草/惊艳好评,2.0,餐饮美食与特色体验,特色小吃与夜市文化,餐饮美食与特色体验,特色小吃与夜市文化,贵阳市区/黔灵山,贵阳市区/黔灵山,贵阳上了四年大学，玩过了贵州大部分地方，绝对好吃好玩，就是辣得pyz痛[吃瓜]
261704555025,114483863297990,避雷贵州？,https://www.bilibili.com/video/av114483863297990,東***n,万***意,,未知,2025-05-12 22:12,2025,45,6,8.69,客观探讨/咨询互动,0.0,交通自驾与行程路况 | 景区运营与排队管理 | 住宿价格与酒店民宿,高速通行费与桥隧比 | 门票优惠政策与便民好评 | 位置偏远与接驳不便,交通自驾与行程路况,高速通行费与桥隧比,贵州全域/综合,贵州全域/综合,凭什么她几句话就否定了我们贵州几代人的努力？贵州交通不便？现在贵州县县通高速，市市有机场！你说景区承接力不行！不如九寨沟，但是你想过没有，九寨沟曾经也发生过旅客滞留事件，贵州景区在全国，不说第一，也是前三，对外省游客经常有减免门票活动，甚至暑期高速费减免或者减半，贵州这几年发展已经很快了，
262633687712,114483863297990,避雷贵州？,https://www.bilibili.com/video/av114483863297990,東***n,芾*,,未知,2025-05-12 14:30,2025,35,18,9.32,强力种草/惊艳好评,1.0,餐饮美食与特色体验,特色小吃与夜市文化,餐饮美食与特色体验,特色小吃与夜市文化,贵阳市区/黔灵山,贵阳市区/黔灵山,我隔壁四川的，去了贵阳和黔东南一趟，不得不说确实好吃惨了，尤其是黔东南的坝坝席，烙锅和辣椒面，特别是辣椒面比我以往吃过的都香，我现在买辣椒面都直接搜贵州产的而不是家乡四川产地了，快两年了到现在都还念叨贵州的好吃的。[大哭][大哭]
261993172705,114483863297990,避雷贵州？,https://www.bilibili.com/video/av114483863297990,東***n,S***_,,未知,2025-05-16 19:50,2025,29,18,9.05,强力种草/惊艳好评,1.0,自然风光与气候避暑 | 餐饮美食与特色体验,瀑布水景视觉震撼 | 酸汤系列与特色火锅,自然风光与气候避暑,瀑布水景视觉震撼,贵州全域/综合,贵州全域/综合,谁去贵州是看风景的。 不都是为了吃好吃的[doge][doge]酸汤牛肉自助 35一个人   新鲜牛肉牛杂随便吃
261630675841,114483863297990,避雷贵州？,https://www.bilibili.com/video/av114483863297990,東***n,这***也,,未知,2025-05-11 21:52,2025,23,1,6.46,客观探讨/咨询互动,0.0,餐饮美食与特色体验,特色小吃与夜市文化,餐饮美食与特色体验,特色小吃与夜市文化,贵州全域/综合,贵州全域/综合,+1，，，山东室友被我养成贵州胃了[吃瓜][吃瓜][吃瓜]
262530024992,114483863297990,避雷贵州？,https://www.bilibili.com/video/av114483863297990,東***n,满***娘,,未知,2025-05-11 08:58,2025,22,1,6.4,客观探讨/咨询互动,0.0,综合旅游体验与漫游杂谈,全省概览/多景点串联游记,综合旅游体验与漫游杂谈,全省概览/多景点串联游记,贵州全域/综合,贵州全域/综合,[doge][doge][doge]
261579974801,114483863297990,避雷贵州？,https://www.bilibili.com/video/av114483863297990,東***n,真***哈,,未知,2025-05-11 10:29,2025,18,29,8.82,强力种草/惊艳好评,2.0,餐饮美食与特色体验,特色小吃与夜市文化,餐饮美食与特色体验,特色小吃与夜市文化,贵阳市区/黔灵山,贵阳市区/黔灵山,哇 推荐些贵阳好吃好的地方呀 暑假要去贵州玩 [打call]
262776378112,114483863297990,避雷贵州？,https://www.bilibili.com/video/av114483863297990,東***n,-***师,,未知,2025-05-14 11:47,2025,16,12,7.81,强力种草/惊艳好评,1.0,餐饮美食与特色体验,酸汤系列与特色火锅 | 特色小吃与夜市文化 | 折耳根与口味适应度,餐饮美食与特色体验,酸汤系列与特色火锅,贵阳市区/黔灵山,贵阳市区/黔灵山,我爹妈不久前从贵阳刚回到东北，他们俩反倒觉得贵州没啥东西好吃，酸汤洋芋之类的都试过了，都没啥太大反应，觉得普遍油大，可能很重要的原因是我们一家都基本吃不了辣，我个人对贵州美食口味中立，毕竟在这上学不习惯也得习惯，他俩还很奇怪我来这这么长时间了体重为何一点没掉[doge]
261590722033,114483863297990,避雷贵州？,https://www.bilibili.com/video/av114483863297990,東***n,l***s,,未知,2025-05-11 12:48,2025,15,1,5.85,客观探讨/咨询互动,0.0,餐饮美食与特色体验,特色小吃与夜市文化,餐饮美食与特色体验,特色小吃与夜市文化,贵阳市区/黔灵山,贵阳市区/黔灵山,天菩萨 重庆人每次去贵阳都是憨吃哈涨的，景点什么的不重要的，要去景点贵州市州多的是，纠结一个甲秀楼干嘛[doge]
261691665857,114483863297990,避雷贵州？,https://www.bilibili.com/video/av114483863297990,東***n,发***果,,未知,2025-05-12 19:22,2025,13,5,6.75,强力种草/惊艳好评,1.0,自然风光与气候避暑,瀑布水景视觉震撼,自然风光与气候避暑,瀑布水景视觉震撼,贵阳市区/黔灵山,贵阳市区/黔灵山,我也是奇了怪了，为什么旅游团喜欢拉游客来甲秀楼宣传，虽然有自己的历史，但对于外地人来说一头雾水，终究是冷门的地方，而且地方太挤太堵，没什么看的，几分钟事情，还不如观山湖公园
261566567217,114483863297990,避雷贵州？,https://www.bilibili.com/video/av114483863297990,東***n,牛***天,,未知,2025-05-11 02:53,2025,22,0,5.7,避坑预警/痛点吐槽,-1.0,综合旅游体验与漫游杂谈,全省概览/多景点串联游记,综合旅游体验与漫游杂谈,全省概览/多景点串联游记,贵州全域/综合,贵州全域/综合,避雷姐看着像是会避雷原生家庭的人[doge]
261659729105,114483863297990,避雷贵州？,https://www.bilibili.com/video/av114483863297990,東***n,一***猫,,未知,2025-05-12 10:26,2025,10,11,7.08,强力种草/惊艳好评,1.0,安全防范与避坑预警,黔灵山猕猴抓咬与抢食抢包,安全防范与避坑预警,黔灵山猕猴抓咬与抢食抢包,贵阳市区/黔灵山,贵阳市区/黔灵山,贵阳吃的东西很多，玩的东西不多，不过黔灵山的猴子挺好玩的
261591934705,114483863297990,避雷贵州？,https://www.bilibili.com/video/av114483863297990,東***n,爱***叔,,未知,2025-05-11 13:04,2025,10,1,5.29,避坑预警/痛点吐槽,-1.0,景区运营与排队管理,核心项目超长排队与拥堵,景区运营与排队管理,核心项目超长排队与拥堵,遵义红色胜地/赤水,遵义红色胜地/赤水,我是遵义的，建议来贵州玩，别去景区，没意义。找个本地人就好了。
313956155312,117105806544029,为什么贵州的旅游的宣传效果较为一般？,https://www.bilibili.com/video/av117105806544029,铁***豆,古***尔,,未知,2026-08-17 10:47,2026,402,19,12.99,避坑预警/痛点吐槽,-1.0,综合旅游体验与漫游杂谈,全省概览/多景点串联游记,综合旅游体验与漫游杂谈,全省概览/多景点串联游记,贵州全域/综合,贵州全域/综合,本来想进来反驳外加骂几句的，结果看完我无语了。我能反驳啥？[笑哭][笑哭][笑哭]
314124616848,117105806544029,为什么贵州的旅游的宣传效果较为一般？,https://www.bilibili.com/video/av117105806544029,铁***豆,s***n,,未知,2026-08-18 15:09,2026,73,5,9.25,避坑预警/痛点吐槽,-1.0,餐饮美食与特色体验 | 商业化程度与民俗真实感,餐饮价格与隐形消费 | 千户苗寨商业化过度/同质化,餐饮美食与特色体验,餐饮价格与隐形消费,贵州全域/综合,贵州全域/综合,我去过国内20多个省，贵州的旅游做的真的是差，在我这里排倒数第一。同质化、商业化这些就不说了，宰客式的旅游模式让人体验太不好了，白瞎了贵州的好山好水。贵州文旅任重道远。
313983508944,117105806544029,为什么贵州的旅游的宣传效果较为一般？,https://www.bilibili.com/video/av117105806544029,铁***豆,小***军,,未知,2026-08-17 14:30,2026,178,11,11.27,避坑预警/痛点吐槽,-1.0,自然风光与气候避暑,夏季清凉避暑体验,自然风光与气候避暑,夏季清凉避暑体验,贵州全域/综合,贵州全域/综合,我今年暑假本来打算去贵州避暑旅居的，先租了个房，钱都付了，过了阵房东说他要长租了，不给我了。然后我在平台上找民宿，过阵子一看，房源下架了，问房东，说你退钱另找吧，我在🍠发避雷帖，贵州IP说钱不是退你了么又没坑你钱。我服了，这地方我是不会去了，信用都当放屁的
311380889489,117105806544029,为什么贵州的旅游的宣传效果较为一般？,https://www.bilibili.com/video/av117105806544029,铁***豆,山*,,未知,2026-08-23 07:55,2026,17,0,5.34,强力种草/惊艳好评,3.0,景区运营与排队管理,大门外移与强制观光车 | 核心项目超长排队与拥堵,景区运营与排队管理,大门外移与强制观光车,贵州全域/综合,贵州全域/综合,关于停车的问题，作为本地人告诉你们。贵州本来就是山区路窄，好玩好看的地方大家都爱去，以前没限制的时候，到处堵车，排队都要几个小时，有些人一去就停到晚上，还有很多外地人直接房车露营个把月，把位置直接霸占，后面来玩的人直接车都找不到地方停，或者沿着路继续往下停老远。能够有地方规范停车已经很好了，不然你可能连车都没位置停。摆渡车虽然我也不喜欢，但是全国各地哪里没有摆渡车？既然都是这样，就不要只拿贵州说事，这也不是贵州独创
314149960288,117105806544029,为什么贵州的旅游的宣传效果较为一般？,https://www.bilibili.com/video/av117105806544029,铁***豆,n***2,,未知,2026-08-18 18:42,2026,31,4,7.81,客观探讨/咨询互动,0.0,景区运营与排队管理 | 商业化程度与民俗真实感,核心项目超长排队与拥堵 | 原生态村寨与民俗好评,景区运营与排队管理,核心项目超长排队与拥堵,贵州全域/综合,贵州全域/综合,刚回来，说真的，假期的情况下，全国都一样，人挤人是避免不了的，谈不上任何体验，并且贵州是真的“贵”！酒店价格翻个几倍，700多的汉庭你敢信？说实话，贵州文旅的作为配不上贵州人民的淳朴热情！
313952930608,117105806544029,为什么贵州的旅游的宣传效果较为一般？,https://www.bilibili.com/video/av117105806544029,铁***豆,蔻***提,,未知,2026-08-17 10:17,2026,202,20,12.01,客观探讨/咨询互动,0.0,景区运营与排队管理,大门外移与强制观光车,景区运营与排队管理,大门外移与强制观光车,贵州全域/综合,贵州全域/综合,全国很多景区都这样了 去年去西北某景点换摆渡车都换了三回
314266938304,117105806544029,为什么贵州的旅游的宣传效果较为一般？,https://www.bilibili.com/video/av117105806544029,铁***豆,达***帜,,未知,2026-08-19 15:52,2026,20,1,6.26,客观探讨/咨询互动,0.0,自然风光与气候避暑 | 交通自驾与行程路况,瀑布水景视觉震撼 | 山路弯道与自驾难度,自然风光与气候避暑,瀑布水景视觉震撼,黄果树瀑布,黄果树瀑布,去贵州办事，抽一天空闲，看个黄果树，他给旁边三个瀑布一块打包了，妈的，三个瀑布啊，不看吧门票都强制打包买了，看吧你当我这两条腿是316不锈钢的么？那天走了快三万步山路，山路啊！吃的挺好，玩景点还是不太适合我。
313943474880,117105806544029,为什么贵州的旅游的宣传效果较为一般？,https://www.bilibili.com/video/av117105806544029,铁***豆,D***e,,未知,2026-08-17 08:30,2026,72,5,9.23,客观探讨/咨询互动,0.0,餐饮美食与特色体验,特色小吃与夜市文化,餐饮美食与特色体验,特色小吃与夜市文化,贵阳市区/黔灵山,贵阳市区/黔灵山,贵阳给我留下的最深的印象 停车30块 进就30块[吃瓜]
310713156657,117105806544029,为什么贵州的旅游的宣传效果较为一般？,https://www.bilibili.com/video/av117105806544029,铁***豆,风***1,,未知,2026-08-18 10:16,2026,32,5,8.04,客观探讨/咨询互动,0.0,餐饮美食与特色体验,特色小吃与夜市文化,餐饮美食与特色体验,特色小吃与夜市文化,西江千户苗寨,西江千户苗寨,这就没想过，如果可以开私家车到，就贵州这地理条件在景区哪来的地方修这么大的停车场？这人流量一大，他敢就去，我保证一个星期出不来，那千户苗寨本地人的车都不能开进去，在景区外，沿这山沟沟修了多个停车场，每个停车场都不大，就停几十辆车，本地人都停不下来，都开车去，停哪里？本来就是山区，[吃瓜]
310606897681,117105806544029,为什么贵州的旅游的宣传效果较为一般？,https://www.bilibili.com/video/av117105806544029,铁***豆,一***治,,未知,2026-08-17 13:56,2026,32,0,6.24,避坑预警/痛点吐槽,-1.0,交通自驾与行程路况,山路弯道与自驾难度,交通自驾与行程路况,山路弯道与自驾难度,贵州全域/综合,贵州全域/综合,其实一部分原因是保护生态 毕竟神人比较多 比如 只要能开车进去 有些人包括不限于 在景区里露营 烧烤 乱丢垃圾 等 另一部分原因就是增收咯 毕竟 离远了 你也不能睡车里了
310611862897,117105806544029,为什么贵州的旅游的宣传效果较为一般？,https://www.bilibili.com/video/av117105806544029,铁***豆,咕***毛,,未知,2026-08-17 14:39,2026,56,12,9.63,避坑预警/痛点吐槽,-1.0,交通自驾与行程路况 | 景区运营与排队管理 | 住宿价格与酒店民宿,景点分散与长途拉车疲劳 | 大门外移与强制观光车 | 核心项目超长排队与拥堵 | 民宿卫生隔音与硬件体验,交通自驾与行程路况,景点分散与长途拉车疲劳,黄果树瀑布,黄果树瀑布,我不理解，摆渡车这个问题怎么能被吐槽了，日均几万人流量的景区，你想把车开到景区门口，停车场得修多大？修个特大号的停车场，你停最边上，走到景区门口不是也得走个40-50分钟，你最后不还是只能选择个摆渡车摆渡到入口检票[doge]而且贵州的景区大都在山上，你指望他能修个双向六车道有立交桥这样的路帮你通道景区门口吗，根本不现实，那最后的结果不就是你天不亮就开车去，发现堵在路上堵了三四个小时，然后到停车场找半天车位，停上车了发现你停车的车位离景区入口两三公里，然后走过去，逛两三个小时，又走回来，接着堵两三个小时的车离开，一路上的时间全给你花堵车上了[doge]最后最好的解决办法不还是分散在外围停车，集中摆渡，给你运到景区入口，而且黄果树的观光车不是还挺不错的，沿路还能在车上看景观，空调开的也足，旺季也不用你等多久。
313999507808,117105806544029,为什么贵州的旅游的宣传效果较为一般？,https://www.bilibili.com/video/av117105806544029,铁***豆,王***钦,,未知,2026-08-17 16:55,2026,21,0,5.64,客观探讨/咨询互动,0.0,交通自驾与行程路况,山路弯道与自驾难度,交通自驾与行程路况,山路弯道与自驾难度,织金洞,织金洞,"这种东西仁者见仁，智者见智的，把路拦着，只能坐旅游大巴进去，坏处就是你们说的那些，可也有好处，如果不拦着私家车，每个人都开私家车进去，那路得堵成啥样？有一说一，这种景点的路都不会很宽，特别是我们贵州这种山路，如果一堵死，那就是好几个小时的事，我家在织金洞附近几公里的村子里，过年回家都不出门上街的，因为我家那条路都被波及到，堵几个小时是常事儿

    总的来说，这个涉及到利益划分，应该走集体利益统一调配，还是走个体利益，走集体利益的话，容易有蛀虫从中获取利益，形成资本主义"
310575417457,117105806544029,为什么贵州的旅游的宣传效果较为一般？,https://www.bilibili.com/video/av117105806544029,铁***豆,B***驰,,未知,2026-08-17 09:18,2026,16,1,5.94,客观探讨/咨询互动,0.0,景区运营与排队管理,大门外移与强制观光车,景区运营与排队管理,大门外移与强制观光车,贵州全域/综合,贵州全域/综合,全国都一个样，电瓶车摆渡车！
310582447825,117105806544029,为什么贵州的旅游的宣传效果较为一般？,https://www.bilibili.com/video/av117105806544029,铁***豆,史***人,,未知,2026-08-17 10:31,2026,12,3,6.23,客观探讨/咨询互动,0.0,交通自驾与行程路况,山路弯道与自驾难度,交通自驾与行程路况,山路弯道与自驾难度,荔波小七孔,荔波小七孔,荔波的景交车简直让人无法理解线路，比九寨沟的差多了。
310611583025,117105806544029,为什么贵州的旅游的宣传效果较为一般？,https://www.bilibili.com/video/av117105806544029,铁***豆,吴***人,,未知,2026-08-17 14:38,2026,11,0,4.73,客观探讨/咨询互动,0.0,交通自驾与行程路况 | 景区运营与排队管理,山路弯道与自驾难度 | 包车打车与出租车避坑 | 高铁大巴换乘与班次衔接 | 大门外移与强制观光车 | 核心项目超长排队与拥堵,交通自驾与行程路况,山路弯道与自驾难度,黄果树瀑布,黄果树瀑布,我个人前两天到黄果树景区游玩，我个人感觉景区设置的这个观光车还是有意义的，以当地的人流量，如果不使用观光车大客车运送，允许大家把私家车出租车开上来，整个景区的道路会被挤爆的。景区是在山里，不可能山路给你修四车道五车道，车辆一多堵车是必然。虽然花了观光车的钱，但总比大家都堵在路上要好[笑哭]
130420666096,600354821,外地人来贵州旅游，看到遵义市中心模样后，说些真实想法,https://www.bilibili.com/video/av600354821,哲***界,睿***r,,未知,2022-09-17 19:22,2022,134,13,11.0,客观探讨/咨询互动,0.0,消费预算与综合性价比,高性价比与平民消费好评,消费预算与综合性价比,高性价比与平民消费好评,贵阳市区/黔灵山 | 遵义红色胜地/赤水,贵阳市区/黔灵山,"其实，贵州省这地方吧，一直被外省人误解，就算有人了解，也故意的摸黑你，贵州吧这地方以前确实穷，但是也不是没有地方，大哥我吧，年轻时南方，北方去过不少地方，一说你是贵州来的，别人对你的印象都是穷得可怕，你想解释都不知道怎么解释，别人根深谛对你故印象就是穷得穿不上裤子，咱只能给他们说，要不然你去看看？ 
    贵州没你们想像中这么不堪，前两名的贵阳，遵义也是中国百强城市之二，省会贵阳放到世界上哪个国家都算相当牛逼的大城市，在绝大数国永，都可成为一国之都，咱是遵义人，咱遵义不敢说多牛逼，全中国接近300个地市也和贵阳市进了前100强市，贵阳排58名，遵义65名，咱贵州这十来年也进步了很多，其它地州市也在不断发展。"
118347196128,600354821,外地人来贵州旅游，看到遵义市中心模样后，说些真实想法,https://www.bilibili.com/video/av600354821,哲***界,丿***拉,,未知,2022-06-26 18:41,2022,130,2,9.41,客观探讨/咨询互动,0.0,自然风光与气候避暑,夏季清凉避暑体验,自然风光与气候避暑,夏季清凉避暑体验,贵州全域/综合,贵州全域/综合,兄弟  去错地方了， 那边老区了  ，现在不热闹   ，最热闹在苏州路  珠海路，都在汇川区  酒吧，餐饮那边都是最热闹的。
123190109152,600354821,外地人来贵州旅游，看到遵义市中心模样后，说些真实想法,https://www.bilibili.com/video/av600354821,哲***界,卖***x,,未知,2022-07-30 08:51,2022,83,6,9.59,客观探讨/咨询互动,0.0,商业化程度与民俗真实感,民俗表演与人文真实互动,商业化程度与民俗真实感,民俗表演与人文真实互动,贵阳市区/黔灵山 | 遵义红色胜地/赤水,贵阳市区/黔灵山,贵州穷吗？除了遵义贵阳这两个全国百强城市外，其他地方是真的穷，特别是一些少数民族聚居的地方，不过近年随基础设施建设也有些改观。
123503539664,600354821,外地人来贵州旅游，看到遵义市中心模样后，说些真实想法,https://www.bilibili.com/video/av600354821,哲***界,桃***e,,未知,2022-08-01 08:22,2022,46,12,9.34,客观探讨/咨询互动,0.0,综合旅游体验与漫游杂谈,全省概览/多景点串联游记,综合旅游体验与漫游杂谈,全省概览/多景点串联游记,遵义红色胜地/赤水,遵义红色胜地/赤水,考去遵义了诶，希望遵义能好好发展 可能就是我的第二故乡了叭
214701840304,600354821,外地人来贵州旅游，看到遵义市中心模样后，说些真实想法,https://www.bilibili.com/video/av600354821,哲***界,灰***药,,未知,2024-03-30 23:37,2024,20,2,6.67,客观探讨/咨询互动,0.0,交通自驾与行程路况,包车打车与出租车避坑,交通自驾与行程路况,包车打车与出租车避坑,贵州全域/综合,贵州全域/综合,我们贵州的交通是很好的，我出省后才知道我们家的司机们有多好[星星眼]。我们贵州都是车让人，在外面就差距大了，切身体会
120674347072,600354821,外地人来贵州旅游，看到遵义市中心模样后，说些真实想法,https://www.bilibili.com/video/av600354821,哲***界,勋***境,,未知,2022-07-13 19:02,2022,18,0,5.42,客观探讨/咨询互动,0.0,综合旅游体验与漫游杂谈,全省概览/多景点串联游记,综合旅游体验与漫游杂谈,全省概览/多景点串联游记,贵州全域/综合,贵州全域/综合,都是老街了，十年前就是那个样，丁字口上面再下去就知道到底咋样了
236564059792,1506486742,英国博主：贵州“落后”到只剩下。。。,https://www.bilibili.com/video/av1506486742,M***思,闲***台,,未知,2024-08-08 23:59,2024,518,56,14.42,避坑预警/痛点吐槽,-1.0,自然风光与气候避暑,喀斯特溶洞地质奇观,自然风光与气候避暑,喀斯特溶洞地质奇观,贵阳市区/黔灵山,贵阳市区/黔灵山,刚去了贵阳，就城市规模来说不算大，只有4条地铁线，不过街道规划的很好，人行道够宽，基本都有大树遮挡，走起来很舒服，气温也舒适，在8月初的睛天仍然觉得白天可以散步。然后是干净整洁，基至比广州，长沙，成都干净，凡是垃圾多的都是游客密集的地方，尤其是贵州省博，暑假这么大的人流量，地板仍然一尘不染，让人叹为观止。
236541012736,1506486742,英国博主：贵州“落后”到只剩下。。。,https://www.bilibili.com/video/av1506486742,M***思,阳***二,,未知,2024-08-08 22:01,2024,476,27,13.58,客观探讨/咨询互动,0.0,自然风光与气候避暑,瀑布水景视觉震撼,自然风光与气候避暑,瀑布水景视觉震撼,贵州全域/综合,贵州全域/综合,贵州处处是美景，天空都是浪漫的色彩，欢迎大家来丸
236546414112,1506486742,英国博主：贵州“落后”到只剩下。。。,https://www.bilibili.com/video/av1506486742,M***思,w***n,,未知,2024-08-08 22:26,2024,392,38,13.62,强力种草/惊艳好评,1.0,消费预算与综合性价比,高性价比与平民消费好评,消费预算与综合性价比,高性价比与平民消费好评,贵阳市区/黔灵山,贵阳市区/黔灵山,八年前去的贵阳，那时候观山湖那片商务区，花果园 时光贵州等等 包括老城区就都非常漂亮了，改变了所谓贵州很穷落后的观念，一点不比我家乡宁波差，至少市区那种高楼大厦的感觉，而且整个城市被大型公园包围，观山湖 百家湖 哈拉湖 花溪等等 贵安新区环境也非常好，房价还非常便宜对比浙江，非常宜居！
236525657248,1506486742,英国博主：贵州“落后”到只剩下。。。,https://www.bilibili.com/video/av1506486742,M***思,面***相,,未知,2024-08-08 20:44,2024,368,11,12.35,客观探讨/咨询互动,0.0,综合旅游体验与漫游杂谈,全省概览/多景点串联游记,综合旅游体验与漫游杂谈,全省概览/多景点串联游记,贵州全域/综合,贵州全域/综合,这些地方我都去过呀，为啥感觉汉堡王拍下来显得这么高端呢[笑哭]
236539031936,1506486742,英国博主：贵州“落后”到只剩下。。。,https://www.bilibili.com/video/av1506486742,M***思,酱***瓜,,未知,2024-08-08 21:51,2024,204,8,11.18,客观探讨/咨询互动,0.0,综合旅游体验与漫游杂谈,全省概览/多景点串联游记,综合旅游体验与漫游杂谈,全省概览/多景点串联游记,贵州全域/综合,贵州全域/综合,咱本地老外拍出来的视频确实比免签老外拍的质量高啊哈哈哈
236647735696,1506486742,英国博主：贵州“落后”到只剩下。。。,https://www.bilibili.com/video/av1506486742,M***思,罗***h,,未知,2024-08-09 13:19,2024,197,19,11.93,客观探讨/咨询互动,0.0,交通自驾与行程路况,山路弯道与自驾难度,交通自驾与行程路况,山路弯道与自驾难度,贵州全域/综合,贵州全域/综合,欢迎大家来观山湖汽车公园
236679940704,1506486742,英国博主：贵州“落后”到只剩下。。。,https://www.bilibili.com/video/av1506486742,M***思,草***碧,,未知,2024-08-09 16:34,2024,192,22,12.03,强力种草/惊艳好评,1.0,交通自驾与行程路况,高铁大巴换乘与班次衔接,交通自驾与行程路况,高铁大巴换乘与班次衔接,贵州全域/综合,贵州全域/综合,说贵州落后的肯定是看的经济数据，还有这两年地方债问题。但是去贵州旅游，稍微做点功课，真是人文自然全都有，很适合夏季。贵州有全省免费的数字图书资源，我们江西就没有。经过多年建设，贵州的交通改善了许多，高铁系统早于江西完成建设。当然，贵州也有落后支出，离城区稍微远一点你就能感受到去了乡下。
236524508464,1506486742,英国博主：贵州“落后”到只剩下。。。,https://www.bilibili.com/video/av1506486742,M***思,芯***痕,,未知,2024-08-08 20:37,2024,128,6,10.24,强力种草/惊艳好评,3.0,住宿价格与酒店民宿,景区内住宿 vs 市区中转选择,住宿价格与酒店民宿,景区内住宿 vs 市区中转选择,贵州全域/综合,贵州全域/综合,居住中国十多年的英国小哥，给大家展示真实的贵州，这里空气好，生态环境好，真是个非常宜居的地方。贵州欢迎大家来玩！喜欢的小伙伴别忘记给我点赞、关注和三连啦！
236523073584,1506486742,英国博主：贵州“落后”到只剩下。。。,https://www.bilibili.com/video/av1506486742,M***思,A***o,,未知,2024-08-08 20:31,2024,117,7,10.24,客观探讨/咨询互动,0.0,综合旅游体验与漫游杂谈,全省概览/多景点串联游记,综合旅游体验与漫游杂谈,全省概览/多景点串联游记,贵州全域/综合,贵州全域/综合,去过[doge]
236522443072,1506486742,英国博主：贵州“落后”到只剩下。。。,https://www.bilibili.com/video/av1506486742,M***思,呆***也,,未知,2024-08-08 20:28,2024,74,11,9.96,客观探讨/咨询互动,0.0,餐饮美食与特色体验,特色小吃与夜市文化,餐饮美食与特色体验,特色小吃与夜市文化,贵州全域/综合,贵州全域/综合,下次可以换一个地方薅，荆楚大地欢迎你[吃瓜]
236526820256,1506486742,英国博主：贵州“落后”到只剩下。。。,https://www.bilibili.com/video/av1506486742,M***思,氺***O,,未知,2024-08-08 20:49,2024,69,14,10.08,客观探讨/咨询互动,0.0,自然风光与气候避暑,夏季清凉避暑体验,自然风光与气候避暑,夏季清凉避暑体验,贵州全域/综合,贵州全域/综合,避暑真的爽，上月我父母才去玩，我这39那才29，羡慕了
236693345088,1506486742,英国博主：贵州“落后”到只剩下。。。,https://www.bilibili.com/video/av1506486742,M***思,r***波,,未知,2024-08-09 17:48,2024,62,1,7.91,客观探讨/咨询互动,0.0,综合旅游体验与漫游杂谈,全省概览/多景点串联游记,综合旅游体验与漫游杂谈,全省概览/多景点串联游记,贵州全域/综合,贵州全域/综合,打个卡哈哈哈[doge]
236643995504,1506486742,英国博主：贵州“落后”到只剩下。。。,https://www.bilibili.com/video/av1506486742,M***思,这***州,,未知,2024-08-09 13:00,2024,57,6,9.04,客观探讨/咨询互动,0.0,消费预算与综合性价比,高性价比与平民消费好评,消费预算与综合性价比,高性价比与平民消费好评,贵州全域/综合,贵州全域/综合,"欢迎大家来贵州玩哦
这里也就25°而已[脱单doge]"
236744728080,1506486742,英国博主：贵州“落后”到只剩下。。。,https://www.bilibili.com/video/av1506486742,M***思,不***帝,,未知,2024-08-09 22:01,2024,50,9,9.2,客观探讨/咨询互动,0.0,自然风光与气候避暑,瀑布水景视觉震撼,自然风光与气候避暑,瀑布水景视觉震撼,贵州全域/综合,贵州全域/综合,我们天真的很蓝
236553343168,1506486742,英国博主：贵州“落后”到只剩下。。。,https://www.bilibili.com/video/av1506486742,M***思,蒙***a,,未知,2024-08-08 23:01,2024,47,5,8.6,客观探讨/咨询互动,0.0,交通自驾与行程路况,山路弯道与自驾难度,交通自驾与行程路况,山路弯道与自驾难度,贵州全域/综合,贵州全域/综合,上年5月到8月在贵州工作，晚上睡觉都不用开风扇，而且还要盖被子[doge]青云街附近
236525934640,1506486742,英国博主：贵州“落后”到只剩下。。。,https://www.bilibili.com/video/av1506486742,M***思,大***鬼,,未知,2024-08-08 20:45,2024,38,10,8.89,客观探讨/咨询互动,0.0,消费预算与综合性价比,高性价比与平民消费好评,消费预算与综合性价比,高性价比与平民消费好评,贵州全域/综合,贵州全域/综合,看的我也想去贵州
236597591264,1506486742,英国博主：贵州“落后”到只剩下。。。,https://www.bilibili.com/video/av1506486742,M***思,名***师,,未知,2024-08-09 08:04,2024,36,8,8.61,客观探讨/咨询互动,0.0,自然风光与气候避暑,瀑布水景视觉震撼,自然风光与气候避暑,瀑布水景视觉震撼,贵州全域/综合,贵州全域/综合,我才从贵州回来，天真的很美
237122568864,1506486742,英国博主：贵州“落后”到只剩下。。。,https://www.bilibili.com/video/av1506486742,M***思,不***人,,未知,2024-08-11 20:16,2024,27,11,8.48,客观探讨/咨询互动,0.0,餐饮美食与特色体验,特色小吃与夜市文化,餐饮美食与特色体验,特色小吃与夜市文化,遵义红色胜地/赤水 | 六盘水凉都/乌蒙大草原,遵义红色胜地/赤水,那些说贵州凉快的，下次请把“西部”带上，或者贵州六盘水，懂？贵州西部，别问为什么，本人在遵义，快热成狗了[辣眼睛]
236544207024,1506486742,英国博主：贵州“落后”到只剩下。。。,https://www.bilibili.com/video/av1506486742,M***思,帅***i,,未知,2024-08-08 22:16,2024,26,8,8.14,客观探讨/咨询互动,0.0,消费预算与综合性价比,高性价比与平民消费好评,消费预算与综合性价比,高性价比与平民消费好评,贵阳市区/黔灵山,贵阳市区/黔灵山,可惜没听到那句“我们现在在的地方是中国最穷的省份的省会，贵阳” [妙啊]
236862601280,1506486742,英国博主：贵州“落后”到只剩下。。。,https://www.bilibili.com/video/av1506486742,M***思,翌***芊,,未知,2024-08-10 14:34,2024,25,6,7.83,客观探讨/咨询互动,0.0,消费预算与综合性价比,高性价比与平民消费好评,消费预算与综合性价比,高性价比与平民消费好评,贵州全域/综合,贵州全域/综合,欢迎大家来贵州玩[大笑]
236524472016,1506486742,英国博主：贵州“落后”到只剩下。。。,https://www.bilibili.com/video/av1506486742,M***思,我***海,,未知,2024-08-08 20:38,2024,21,0,5.64,强力种草/惊艳好评,1.0,综合旅游体验与漫游杂谈,全省概览/多景点串联游记,综合旅游体验与漫游杂谈,全省概览/多景点串联游记,贵州全域/综合,贵州全域/综合,"高质量视频。
赞。"
236905635408,1506486742,英国博主：贵州“落后”到只剩下。。。,https://www.bilibili.com/video/av1506486742,M***思,账***销,,未知,2024-08-10 18:43,2024,17,4,6.94,客观探讨/咨询互动,0.0,自然风光与气候避暑 | 住宿价格与酒店民宿,夏季清凉避暑体验 | 民宿卫生隔音与硬件体验,自然风光与气候避暑,夏季清凉避暑体验,贵阳市区/黔灵山,贵阳市区/黔灵山,贵阳去过好几次了，是我之前没想过的美丽宜居和繁华，安顺甚至夏天都不用开空调
237127460672,1506486742,英国博主：贵州“落后”到只剩下。。。,https://www.bilibili.com/video/av1506486742,M***思,账***销,,未知,2024-08-11 20:41,2024,16,1,5.94,强力种草/惊艳好评,1.0,自然风光与气候避暑,瀑布水景视觉震撼,自然风光与气候避暑,瀑布水景视觉震撼,贵州全域/综合,贵州全域/综合,安顺21℃的天气真是太舒服了，广东人表示还想来，西秀区很现代化
236564394768,1506486742,英国博主：贵州“落后”到只剩下。。。,https://www.bilibili.com/video/av1506486742,M***思,妮***妮,,未知,2024-08-09 00:01,2024,16,3,6.64,客观探讨/咨询互动,0.0,交通自驾与行程路况,山路弯道与自驾难度,交通自驾与行程路况,山路弯道与自驾难度,贵州全域/综合,贵州全域/综合,通源观山湖汽车公园，去年我来这里试驾gr86也是这个教练
236547050560,1506486742,英国博主：贵州“落后”到只剩下。。。,https://www.bilibili.com/video/av1506486742,M***思,c***1,,未知,2024-08-08 22:29,2024,16,0,5.25,客观探讨/咨询互动,0.0,消费预算与综合性价比,高性价比与平民消费好评,消费预算与综合性价比,高性价比与平民消费好评,贵州全域/综合,贵州全域/综合,@贵州文旅 打钱 [doge] @贵州共青团 团团你们家女婿
236557834448,1506486742,英国博主：贵州“落后”到只剩下。。。,https://www.bilibili.com/video/av1506486742,M***思,偶***得,,未知,2024-08-08 23:25,2024,14,0,5.06,客观探讨/咨询互动,0.0,综合旅游体验与漫游杂谈,全省概览/多景点串联游记,综合旅游体验与漫游杂谈,全省概览/多景点串联游记,贵州全域/综合,贵州全域/综合,没有听到那句one of the most ......看视频都不香了
236550526256,1506486742,英国博主：贵州“落后”到只剩下。。。,https://www.bilibili.com/video/av1506486742,M***思,坂***d,,未知,2024-08-08 22:47,2024,14,0,5.06,客观探讨/咨询互动,0.0,综合旅游体验与漫游杂谈,全省概览/多景点串联游记,综合旅游体验与漫游杂谈,全省概览/多景点串联游记,贵州全域/综合,贵州全域/综合,终于更新最穷省份了
237180907696,1506486742,英国博主：贵州“落后”到只剩下。。。,https://www.bilibili.com/video/av1506486742,M***思,T***4,,未知,2024-08-12 01:48,2024,11,5,6.52,客观探讨/咨询互动,0.0,消费预算与综合性价比,高性价比与平民消费好评,消费预算与综合性价比,高性价比与平民消费好评,贵阳市区/黔灵山,贵阳市区/黔灵山,贵阳富人区确实不穷，穷的只是一部分贫困县，当然现在脱贫了也沾不上“穷”字了
237020125152,1506486742,英国博主：贵州“落后”到只剩下。。。,https://www.bilibili.com/video/av1506486742,M***思,远***X,,未知,2024-08-11 10:26,2024,11,1,5.42,客观探讨/咨询互动,0.0,综合旅游体验与漫游杂谈,全省概览/多景点串联游记,综合旅游体验与漫游杂谈,全省概览/多景点串联游记,贵州全域/综合,贵州全域/综合,看到中西部发展这么快我感到欣慰，由衷祝福他们发展越来越好[爱心]
252766465633,113883171786556,接受不了这些，千万不要去贵州旅游。#贵州旅游景点 #贵州旅游攻略 #贵州旅游景点必玩的地方 #贵州少数民族风情 #贵州旅游须知,https://www.bilibili.com/video/av113883171786556,中***官,无***人,,未知,2025-01-25 06:24,2025,14,3,6.45,客观探讨/咨询互动,0.0,自然风光与气候避暑,瀑布水景视觉震撼,自然风光与气候避暑,瀑布水景视觉震撼,贵阳市区/黔灵山,贵阳市区/黔灵山,我家这边夏天都要盖被子[笑哭]，贵阳夏天真的特别凉快
252762006561,113883171786556,接受不了这些，千万不要去贵州旅游。#贵州旅游景点 #贵州旅游攻略 #贵州旅游景点必玩的地方 #贵州少数民族风情 #贵州旅游须知,https://www.bilibili.com/video/av113883171786556,中***官,真***羽,,未知,2025-01-25 02:35,2025,12,0,4.85,客观探讨/咨询互动,0.0,餐饮美食与特色体验 | 住宿价格与酒店民宿,酸汤系列与特色火锅 | 折耳根与口味适应度 | 位置偏远与接驳不便,餐饮美食与特色体验,酸汤系列与特色火锅,遵义红色胜地/赤水,遵义红色胜地/赤水,贵州的酸是苗族做的，分红白，一般外面销售的是红酸。以前是以酸送饭，现在没必要。贵州和周边多次变更所辖区域，比如据说遵义就是清朝划给贵州的。所以贵州有川式的泡菜，然后弄出来糟辣椒，这个应该只有贵州才有。也像云南吃山珍。贵州以前交通不便，所以味道是一家一味，有的地方的东西贵州人都不一定能接受，比如牛瘪。最后，因为现在的人流量，所以不是在贵州工作的就是贵州人，请来贵州游玩的大家理解。
227135280832,1605873447,避雷黄果树瀑布的高价坑。网红民宿，高价下午茶，景区酒店处处是照骗！免费观瀑路线才是看风景的最优解。,https://www.bilibili.com/video/av1605873447,米***记,s***h,,未知,2024-06-19 21:00,2024,1679,13,14.78,客观探讨/咨询互动,0.0,综合旅游体验与漫游杂谈,全省概览/多景点串联游记,综合旅游体验与漫游杂谈,全省概览/多景点串联游记,遵义红色胜地/赤水,遵义红色胜地/赤水,茅台酒那个笑死我了，，好颠的精神状态
227139628720,1605873447,避雷黄果树瀑布的高价坑。网红民宿，高价下午茶，景区酒店处处是照骗！免费观瀑路线才是看风景的最优解。,https://www.bilibili.com/video/av1605873447,米***记,y***2,,未知,2024-06-19 21:28,2024,1037,4,13.03,客观探讨/咨询互动,0.0,自然风光与气候避暑,瀑布水景视觉震撼,自然风光与气候避暑,瀑布水景视觉震撼,贵州全域/综合,贵州全域/综合,这个53度的梗完全是可以上喜剧大赛的水平，怀疑这个小哥兼职说脱口秀。
227136225312,1605873447,避雷黄果树瀑布的高价坑。网红民宿，高价下午茶，景区酒店处处是照骗！免费观瀑路线才是看风景的最优解。,https://www.bilibili.com/video/av1605873447,米***记,暮***n,,未知,2024-06-19 21:06,2024,1019,3,12.78,客观探讨/咨询互动,0.0,自然风光与气候避暑,瀑布水景视觉震撼,自然风光与气候避暑,瀑布水景视觉震撼,贵州全域/综合,贵州全域/综合,姐还真进去虫尸水里游了 付出太多了[笑哭]
227137110160,1605873447,避雷黄果树瀑布的高价坑。网红民宿，高价下午茶，景区酒店处处是照骗！免费观瀑路线才是看风景的最优解。,https://www.bilibili.com/video/av1605873447,米***记,更***-,,未知,2024-06-19 21:12,2024,485,1,10.97,客观探讨/咨询互动,0.0,自然风光与气候避暑,瀑布水景视觉震撼,自然风光与气候避暑,瀑布水景视觉震撼,遵义红色胜地/赤水,遵义红色胜地/赤水,得亏茅台正好53度，要是更高一点他们还得在出水口加个热得快[笑哭]
227145695264,1605873447,避雷黄果树瀑布的高价坑。网红民宿，高价下午茶，景区酒店处处是照骗！免费观瀑路线才是看风景的最优解。,https://www.bilibili.com/video/av1605873447,米***记,资***8,,未知,2024-06-19 22:04,2024,372,33,13.41,客观探讨/咨询互动,0.0,住宿价格与酒店民宿,景区内住宿 vs 市区中转选择,住宿价格与酒店民宿,景区内住宿 vs 市区中转选择,贵州全域/综合,贵州全域/综合,住一晚可以玩10次泰国或者3次日本或者100次苏州…….
227136931216,1605873447,避雷黄果树瀑布的高价坑。网红民宿，高价下午茶，景区酒店处处是照骗！免费观瀑路线才是看风景的最优解。,https://www.bilibili.com/video/av1605873447,米***记,一***云,,未知,2024-06-19 21:11,2024,131,19,11.32,客观探讨/咨询互动,0.0,综合旅游体验与漫游杂谈,全省概览/多景点串联游记,综合旅游体验与漫游杂谈,全省概览/多景点串联游记,贵州全域/综合,贵州全域/综合,是造物者之无尽藏也，藏（zang，四声，宝藏）
227207954416,1605873447,避雷黄果树瀑布的高价坑。网红民宿，高价下午茶，景区酒店处处是照骗！免费观瀑路线才是看风景的最优解。,https://www.bilibili.com/video/av1605873447,米***记,王***E,,未知,2024-06-20 10:30,2024,60,9,9.47,客观探讨/咨询互动,0.0,自然风光与气候避暑,瀑布水景视觉震撼,自然风光与气候避暑,瀑布水景视觉震撼,贵州全域/综合,贵州全域/综合,七八月份是瀑布最大的时候 太壮观了[星星眼]和米雪姐住了同款民宿 可以看坝陵河和野瀑布那家 酒店外泳池不太干净 溢价高了[笑哭]就是看景确实没的说 咱浙江人还是会做生意[笑哭]
227145454144,1605873447,避雷黄果树瀑布的高价坑。网红民宿，高价下午茶，景区酒店处处是照骗！免费观瀑路线才是看风景的最优解。,https://www.bilibili.com/video/av1605873447,米***记,只***愉,,未知,2024-06-19 22:02,2024,57,5,8.88,客观探讨/咨询互动,0.0,餐饮美食与特色体验,特色小吃与夜市文化,餐饮美食与特色体验,特色小吃与夜市文化,贵州全域/综合,贵州全域/综合,"说实话，贵州的酒店民宿什么的，很多管理和思路是很糟糕的，大家千万不要觉得外面几大千能完美体验的东西，在贵州几大千也能得到，很多开发管理不成熟，不严格。管理者只学皮毛不学精髓。涉及旅游的产品，上至领导下至商人，各项工作，粗糙至极。
很多时候真是奉劝大家几百玩玩得了，花多了那就是冤枉钱[呲牙]"
227241918944,1605873447,避雷黄果树瀑布的高价坑。网红民宿，高价下午茶，景区酒店处处是照骗！免费观瀑路线才是看风景的最优解。,https://www.bilibili.com/video/av1605873447,米***记,张***n,,未知,2024-06-20 14:33,2024,55,1,7.73,客观探讨/咨询互动,0.0,自然风光与气候避暑 | 餐饮美食与特色体验 | 消费预算与综合性价比,瀑布水景视觉震撼 | 特色小吃与夜市文化 | 高性价比与平民消费好评,自然风光与气候避暑,瀑布水景视觉震撼,黄果树瀑布,黄果树瀑布,身为贵州人也觉得一些民宿和酒店的价格夸张了，大家来玩的话，住几百的就好，都是去看瀑布的，看完有时间还可以去下天星桥和龙宫，最后曲安顺吃吃小吃夺夺粉裹卷，很巴适也不贵。
227142997040,1605873447,避雷黄果树瀑布的高价坑。网红民宿，高价下午茶，景区酒店处处是照骗！免费观瀑路线才是看风景的最优解。,https://www.bilibili.com/video/av1605873447,米***记,y***d,,未知,2024-06-19 21:48,2024,52,0,6.96,客观探讨/咨询互动,0.0,自然风光与气候避暑,瀑布水景视觉震撼,自然风光与气候避暑,瀑布水景视觉震撼,遵义红色胜地/赤水,遵义红色胜地/赤水,[doge]这个出水口的出水角度也是53度，和茅台的一样
227135102064,1605873447,避雷黄果树瀑布的高价坑。网红民宿，高价下午茶，景区酒店处处是照骗！免费观瀑路线才是看风景的最优解。,https://www.bilibili.com/video/av1605873447,米***记,中***皖,,未知,2024-06-19 20:59,2024,45,2,7.84,客观探讨/咨询互动,0.0,综合旅游体验与漫游杂谈,全省概览/多景点串联游记,综合旅游体验与漫游杂谈,全省概览/多景点串联游记,贵州全域/综合,贵州全域/综合,我真是笑死了，53℃的度数和酒是一样的哈哈哈哈，这是什么神奇的卖点吗哈哈哈哈哈哈哈哈[笑哭][笑哭][笑哭]
227140218992,1605873447,避雷黄果树瀑布的高价坑。网红民宿，高价下午茶，景区酒店处处是照骗！免费观瀑路线才是看风景的最优解。,https://www.bilibili.com/video/av1605873447,米***记,奇***莓,,未知,2024-06-19 21:31,2024,40,4,8.18,客观探讨/咨询互动,0.0,综合旅游体验与漫游杂谈,全省概览/多景点串联游记,综合旅游体验与漫游杂谈,全省概览/多景点串联游记,贵州全域/综合,贵州全域/综合,游完身上发痒吗，感觉好可怕的池子
227139891696,1605873447,避雷黄果树瀑布的高价坑。网红民宿，高价下午茶，景区酒店处处是照骗！免费观瀑路线才是看风景的最优解。,https://www.bilibili.com/video/av1605873447,米***记,格***瑞,,未知,2024-06-19 21:29,2024,33,0,6.29,客观探讨/咨询互动,0.0,交通自驾与行程路况,景点分散与长途拉车疲劳,交通自驾与行程路况,景点分散与长途拉车疲劳,贵州全域/综合,贵州全域/综合,这个价格我宁愿走特种兵，省钱[笑哭]
227412463024,1605873447,避雷黄果树瀑布的高价坑。网红民宿，高价下午茶，景区酒店处处是照骗！免费观瀑路线才是看风景的最优解。,https://www.bilibili.com/video/av1605873447,米***记,爱***森,,未知,2024-06-21 15:46,2024,29,1,6.79,客观探讨/咨询互动,0.0,综合旅游体验与漫游杂谈,全省概览/多景点串联游记,综合旅游体验与漫游杂谈,全省概览/多景点串联游记,贵州全域/综合,贵州全域/综合,你猜猜为啥你包场。哈哈哈👉🏻🤡
227878828192,1605873447,避雷黄果树瀑布的高价坑。网红民宿，高价下午茶，景区酒店处处是照骗！免费观瀑路线才是看风景的最优解。,https://www.bilibili.com/video/av1605873447,米***记,r***r,,未知,2024-06-24 10:08,2024,22,2,6.8,客观探讨/咨询互动,0.0,综合旅游体验与漫游杂谈,全省概览/多景点串联游记,综合旅游体验与漫游杂谈,全省概览/多景点串联游记,贵州全域/综合,贵州全域/综合,53度真的不烫吗，我们这边澡堂子的池子带温度计的，平时都是41-42度，45-46度基本就受不了了
227135122432,1605873447,避雷黄果树瀑布的高价坑。网红民宿，高价下午茶，景区酒店处处是照骗！免费观瀑路线才是看风景的最优解。,https://www.bilibili.com/video/av1605873447,米***记,A***结,,未知,2024-06-19 20:59,2024,22,0,5.7,强力种草/惊艳好评,3.0,自然风光与气候避暑,瀑布水景视觉震撼,自然风光与气候避暑,瀑布水景视觉震撼,黄果树瀑布,黄果树瀑布,"课代表总结:
本视频揭露了黄果树瀑布周边高价消费现象，包括网红民宿、高价下午茶和景区酒店，并推荐了一条免费观瀑路线作为最优解。

要点:
- 🌊 黄果树瀑布周边存在高价消费，如官铺下午茶和景区酒店。
- 🏠 网红民宿价格高昂，但实际环境与图片不符。
- 🍹 官铺下午茶味道不佳，价格高昂。
- 🏞️ 免费观瀑路线可避开高价消费，享受美景。
- 🔍 视频推荐清晨前往黄果树瀑布，可享受包场和晨光雾气。
- 👞 景区内部有更合理的住宿选择，如设施一般但价格较低。
- 🏡 山间民宿价格昂贵，但环境和服务与价格不符。
- 🗺️ 视频强调了山水之美，提倡用心体验而非单纯消费。
    
哎呀，本喵可真是被这些「高价坑」给坑苦了，但还好本喵有智慧，知道免费看瀑布才是王道！这旅游业啊，可真是让人又爱又恨呢，但话说回来，那些收费项目，也真是够呛，不过能免费看美景，那还是值得的！
                    
--本消息由@AI视频总结 召唤发送【AI总结工具点我自取】"
227140781424,1605873447,避雷黄果树瀑布的高价坑。网红民宿，高价下午茶，景区酒店处处是照骗！免费观瀑路线才是看风景的最优解。,https://www.bilibili.com/video/av1605873447,米***记,啊***谁,,未知,2024-06-19 21:35,2024,18,0,5.42,客观探讨/咨询互动,0.0,住宿价格与酒店民宿,景区内住宿 vs 市区中转选择,住宿价格与酒店民宿,景区内住宿 vs 市区中转选择,贵州全域/综合,贵州全域/综合,国内有些贵的民宿，服务确实跟不上。
227274107632,1605873447,避雷黄果树瀑布的高价坑。网红民宿，高价下午茶，景区酒店处处是照骗！免费观瀑路线才是看风景的最优解。,https://www.bilibili.com/video/av1605873447,米***记,检***鸡,,未知,2024-06-20 18:35,2024,16,0,5.25,客观探讨/咨询互动,0.0,餐饮美食与特色体验,特色小吃与夜市文化,餐饮美食与特色体验,特色小吃与夜市文化,黄果树瀑布,黄果树瀑布,我作为贵州人去了好多次黄果树（主打一个陪亲戚朋友），第一次知道还有这种酒店[笑哭]
227147034736,1605873447,避雷黄果树瀑布的高价坑。网红民宿，高价下午茶，景区酒店处处是照骗！免费观瀑路线才是看风景的最优解。,https://www.bilibili.com/video/av1605873447,米***记,在***人,,未知,2024-06-19 22:13,2024,13,0,4.96,客观探讨/咨询互动,0.0,自然风光与气候避暑,瀑布水景视觉震撼,自然风光与气候避暑,瀑布水景视觉震撼,贵州全域/综合,贵州全域/综合,六万八？六千八都觉得不值，这种在林间的民宿酒店全国很多，但是这家这个除了一个瀑布以外没有任何卖点
227137641952,1605873447,避雷黄果树瀑布的高价坑。网红民宿，高价下午茶，景区酒店处处是照骗！免费观瀑路线才是看风景的最优解。,https://www.bilibili.com/video/av1605873447,米***记,蓦***蘺,,未知,2024-06-19 21:15,2024,11,1,5.42,客观探讨/咨询互动,0.0,综合旅游体验与漫游杂谈,全省概览/多景点串联游记,综合旅游体验与漫游杂谈,全省概览/多景点串联游记,贵州全域/综合,贵州全域/综合,愣是把人民币花成了越南盾的感觉[doge]，1500的那点下午茶真的是一点没有看懂，这年头地理位置优越还能赋予商品附加的价格[笑哭]
181615368176,684682908,黄果树瀑布有哪些坑？真是心疼这些游客,https://www.bilibili.com/video/av684682908,坑***行,a***a,,未知,2023-08-18 17:25,2023,27,1,6.69,强力种草/惊艳好评,1.0,交通自驾与行程路况,山路弯道与自驾难度,交通自驾与行程路况,山路弯道与自驾难度,黄果树瀑布,黄果树瀑布,跟团去过天星桥，体验相比其他两个景点差，因为有段路太挤了。  人家导游为什么不推荐天星桥，导游也说挤，但还是会尊重整个团的决定，他说只要整个团只要还有一个人要去天星桥，他一样会带去。
190701701744,684682908,黄果树瀑布有哪些坑？真是心疼这些游客,https://www.bilibili.com/video/av684682908,坑***行,轩***语,,未知,2023-10-19 14:18,2023,22,2,6.8,客观探讨/咨询互动,0.0,景区运营与排队管理 | 商业化程度与民俗真实感,大门外移与强制观光车 | 千户苗寨商业化过度/同质化,景区运营与排队管理,大门外移与强制观光车,黄果树瀑布,黄果树瀑布,人家黄果树景区可是有vip的，vip可以景区直达，买了票没买vip的，坐摆渡车都没人权，明明可以到景区门口，结果半路给你下了，不仅有逛不完的商业街，还有走不完的上下坡，沙皮景区
178321744736,684682908,黄果树瀑布有哪些坑？真是心疼这些游客,https://www.bilibili.com/video/av684682908,坑***行,A***n,,未知,2023-08-01 15:08,2023,13,0,4.96,客观探讨/咨询互动,0.0,综合旅游体验与漫游杂谈,全省概览/多景点串联游记,综合旅游体验与漫游杂谈,全省概览/多景点串联游记,黄果树瀑布,黄果树瀑布,黄果树就是坨够使，一个扶梯能让你花50块，导游途中还要让你交一些杂七杂八的费用，啥也不是
311631091184,117008465134070,黄果树瀑布去了才发现和想象的完全不一样，一定要做好攻略。希望你能吸取我的教训。向西南三千公里我们下一站去哪？,https://www.bilibili.com/video/av117008465134070,两***行,z***7,,未知,2026-07-31 17:25,2026,17,0,5.34,强力种草/惊艳好评,1.0,自然风光与气候避暑,瀑布水景视觉震撼,自然风光与气候避暑,瀑布水景视觉震撼,黄果树瀑布,黄果树瀑布,我看到的黄果树瀑布很震撼
311556501600,117008465134070,黄果树瀑布去了才发现和想象的完全不一样，一定要做好攻略。希望你能吸取我的教训。向西南三千公里我们下一站去哪？,https://www.bilibili.com/video/av117008465134070,两***行,晴***雨,,未知,2026-07-31 02:37,2026,16,7,7.33,避坑预警/痛点吐槽,-1.0,自然风光与气候避暑,瀑布水景视觉震撼,自然风光与气候避暑,瀑布水景视觉震撼,黄果树瀑布,黄果树瀑布,真的失望，我上周去的，我评价为，为了黄果树瀑布这盘醋包的饺子，景区里拍完黄果树就没东西看了[笑哭]
308292598289,117008465134070,黄果树瀑布去了才发现和想象的完全不一样，一定要做好攻略。希望你能吸取我的教训。向西南三千公里我们下一站去哪？,https://www.bilibili.com/video/av117008465134070,两***行,夕***部,,未知,2026-07-31 11:21,2026,11,5,6.52,客观探讨/咨询互动,0.0,自然风光与气候避暑,瀑布水景视觉震撼,自然风光与气候避暑,瀑布水景视觉震撼,贵州全域/综合,贵州全域/综合,你要前段时间汛期的时候去呀，不然水不大的
308288946497,117008465134070,黄果树瀑布去了才发现和想象的完全不一样，一定要做好攻略。希望你能吸取我的教训。向西南三千公里我们下一站去哪？,https://www.bilibili.com/video/av117008465134070,两***行,J***5,,未知,2026-07-31 10:48,2026,11,1,5.42,强力种草/惊艳好评,1.0,自然风光与气候避暑,瀑布水景视觉震撼,自然风光与气候避暑,瀑布水景视觉震撼,贵州全域/综合,贵州全域/综合,不要被这些什么最大的虚名迷惑，要说瀑布还不如德天震撼[doge]
218630508304,1153674462,后退205米，黄果树瀑布可能要消失？？！！【贵州黄果树瀑布】,https://www.bilibili.com/video/av1153674462,考***志,归***李,,未知,2024-04-26 18:51,2024,824,27,14.41,实战攻略/避坑技巧,0.2,景区运营与排队管理,核心项目超长排队与拥堵,景区运营与排队管理,核心项目超长排队与拥堵,贵州全域/综合,贵州全域/综合,确实，这几年不怎么去大景点的因素就是人多。人一多就烦躁，出游的兴致都少不少。就旅游而谈还是怀念疫情那几年，去哪都没人。记得20年去武功山，全山上估计都没100人。那种天地孤寂，唯我一人的感觉，现在人挤人肯定没有一分了
218636104064,1153674462,后退205米，黄果树瀑布可能要消失？？！！【贵州黄果树瀑布】,https://www.bilibili.com/video/av1153674462,考***志,酒***龙,,未知,2024-04-26 19:26,2024,291,39,13.2,客观探讨/咨询互动,0.0,综合旅游体验与漫游杂谈,全省概览/多景点串联游记,综合旅游体验与漫游杂谈,全省概览/多景点串联游记,黄果树瀑布,黄果树瀑布,黄果树是用来看的吗？我都是用来抽的的[滑稽]
218630901872,1153674462,后退205米，黄果树瀑布可能要消失？？！！【贵州黄果树瀑布】,https://www.bilibili.com/video/av1153674462,考***志,血***风,,未知,2024-04-26 18:53,2024,213,8,11.25,实战攻略/避坑技巧,0.2,自然风光与气候避暑,瀑布水景视觉震撼,自然风光与气候避暑,瀑布水景视觉震撼,贵州全域/综合,贵州全域/综合,UP，像这期开头的“门票只能当天买、门票不卡时间、一定要先去瀑布景区”之类，我觉得可以尽可能每个视频都加上这样的注意和提醒，能大大提高观众的旅游舒适度，观众玩的更开心，也会更乐意给三连
218884916832,1153674462,后退205米，黄果树瀑布可能要消失？？！！【贵州黄果树瀑布】,https://www.bilibili.com/video/av1153674462,考***志,天***音,,未知,2024-04-28 11:44,2024,163,3,10.04,客观探讨/咨询互动,0.0,餐饮美食与特色体验,特色小吃与夜市文化,餐饮美食与特色体验,特色小吃与夜市文化,贵州全域/综合,贵州全域/综合,看标题还以为讲地里的视频，结果点进来是讲旅游的[辣眼睛]
218629800432,1153674462,后退205米，黄果树瀑布可能要消失？？！！【贵州黄果树瀑布】,https://www.bilibili.com/video/av1153674462,考***志,T***K,,未知,2024-04-26 18:46,2024,126,16,11.1,实战攻略/避坑技巧,0.2,交通自驾与行程路况,山路弯道与自驾难度,交通自驾与行程路况,山路弯道与自驾难度,贵州全域/综合,贵州全域/综合,19年夏季去的，壮观。建议景区内也步行走走，纯坐车就是拍打卡照。注意安全，当天挂了一个小孩，害得一堆人后面没得看了
218861459920,1153674462,后退205米，黄果树瀑布可能要消失？？！！【贵州黄果树瀑布】,https://www.bilibili.com/video/av1153674462,考***志,断***鸢,,未知,2024-04-28 07:53,2024,85,12,10.25,客观探讨/咨询互动,0.0,餐饮美食与特色体验,特色小吃与夜市文化,餐饮美食与特色体验,特色小吃与夜市文化,贵州全域/综合,贵州全域/综合,反季节，包场的路过[吃瓜]
218925025696,1153674462,后退205米，黄果树瀑布可能要消失？？！！【贵州黄果树瀑布】,https://www.bilibili.com/video/av1153674462,考***志,寒***风,,未知,2024-04-28 17:07,2024,66,1,8.0,强力种草/惊艳好评,1.0,自然风光与气候避暑,瀑布水景视觉震撼,自然风光与气候避暑,瀑布水景视觉震撼,黄果树瀑布,黄果树瀑布,我是07年左右去的贵州，那时候互联网还远远没有现在发达，背包客当时都是靠买专门介绍自由行的书来了解具体行程该怎么安排的。那时候就只有黄果树瀑布和龙宫出名，天星桥景区根本没几个人，我们在天星桥景区逛了半天，基本没碰到几波游客，要不是当时请了个导游，真担心会在里面迷路。。。银链坠潭瀑布其实水量小一些的时候更好看，之所以叫银链坠潭瀑布是因为薄薄一层水从坑洼的石头上流下的时候会形成像链条一样的波纹，就像银链坠潭，水量大的时候就看不太出来了，变成普通瀑布了[笑哭]
219479531680,1153674462,后退205米，黄果树瀑布可能要消失？？！！【贵州黄果树瀑布】,https://www.bilibili.com/video/av1153674462,考***志,疯***地,,未知,2024-05-02 10:10,2024,54,7,9.09,客观探讨/咨询互动,0.0,景区运营与排队管理,门票优惠政策与便民好评,景区运营与排队管理,门票优惠政策与便民好评,贵州全域/综合,贵州全域/综合,清明节去看的，可惜水太少了，但是大学生免门票还是很好的[脱单doge]
218939265760,1153674462,后退205米，黄果树瀑布可能要消失？？！！【贵州黄果树瀑布】,https://www.bilibili.com/video/av1153674462,考***志,南***雨,,未知,2024-04-28 18:47,2024,48,9,9.14,客观探讨/咨询互动,0.0,自然风光与气候避暑,瀑布水景视觉震撼,自然风光与气候避暑,瀑布水景视觉震撼,贵州全域/综合,贵州全域/综合,一定要丰水期去，一定要丰水期去！才能体验到瀑布冲脸的感觉，走在旁边那个水雾直接往脸上拍
218661405888,1153674462,后退205米，黄果树瀑布可能要消失？？！！【贵州黄果树瀑布】,https://www.bilibili.com/video/av1153674462,考***志,裤***紧,,未知,2024-04-26 22:12,2024,44,10,9.11,实战攻略/避坑技巧,0.2,景区运营与排队管理,核心项目超长排队与拥堵,景区运营与排队管理,核心项目超长排队与拥堵,贵州全域/综合,贵州全域/综合,去年裸辞错峰去了一趟，不怎么排队，但是人还是挺多的，那些楼梯看得出来这里人来人往有多繁忙，每一梯都被踩得很光滑
218627395664,1153674462,后退205米，黄果树瀑布可能要消失？？！！【贵州黄果树瀑布】,https://www.bilibili.com/video/av1153674462,考***志,妙***方,,未知,2024-04-26 18:31,2024,43,5,8.47,客观探讨/咨询互动,0.0,综合旅游体验与漫游杂谈,全省概览/多景点串联游记,综合旅游体验与漫游杂谈,全省概览/多景点串联游记,贵州全域/综合,贵州全域/综合,本喵来啦，母亲节快到了，不知道送什么的，知道该怎么办了吧[doge]，妙界售后贼靠谱[打call]
218631646848,1153674462,后退205米，黄果树瀑布可能要消失？？！！【贵州黄果树瀑布】,https://www.bilibili.com/video/av1153674462,考***志,上***啊,,未知,2024-04-26 18:58,2024,39,3,7.92,客观探讨/咨询互动,0.0,综合旅游体验与漫游杂谈,全省概览/多景点串联游记,综合旅游体验与漫游杂谈,全省概览/多景点串联游记,贵州全域/综合,贵州全域/综合,这人数也太多了，顿时不想去了
219082750400,1153674462,后退205米，黄果树瀑布可能要消失？？！！【贵州黄果树瀑布】,https://www.bilibili.com/video/av1153674462,考***志,z***1,,未知,2024-04-29 18:31,2024,37,2,7.55,客观探讨/咨询互动,0.0,交通自驾与行程路况 | 景区运营与排队管理,高铁大巴换乘与班次衔接 | 大门外移与强制观光车 | 门票优惠政策与便民好评,交通自驾与行程路况,高铁大巴换乘与班次衔接,贵州全域/综合,贵州全域/综合,22年6月去的，人是真多，当时免门票，但是景区里必须买摆渡车的车票，最后从景区想坐摆渡车回去的时候，因为人太多了，下午五六点一直等到晚上八点半，最后差点赶不上回家的最后一班客车了
218985897136,1153674462,后退205米，黄果树瀑布可能要消失？？！！【贵州黄果树瀑布】,https://www.bilibili.com/video/av1153674462,考***志,不***灬,,未知,2024-04-28 23:52,2024,36,3,7.8,客观探讨/咨询互动,0.0,消费预算与综合性价比,高性价比与平民消费好评,消费预算与综合性价比,高性价比与平民消费好评,贵州全域/综合,贵州全域/综合,在贵州橙就是叫黄果，没想到吧
218635294912,1153674462,后退205米，黄果树瀑布可能要消失？？！！【贵州黄果树瀑布】,https://www.bilibili.com/video/av1153674462,考***志,H***竹,,未知,2024-04-26 19:21,2024,35,6,8.32,客观探讨/咨询互动,0.0,综合旅游体验与漫游杂谈,全省概览/多景点串联游记,综合旅游体验与漫游杂谈,全省概览/多景点串联游记,贵州全域/综合,贵州全域/综合,课文
218748215600,1153674462,后退205米，黄果树瀑布可能要消失？？！！【贵州黄果树瀑布】,https://www.bilibili.com/video/av1153674462,考***志,小***e,,未知,2024-04-27 13:52,2024,30,3,7.54,客观探讨/咨询互动,0.0,景区运营与排队管理,核心项目超长排队与拥堵,景区运营与排队管理,核心项目超长排队与拥堵,贵州全域/综合,贵州全域/综合,贵州人躺在家里床上发现up更新，翻个身点开视频看up主在老家景区人挤人[吃瓜]
218950540976,1153674462,后退205米，黄果树瀑布可能要消失？？！！【贵州黄果树瀑布】,https://www.bilibili.com/video/av1153674462,考***志,路***亚,,未知,2024-04-28 20:01,2024,28,3,7.44,强力种草/惊艳好评,1.0,自然风光与气候避暑 | 景区运营与排队管理,瀑布水景视觉震撼 | 核心项目超长排队与拥堵,自然风光与气候避暑,瀑布水景视觉震撼,黄果树瀑布,黄果树瀑布,去年夏天去了黄果树瀑布，水帘洞排队了1个半小时才上去[笑哭]挺好玩儿的
218629385792,1153674462,后退205米，黄果树瀑布可能要消失？？！！【贵州黄果树瀑布】,https://www.bilibili.com/video/av1153674462,考***志,林***百,,未知,2024-04-26 18:43,2024,23,5,7.56,强力种草/惊艳好评,1.0,综合旅游体验与漫游杂谈,全省概览/多景点串联游记,综合旅游体验与漫游杂谈,全省概览/多景点串联游记,黄果树瀑布,黄果树瀑布,报名了六月份黄果树半程马拉松，期待中签[喜欢]
218969551744,1153674462,后退205米，黄果树瀑布可能要消失？？！！【贵州黄果树瀑布】,https://www.bilibili.com/video/av1153674462,考***志,曾***山,,未知,2024-04-28 22:08,2024,21,0,5.64,客观探讨/咨询互动,0.0,综合旅游体验与漫游杂谈,全省概览/多景点串联游记,综合旅游体验与漫游杂谈,全省概览/多景点串联游记,贵州全域/综合,贵州全域/综合,兄弟你的标题是什么，你讲的又是什么？
218649475616,1153674462,后退205米，黄果树瀑布可能要消失？？！！【贵州黄果树瀑布】,https://www.bilibili.com/video/av1153674462,考***志,这***吗,,未知,2024-04-26 20:55,2024,20,1,6.26,客观探讨/咨询互动,0.0,自然风光与气候避暑,瀑布水景视觉震撼,自然风光与气候避暑,瀑布水景视觉震撼,贵州全域/综合,贵州全域/综合,天生桥啊，贵州每个县都有几个天生桥，就是喀斯特地貌雨水冲出来的岩石石桥，有的能走，有的能看。
218634237712,1153674462,后退205米，黄果树瀑布可能要消失？？！！【贵州黄果树瀑布】,https://www.bilibili.com/video/av1153674462,考***志,成***肉,,未知,2024-04-26 19:15,2024,15,6,7.1,客观探讨/咨询互动,0.0,综合旅游体验与漫游杂谈,全省概览/多景点串联游记,综合旅游体验与漫游杂谈,全省概览/多景点串联游记,贵州全域/综合,贵州全域/综合,我上次去兰州博物馆 看到黄河像的模型 突然想起小学的那篇课文。命运的轨迹产生闭环了 ，但是课文好像写的是北京自然博物馆 ，当时我去了没有回忆起这篇课文， 但是在兰州突然想起 ，突然觉得那会儿的人真无聊呀，看一个化石 居然写那么长的课文让我背。。。。
219298756448,1153674462,后退205米，黄果树瀑布可能要消失？？！！【贵州黄果树瀑布】,https://www.bilibili.com/video/av1153674462,考***志,改***左,,未知,2024-05-01 03:24,2024,12,3,6.23,实战攻略/避坑技巧,0.2,餐饮美食与特色体验,特色小吃与夜市文化,餐饮美食与特色体验,特色小吃与夜市文化,贵州全域/综合,贵州全域/综合,去年八月底去的   我的建议是头天住景区里面的酒店  早上走要客通道  等我一圈走完了坐电梯上来 外面的游客才进来  完全就是包场[打call][打call]
218639021024,1153674462,后退205米，黄果树瀑布可能要消失？？！！【贵州黄果树瀑布】,https://www.bilibili.com/video/av1153674462,考***志,溪***y,,未知,2024-04-26 19:46,2024,11,0,4.73,客观探讨/咨询互动,0.0,交通自驾与行程路况,山路弯道与自驾难度,交通自驾与行程路况,山路弯道与自驾难度,黄果树瀑布,黄果树瀑布,陡坡塘其实要不了很长时间，半个小时足够了
313678763520,117091713682792,国内哪里的瀑布最好看？黄果树只能排第5,https://www.bilibili.com/video/av117091713682792,行***卒,u***u,,未知,2026-08-15 10:07,2026,16,3,6.64,避坑预警/痛点吐槽,-1.0,自然风光与气候避暑,瀑布水景视觉震撼,自然风光与气候避暑,瀑布水景视觉震撼,贵州全域/综合,贵州全域/综合,"总之千万别在枯水期看瀑布
(左边：我以为的；右边：我看到的)"
310333287953,117091713682792,国内哪里的瀑布最好看？黄果树只能排第5,https://www.bilibili.com/video/av117091713682792,行***卒,S***6,,未知,2026-08-15 12:41,2026,22,3,7.09,客观探讨/咨询互动,0.0,自然风光与气候避暑,瀑布水景视觉震撼,自然风光与气候避暑,瀑布水景视觉震撼,贵州全域/综合,贵州全域/综合,九寨沟的瀑布单独拿出来也足以媲美其他5A景区。[doge]
310255110033,117091713682792,国内哪里的瀑布最好看？黄果树只能排第5,https://www.bilibili.com/video/av117091713682792,行***卒,历***M,,未知,2026-08-14 20:22,2026,45,3,8.13,客观探讨/咨询互动,0.0,自然风光与气候避暑,瀑布水景视觉震撼,自然风光与气候避暑,瀑布水景视觉震撼,贵州全域/综合,贵州全域/综合,西游记取景地不是诺日朗是珍珠滩瀑布～
313628578896,117091713682792,国内哪里的瀑布最好看？黄果树只能排第5,https://www.bilibili.com/video/av117091713682792,行***卒,史***费,,未知,2026-08-14 21:54,2026,14,5,6.85,强力种草/惊艳好评,1.0,综合旅游体验与漫游杂谈,全省概览/多景点串联游记,综合旅游体验与漫游杂谈,全省概览/多景点串联游记,万峰林/马岭河,万峰林/马岭河,7月份下着大雨去的马岭河，实在是没想到离市区这么近还能这么好看。
313612522944,117091713682792,国内哪里的瀑布最好看？黄果树只能排第5,https://www.bilibili.com/video/av117091713682792,行***卒,天***战,,未知,2026-08-14 19:56,2026,11,2,5.83,客观探讨/咨询互动,0.0,消费预算与综合性价比,高性价比与平民消费好评,消费预算与综合性价比,高性价比与平民消费好评,黄果树瀑布 | 贵阳市区/黔灵山,黄果树瀑布,黄果树确实很壮观，而且离贵阳很近，每年都要去的😋
310260463297,117091713682792,国内哪里的瀑布最好看？黄果树只能排第5,https://www.bilibili.com/video/av117091713682792,行***卒,z***z,,未知,2026-08-14 21:03,2026,20,0,5.57,客观探讨/咨询互动,0.0,自然风光与气候避暑,瀑布水景视觉震撼,自然风光与气候避暑,瀑布水景视觉震撼,贵州全域/综合,贵州全域/综合,去年去德天瀑布刚好是丰水期
313613845344,117091713682792,国内哪里的瀑布最好看？黄果树只能排第5,https://www.bilibili.com/video/av117091713682792,行***卒,程***C,,未知,2026-08-14 20:05,2026,21,13,8.28,客观探讨/咨询互动,0.0,自然风光与气候避暑,瀑布水景视觉震撼,自然风光与气候避暑,瀑布水景视觉震撼,贵州全域/综合,贵州全域/综合,我去的时候水挺大的[呲牙]
177695649024,358521564,我只是想看个黄果树瀑布，竟然要走这么多路！,https://www.bilibili.com/video/av358521564,米***嘟,玄***申,,未知,2023-07-29 11:19,2023,63,17,10.13,强力种草/惊艳好评,1.0,自然风光与气候避暑 | 景区运营与排队管理,瀑布水景视觉震撼 | 核心项目超长排队与拥堵,自然风光与气候避暑,瀑布水景视觉震撼,黄果树瀑布 | 荔波小七孔,黄果树瀑布,刚从贵州回来，感觉人多的时候黄果树的天星桥就多余去……太窄了人都过不去都在排队！直接去大瀑布就行了…而且景区特别不人性化，好多路都是冤枉路比如景区出口到坐车的地方要走好远…还是荔波小七孔好玩，每个景都秒杀黄果树
175375370592,358521564,我只是想看个黄果树瀑布，竟然要走这么多路！,https://www.bilibili.com/video/av358521564,米***嘟,可***王,,未知,2023-07-16 22:45,2023,27,13,8.64,客观探讨/咨询互动,0.0,自然风光与气候避暑 | 交通自驾与行程路况,瀑布水景视觉震撼 | 山路弯道与自驾难度,自然风光与气候避暑,瀑布水景视觉震撼,黄果树瀑布,黄果树瀑布,虽然你走了一万八千，但是视频中貌似你没有去陡坡塘瀑布[doge]
177916337872,358521564,我只是想看个黄果树瀑布，竟然要走这么多路！,https://www.bilibili.com/video/av358521564,米***嘟,美***月,,未知,2023-07-30 13:41,2023,23,3,7.15,强力种草/惊艳好评,2.0,自然风光与气候避暑 | 交通自驾与行程路况,瀑布水景视觉震撼 | 山路弯道与自驾难度,自然风光与气候避暑,瀑布水景视觉震撼,黄果树瀑布,黄果树瀑布,我当时觉得还好，风景太美了，一路探索，山里的水声特别治愈，我记得有电梯可以坐的，不过我朋友累够呛，没有去陡坡塘瀑布，我去了，觉得也挺震撼的，就是特别宽，那边风景也很好，我是在陡坡塘看到彩虹的
178189448816,358521564,我只是想看个黄果树瀑布，竟然要走这么多路！,https://www.bilibili.com/video/av358521564,米***嘟,半***埋,,未知,2023-07-31 20:55,2023,13,1,5.65,客观探讨/咨询互动,0.0,景区运营与排队管理,核心项目超长排队与拥堵,景区运营与排队管理,核心项目超长排队与拥堵,贵州全域/综合,贵州全域/综合,人多的时候啥景点都心累[doge]但是今早下雨快到的时候感觉跟水墨画似的
177561058544,358521564,我只是想看个黄果树瀑布，竟然要走这么多路！,https://www.bilibili.com/video/av358521564,米***嘟,这***称,,未知,2023-07-28 17:14,2023,13,10,7.36,客观探讨/咨询互动,0.0,餐饮美食与特色体验,特色小吃与夜市文化,餐饮美食与特色体验,特色小吃与夜市文化,贵州全域/综合,贵州全域/综合,蜂糖李不酸，就算是移种的也一样，所以……[呲牙]不过吃的开心就好
177513909424,358521564,我只是想看个黄果树瀑布，竟然要走这么多路！,https://www.bilibili.com/video/av358521564,米***嘟,干***着,,未知,2023-07-28 12:28,2023,12,8,7.04,客观探讨/咨询互动,0.0,餐饮美食与特色体验,特色小吃与夜市文化,餐饮美食与特色体验,特色小吃与夜市文化,贵州全域/综合,贵州全域/综合,安顺市区的小吃不吃太可惜
178262148688,358521564,我只是想看个黄果树瀑布，竟然要走这么多路！,https://www.bilibili.com/video/av358521564,米***嘟,d***p,,未知,2023-08-01 09:02,2023,10,3,5.98,客观探讨/咨询互动,0.0,自然风光与气候避暑 | 交通自驾与行程路况 | 景区运营与排队管理 | 商业化程度与民俗真实感,瀑布水景视觉震撼 | 高铁大巴换乘与班次衔接 | 大门外移与强制观光车 | 千户苗寨商业化过度/同质化,自然风光与气候避暑,瀑布水景视觉震撼,黄果树瀑布,黄果树瀑布,看完大瀑布，本来就累，商业街完全就是多余，天星桥出来走一大截坐了个摆渡车，结果从摆渡车下来，又换乘走了好远好远才坐到观光车去游客中心，佩服那些一天全部玩完的狠人，玩两个我都累得够呛
296203215889,116402707111300,成人：3880元，假期全力错峰的一条贵州线，人比较少，偏小众,https://www.bilibili.com/video/av116402707111300,开***行,怨***a,,未知,2026-04-14 19:14,2026,801,43,14.81,避坑预警/痛点吐槽,-1.0,交通自驾与行程路况,山路弯道与自驾难度,交通自驾与行程路况,山路弯道与自驾难度,贵州全域/综合,贵州全域/综合,"这个up设计的路线确实有点东西，效率高不踩坑
我已经白嫖好几次了，就是按他设计行程走，但是不报团，自驾。。。因为我喜欢自由[doge]"
296202313217,116402707111300,成人：3880元，假期全力错峰的一条贵州线，人比较少，偏小众,https://www.bilibili.com/video/av116402707111300,开***行,雌***剑,,未知,2026-04-14 19:06,2026,200,18,11.9,实战攻略/避坑技巧,0.2,餐饮美食与特色体验,特色小吃与夜市文化,餐饮美食与特色体验,特色小吃与夜市文化,贵州全域/综合,贵州全域/综合,推出五一五天躺平团，第一天，入住酒店，第二天不安排行程睡觉，第三天，不安排行程打游戏，第四天不安排行程酒店里自由活动，第五天，散团[星星眼][星星眼]
296204350417,116402707111300,成人：3880元，假期全力错峰的一条贵州线，人比较少，偏小众,https://www.bilibili.com/video/av116402707111300,开***行,伊***喜,,未知,2026-04-14 19:26,2026,98,3,9.28,客观探讨/咨询互动,0.0,综合旅游体验与漫游杂谈,全省概览/多景点串联游记,综合旅游体验与漫游杂谈,全省概览/多景点串联游记,贵州全域/综合,贵州全域/综合,包含大交通
296221531649,116402707111300,成人：3880元，假期全力错峰的一条贵州线，人比较少，偏小众,https://www.bilibili.com/video/av116402707111300,开***行,林***8,,未知,2026-04-14 22:11,2026,69,4,8.98,客观探讨/咨询互动,0.0,自然风光与气候避暑,高山峡谷与世界级桥梁,自然风光与气候避暑,高山峡谷与世界级桥梁,贵州全域/综合,贵州全域/综合,坝陵河大桥吗？不开玩笑，我天天去，想不去都不行[吃瓜]我还能看到大家看不到的大桥内部[思考]
301761420352,116402707111300,成人：3880元，假期全力错峰的一条贵州线，人比较少，偏小众,https://www.bilibili.com/video/av116402707111300,开***行,t***5,,未知,2026-05-08 23:42,2026,67,4,8.94,避坑预警/痛点吐槽,-1.0,餐饮美食与特色体验 | 景区运营与排队管理,特色小吃与夜市文化 | 老字号口碑 vs 网红营销店 | 核心项目超长排队与拥堵,餐饮美食与特色体验,特色小吃与夜市文化,贵州全域/综合,贵州全域/综合,"旅游归来，每天两三万步真累挺了，歇了两天，总算恢复元气，赶来仔细评论一下感受，给大家做个参考。

我年龄40+，算中登吧，喜欢旅游，但最怕人多，一旦出去人挤人要排大队，就感觉体验感直线下降，宁愿待在家里。看到这个行程的介绍视频时，感觉up所说的每个错峰的考虑和设计都深得我心，立刻就下定了，由于订晚了，只有2号的团，想不到推后一天的团期反而让本次旅行体验更加拉满，我们到各景区时基本五一最高峰都已过，人又少了不少。

首先说一下整体感受，整个行程没有传统旅行团的各种消费陷阱，没有任何购物和推销，食宿安排都在平均水准以上，不管是前期对接的客服豆包还是参团后的导游家丽，都非常热情细心。行程的设计真的做到了错峰出行，在五一黄金周这样一个旅游旺季，我们去到各个景点时人都不多，有的地方甚至和包场一样，就我们一个团在里面逛，让我不敢相信这是在五一期间旅游。而且各种小细节也能看出，up的团队非常用心，很注重用户体验，举两个例子，一是随团会给每个人准备一个礼品包，有当地特产小零食、遮阳帽、雨衣、水杯带等物品，各种赠品的质感都很不错，绝对不是那种低成本随便凑数的，这么说吧，装这些东西的手提帆布包居然还是带拉锁的，带回来平时用用一点问题没有，现在我就用来上班带饭。还想问一下up，零食包里的牛肉粒，大家吃完后都觉得非常不错，在网上都没搜到同款。好几个人问导游是什么品牌，都想自己再买一点。导游说前面带的团也有人问过，她问过公司一直也没得到回复，能否告知以下是在买的？二是在第一个景点铜鼓荡，走到景区最里面时，导游变魔术似的拿出了香槟和玻璃杯，带大家一块举杯共饮，预祝旅途顺利。我注意到原来旅行社提前安排了至少两个人，把好几箱杯子和酒提前送进来，就为了给大家多提供点情绪价值。其实为了省成本，这都是完全可以不安排的环节，但旅行社并没有为了这一点小利，和客人斤斤计较，也由此可以看出，up是真的很注重产品的品质。"
296203651665,116402707111300,成人：3880元，假期全力错峰的一条贵州线，人比较少，偏小众,https://www.bilibili.com/video/av116402707111300,开***行,A***r,,未知,2026-04-14 19:19,2026,61,5,8.98,客观探讨/咨询互动,0.0,自然风光与气候避暑,瀑布水景视觉震撼 | 高山峡谷与世界级桥梁,自然风光与气候避暑,瀑布水景视觉震撼,黄果树瀑布,黄果树瀑布,坝陵河大桥旁边就是滴水滩瀑布，比黄果树瀑布高很多，感觉不去可惜，去年国庆去的
296256861553,116402707111300,成人：3880元，假期全力错峰的一条贵州线，人比较少，偏小众,https://www.bilibili.com/video/av116402707111300,开***行,岚***子,,未知,2026-04-15 09:59,2026,72,11,9.92,实战攻略/避坑技巧,0.2,交通自驾与行程路况,包车打车与出租车避坑,交通自驾与行程路况,包车打车与出租车避坑,贵州全域/综合,贵州全域/综合,您好，想给贵社提一个小小的建议～现在越来越多游客反感旅途中的二手烟、三手烟，尤其是女性、老人和小朋友对烟味特别敏感，真心希望贵社可以推出无烟旅行团，全程禁止吸烟，打造更舒适、健康、文明的出行环境。相信这样的团会很受欢迎，也期待能早日体验到！咨询你们的团居然很难找到不抽烟的司机，我太难过了，谁也不希望出去玩一趟还要吸二手烟味。
296202641969,116402707111300,成人：3880元，假期全力错峰的一条贵州线，人比较少，偏小众,https://www.bilibili.com/video/av116402707111300,开***行,不***三,,未知,2026-04-14 19:08,2026,35,2,7.47,强力种草/惊艳好评,1.0,综合旅游体验与漫游杂谈,全省概览/多景点串联游记,综合旅游体验与漫游杂谈,全省概览/多景点串联游记,贵州全域/综合,贵州全域/综合,UP的讲解风格可太好了，即使不玩，听听也很舒服
299467399697,116402707111300,成人：3880元，假期全力错峰的一条贵州线，人比较少，偏小众,https://www.bilibili.com/video/av116402707111300,开***行,灰***z,,未知,2026-05-15 12:04,2026,30,0,6.15,客观探讨/咨询互动,0.0,自然风光与气候避暑,瀑布水景视觉震撼,自然风光与气候避暑,瀑布水景视觉震撼,贵州全域/综合,贵州全域/综合,去年在贵州探洞时看到的最棒的一张照片
298980633616,116402707111300,成人：3880元，假期全力错峰的一条贵州线，人比较少，偏小众,https://www.bilibili.com/video/av116402707111300,开***行,邮*,,未知,2026-04-15 16:35,2026,27,5,7.79,实战攻略/避坑技巧,0.2,自然风光与气候避暑,瀑布水景视觉震撼 | 高山峡谷与世界级桥梁,自然风光与气候避暑,瀑布水景视觉震撼,黄果树瀑布,黄果树瀑布,旅长，给您一个小建议，坝陵河大桥附近的滴水滩瀑布也可以加进去呀，这个也是黄果树瀑布群里的一个，而且还是落差最大的，邮政也为此发行过邮票
298947362064,116402707111300,成人：3880元，假期全力错峰的一条贵州线，人比较少，偏小众,https://www.bilibili.com/video/av116402707111300,开***行,爱*,,未知,2026-04-15 10:19,2026,24,6,7.77,客观探讨/咨询互动,0.0,景区运营与排队管理,景中景与二次收费/套票陷阱,景区运营与排队管理,景中景与二次收费/套票陷阱,黄果树瀑布,黄果树瀑布,作为去过贵州的我来说  我真的希望有个团 不去黄果树，黄果树门票贵，区间车离门口远。 人爆炸多。放假体验极差。景色也就那样。去小红书搜搜你们就知道了 黄果树最好的玩法就是网上看看。
296251780593,116402707111300,成人：3880元，假期全力错峰的一条贵州线，人比较少，偏小众,https://www.bilibili.com/video/av116402707111300,开***行,工***利,,未知,2026-04-15 08:34,2026,22,0,5.7,强力种草/惊艳好评,1.0,自然风光与气候避暑,瀑布水景视觉震撼 | 高山峡谷与世界级桥梁,自然风光与气候避暑,瀑布水景视觉震撼,黄果树瀑布,黄果树瀑布,安顺的旅游资源真是太丰富了，除了黄果树、坝凌河大桥外，大圣之眼、天印山草原，甚至是坝凌河大桥下的滴水滩瀑布都很值得去，在路边都能捡到化石。当然现在还没到丰水期，可以过段时间去。
298891925424,116402707111300,成人：3880元，假期全力错峰的一条贵州线，人比较少，偏小众,https://www.bilibili.com/video/av116402707111300,开***行,什***啊,,未知,2026-04-14 20:01,2026,18,8,7.61,强力种草/惊艳好评,1.0,消费预算与综合性价比,高性价比与平民消费好评,消费预算与综合性价比,高性价比与平民消费好评,贵州全域/综合,贵州全域/综合,过年才去过贵州，强推酷玩森林。自己去的价格不便宜，旅长这个应该是优惠不少的
260852219505,114381773870880,避雷贵州景点红黑榜这些地方千万不要去#贵州旅游攻略  #黄果树瀑布  #西江千户苗寨  #贵州旅游,https://www.bilibili.com/video/av114381773870880,贵***甜,果***总,,未知,2025-05-02 09:11,2025,85,14,10.39,客观探讨/咨询互动,0.0,景区运营与排队管理,核心项目超长排队与拥堵,景区运营与排队管理,核心项目超长排队与拥堵,贵阳市区/黔灵山,贵阳市区/黔灵山,民生路的广告，鉴定完毕。民生路最近人山人海，真的没必要去。
261319712337,114381773870880,避雷贵州景点红黑榜这些地方千万不要去#贵州旅游攻略  #黄果树瀑布  #西江千户苗寨  #贵州旅游,https://www.bilibili.com/video/av114381773870880,贵***甜,F***初,,未知,2025-05-07 22:05,2025,21,4,7.25,强力种草/惊艳好评,2.0,自然风光与气候避暑,瀑布水景视觉震撼 | 夏季清凉避暑体验,自然风光与气候避暑,瀑布水景视觉震撼,黄果树瀑布 | 荔波小七孔 | 梵净山 | 贵阳市区/黔灵山 | 织金洞 | 万峰林/马岭河 | 镇远古城/舞阳河 | 遵义红色胜地/赤水 | 阿西里西韭菜坪/百里杜鹃,黄果树瀑布,"贵州10个5A景区（万峰林2024也升级5A了），去过8个，龙宫和万峰林没去不做评价；
个人推荐去的：梵净山、漳江景区（就是含小七孔的总称）、黄果树瀑布、百里杜鹃（这个看气候年份，遇到花期整齐的年份就很美）这几个第一档，然后赤水丹霞、织金洞也非常值得去，镇远跟凤凰类似，看个人喜好，青岩绝大部分是后期新建不是很推荐，2010在贵阳读书去过，比现在小好多好多[笑哭]"
261075990064,114381773870880,避雷贵州景点红黑榜这些地方千万不要去#贵州旅游攻略  #黄果树瀑布  #西江千户苗寨  #贵州旅游,https://www.bilibili.com/video/av114381773870880,贵***甜,e***5,,未知,2025-04-23 13:30,2025,20,3,6.95,客观探讨/咨询互动,0.0,自然风光与气候避暑,瀑布水景视觉震撼,自然风光与气候避暑,瀑布水景视觉震撼,黄果树瀑布,黄果树瀑布,丰水期不仅要去大瀑布，顺道打个车要去看看滴水滩瀑布
232587281408,112745324219482,千万不要7月8月来贵州了，小七孔被淹，黄果树，，变成了黄水瀑布，如果一定要来就7月8号以后再来,https://www.bilibili.com/video/av112745324219482,旅***婷,时***淌,,未知,2024-07-20 18:30,2024,44,5,8.5,客观探讨/咨询互动,0.0,自然风光与气候避暑,瀑布水景视觉震撼,自然风光与气候避暑,瀑布水景视觉震撼,贵州全域/综合,贵州全域/综合,昨天去的，哥们你确定？
232429295248,112745324219482,千万不要7月8月来贵州了，小七孔被淹，黄果树，，变成了黄水瀑布，如果一定要来就7月8号以后再来,https://www.bilibili.com/video/av112745324219482,旅***婷,老***5,,未知,2024-07-19 21:43,2024,35,4,7.98,客观探讨/咨询互动,0.0,交通自驾与行程路况,山路弯道与自驾难度,交通自驾与行程路况,山路弯道与自驾难度,贵州全域/综合,贵州全域/综合,怎么能做到一天一个地儿玩的，百度地图查了下，景点跟景点间至少都相差两三百公里，光路程都得半天了，难道马不停蹄那样走吗
233322776288,112745324219482,千万不要7月8月来贵州了，小七孔被淹，黄果树，，变成了黄水瀑布，如果一定要来就7月8号以后再来,https://www.bilibili.com/video/av112745324219482,旅***婷,生***头,,未知,2024-07-24 13:08,2024,12,3,6.23,强力种草/惊艳好评,1.0,交通自驾与行程路况,山路弯道与自驾难度,交通自驾与行程路况,山路弯道与自驾难度,黄果树瀑布,黄果树瀑布,19号去了黄果树，说是水太大，水廉洞没开，感觉白去了。他推荐这几个地方离得很远，1千块路费加门票都不够。
231933713520,112745324219482,千万不要7月8月来贵州了，小七孔被淹，黄果树，，变成了黄水瀑布，如果一定要来就7月8号以后再来,https://www.bilibili.com/video/av112745324219482,旅***婷,特***F,,未知,2024-07-17 13:03,2024,10,9,6.9,客观探讨/咨询互动,0.0,综合旅游体验与漫游杂谈,全省概览/多景点串联游记,综合旅游体验与漫游杂谈,全省概览/多景点串联游记,贵州全域/综合,贵州全域/综合,吓我一跳7月8月都不去，我今年是去不成了
312569616608,117051951679663,我们把老板绑到了瀑布里……,https://www.bilibili.com/video/av117051951679663,星***所,星***所,,未知,2026-08-07 11:48,2026,768,12,13.53,强力种草/惊艳好评,1.0,自然风光与气候避暑 | 安全防范与避坑预警,瀑布水景视觉震撼 | 高山峡谷与世界级桥梁 | 水上漂流与徒步涉水安全,自然风光与气候避暑,瀑布水景视觉震撼,贵州全域/综合,贵州全域/综合,"大家好，我是本期视频的主创之一郑强。时隔一年，《新山海经》终于又更新了！欢迎和我们一起，跳进贵州的瀑布里，感受""水上贵州""的凉快。

这是我的第一次贵州之旅，出差玩水简直不要太快乐！一路上我时常会感慨：很难想象在漫长的地质历史时期，河流得用多大的力气，才能造出这么壮观的风景——而且很多还是限时的。每到夏天，这些瀑布就集体上线，我现在才真正明白，""贵州人手一条瀑布""不是一句玩笑话。

这一路，我们从最北追到最南，一路跟着水走。路上遇见了无数条无名瀑布，经常是转个弯，就看见远处的峡谷里挂着一条。

但贵州带给我的震撼，不只在河，还在路。那些藏在群山深处的瀑布，居然条条都有路能到，车也开得进去，山里的路平整得超乎想象。""把路修到家家户户""，在贵州真不是一句口号，而是实实在在修到了每个地方、每个人。

最后，这次视频和以往的会很不一样，欢迎一键三连，更期待在评论区看到你们手中的那条瀑布！"
309249949281,117051951679663,我们把老板绑到了瀑布里……,https://www.bilibili.com/video/av117051951679663,星***所,小***界,,未知,2026-08-07 13:02,2026,35,4,7.98,客观探讨/咨询互动,0.0,消费预算与综合性价比,高性价比与平民消费好评,消费预算与综合性价比,高性价比与平民消费好评,贵州全域/综合,贵州全域/综合,贵州和广西相比......
312576786496,117051951679663,我们把老板绑到了瀑布里……,https://www.bilibili.com/video/av117051951679663,星***所,老***锤,,未知,2026-08-07 12:41,2026,43,2,7.77,强力种草/惊艳好评,2.0,综合旅游体验与漫游杂谈,全省概览/多景点串联游记,综合旅游体验与漫游杂谈,全省概览/多景点串联游记,贵州全域/综合,贵州全域/综合,最喜欢这个up的一点就是，虽然几乎每一期都有赞助广告，但是广告一点不突兀，插入的很合理丝滑让你感觉不到它的存在，不影响观感，制作非常精良，画质也是顶中顶。[歪嘴]
309240156817,117051951679663,我们把老板绑到了瀑布里……,https://www.bilibili.com/video/av117051951679663,星***所,水***泥,,未知,2026-08-07 11:49,2026,38,1,7.19,客观探讨/咨询互动,0.0,自然风光与气候避暑,瀑布水景视觉震撼,自然风光与气候避暑,瀑布水景视觉震撼,贵州全域/综合,贵州全域/综合,其实我国境内还有一个世界第一高的瀑布，不过在藏东南地区的墨脱县，那的瀑布更野很有劲，所长可以去看看[星星眼]
312643656848,117051951679663,我们把老板绑到了瀑布里……,https://www.bilibili.com/video/av117051951679663,星***所,d***t,,未知,2026-08-07 21:21,2026,13,0,4.96,客观探讨/咨询互动,0.0,自然风光与气候避暑,瀑布水景视觉震撼,自然风光与气候避暑,瀑布水景视觉震撼,贵州全域/综合,贵州全域/综合,贵州的野瀑布很多，随便拿一条去外省都是5A
309560869953,117051951679663,我们把老板绑到了瀑布里……,https://www.bilibili.com/video/av117051951679663,星***所,L***1,,未知,2026-08-09 18:44,2026,63,0,7.24,客观探讨/咨询互动,0.0,消费预算与综合性价比,高性价比与平民消费好评,消费预算与综合性价比,高性价比与平民消费好评,贵州全域/综合,贵州全域/综合,我大贵州好棒😭😭😭
309236870689,117051951679663,我们把老板绑到了瀑布里……,https://www.bilibili.com/video/av117051951679663,星***所,辰***e,,未知,2026-08-07 11:20,2026,97,4,9.49,客观探讨/咨询互动,0.0,自然风光与气候避暑,瀑布水景视觉震撼,自然风光与气候避暑,瀑布水景视觉震撼,贵州全域/综合,贵州全域/综合,老板真惨啊，刚被蚊子吸了血，又被绑到了瀑布。
309237094753,117051951679663,我们把老板绑到了瀑布里……,https://www.bilibili.com/video/av117051951679663,星***所,你***吗,,未知,2026-08-07 11:22,2026,313,6,11.57,客观探讨/咨询互动,0.0,餐饮美食与特色体验,特色小吃与夜市文化,餐饮美食与特色体验,特色小吃与夜市文化,贵州全域/综合,贵州全域/综合,所长死亡率最高的一集[吃瓜]
309550102913,117051951679663,我们把老板绑到了瀑布里……,https://www.bilibili.com/video/av117051951679663,星***所,北***路,,未知,2026-08-09 17:17,2026,109,3,9.44,强力种草/惊艳好评,1.0,自然风光与气候避暑,瀑布水景视觉震撼,自然风光与气候避暑,瀑布水景视觉震撼,贵州全域/综合,贵州全域/综合,还是喜欢你们发的这个瀑布[爱心]
312594702928,117051951679663,我们把老板绑到了瀑布里……,https://www.bilibili.com/video/av117051951679663,星***所,冠***锜,,未知,2026-08-07 15:09,2026,43,5,8.47,客观探讨/咨询互动,0.0,自然风光与气候避暑,夏季清凉避暑体验,自然风光与气候避暑,夏季清凉避暑体验,六盘水凉都/乌蒙大草原,六盘水凉都/乌蒙大草原,来贵州避暑吧，六盘水的夏天19度呢[害羞][害羞][害羞]
309553706545,117051951679663,我们把老板绑到了瀑布里……,https://www.bilibili.com/video/av117051951679663,星***所,默***贼,,未知,2026-08-09 17:48,2026,12,1,5.54,客观探讨/咨询互动,0.0,消费预算与综合性价比,高性价比与平民消费好评,消费预算与综合性价比,高性价比与平民消费好评,贵州全域/综合,贵州全域/综合,请持续更新，这是我唯一了解贵州的方式[doge]
309243161457,117051951679663,我们把老板绑到了瀑布里……,https://www.bilibili.com/video/av117051951679663,星***所,发***果,,未知,2026-08-07 12:11,2026,212,4,10.65,客观探讨/咨询互动,0.0,自然风光与气候避暑,瀑布水景视觉震撼,自然风光与气候避暑,瀑布水景视觉震撼,贵州全域/综合,贵州全域/综合,丰水期羊皮洞瀑布
314290662368,117051951679663,我们把老板绑到了瀑布里……,https://www.bilibili.com/video/av117051951679663,星***所,M***s,,未知,2026-08-19 18:57,2026,38,1,7.19,客观探讨/咨询互动,0.0,综合旅游体验与漫游杂谈,全省概览/多景点串联游记,综合旅游体验与漫游杂谈,全省概览/多景点串联游记,贵州全域/综合,贵州全域/综合,[doge_金箍]
309454508145,117051951679663,我们把老板绑到了瀑布里……,https://www.bilibili.com/video/av117051951679663,星***所,你***哟,,未知,2026-08-08 22:17,2026,199,9,11.25,客观探讨/咨询互动,0.0,自然风光与气候避暑,瀑布水景视觉震撼,自然风光与气候避暑,瀑布水景视觉震撼,贵州全域/综合,贵州全域/综合,家边随处可见的瀑布
309237006161,117051951679663,我们把老板绑到了瀑布里……,https://www.bilibili.com/video/av117051951679663,星***所,小***r,,未知,2026-08-07 11:21,2026,271,11,11.89,客观探讨/咨询互动,0.0,交通自驾与行程路况,山路弯道与自驾难度,交通自驾与行程路况,山路弯道与自驾难度,贵州全域/综合,贵州全域/综合,这么开心送点礼物[doge]
309244681969,117051951679663,我们把老板绑到了瀑布里……,https://www.bilibili.com/video/av117051951679663,星***所,李***么,,未知,2026-08-07 12:22,2026,813,12,13.62,客观探讨/咨询互动,0.0,自然风光与气候避暑,瀑布水景视觉震撼,自然风光与气候避暑,瀑布水景视觉震撼,贵州全域/综合,贵州全域/综合,限定版双色瀑布
313209817392,117051951679663,我们把老板绑到了瀑布里……,https://www.bilibili.com/video/av117051951679663,星***所,奤***米,,未知,2026-08-11 22:50,2026,119,6,10.13,客观探讨/咨询互动,0.0,消费预算与综合性价比,高性价比与平民消费好评,消费预算与综合性价比,高性价比与平民消费好评,贵州全域/综合,贵州全域/综合,请继续保持更新，这是我了解贵州的唯一途径
309256381233,117051951679663,我们把老板绑到了瀑布里……,https://www.bilibili.com/video/av117051951679663,星***所,麻***鱼,,未知,2026-08-07 13:53,2026,238,15,11.99,强力种草/惊艳好评,1.0,自然风光与气候避暑,瀑布水景视觉震撼 | 高山峡谷与世界级桥梁,自然风光与气候避暑,瀑布水景视觉震撼,贵州全域/综合,贵州全域/综合,上周刚去的广西德天跨国瀑布[脱单doge]附近的通灵大峡谷也好玩
309236455169,117051951679663,我们把老板绑到了瀑布里……,https://www.bilibili.com/video/av117051951679663,星***所,七***子,,未知,2026-08-07 11:17,2026,490,22,13.43,客观探讨/咨询互动,0.0,自然风光与气候避暑,瀑布水景视觉震撼,自然风光与气候避暑,瀑布水景视觉震撼,贵州全域/综合,贵州全域/综合,刚从贵州回来，这里有各种形态的瀑布
313858087792,117051951679663,我们把老板绑到了瀑布里……,https://www.bilibili.com/video/av117051951679663,星***所,你***灬,,未知,2026-08-16 16:13,2026,38,1,7.19,客观探讨/咨询互动,0.0,交通自驾与行程路况,山路弯道与自驾难度,交通自驾与行程路况,山路弯道与自驾难度,贵州全域/综合,贵州全域/综合,写的论文有幸被最心仪的单位引用，开心极了[给心心][给心心]
312597379776,117051951679663,我们把老板绑到了瀑布里……,https://www.bilibili.com/video/av117051951679663,星***所,拖***基,,未知,2026-08-07 15:31,2026,62,3,8.6,客观探讨/咨询互动,0.0,自然风光与气候避暑,瀑布水景视觉震撼,自然风光与气候避暑,瀑布水景视觉震撼,贵州全域/综合,贵州全域/综合,上個月去了黃果樹，天氣不怎麽好，但也看到了彩虹[脸红]
312849809792,117051951679663,我们把老板绑到了瀑布里……,https://www.bilibili.com/video/av117051951679663,星***所,未***雨,,未知,2026-08-09 11:57,2026,45,6,8.69,客观探讨/咨询互动,0.0,综合旅游体验与漫游杂谈,全省概览/多景点串联游记,综合旅游体验与漫游杂谈,全省概览/多景点串联游记,贵州全域/综合,贵州全域/综合,地理生写了一些简单的笔记[星星眼][打call]
309711180817,117051951679663,我们把老板绑到了瀑布里……,https://www.bilibili.com/video/av117051951679663,星***所,L***1,,未知,2026-08-10 20:53,2026,12,1,5.54,客观探讨/咨询互动,0.0,自然风光与气候避暑,瀑布水景视觉震撼,自然风光与气候避暑,瀑布水景视觉震撼,荔波小七孔,荔波小七孔,贵州小七孔那边有将近100级阶梯的瀑布，走在那边就相当于你和河流并肩一起下山（去过但没照片[笑哭]）
312888352672,117051951679663,我们把老板绑到了瀑布里……,https://www.bilibili.com/video/av117051951679663,星***所,d***d,,未知,2026-08-09 17:13,2026,10,1,5.29,强力种草/惊艳好评,1.0,综合旅游体验与漫游杂谈,全省概览/多景点串联游记,综合旅游体验与漫游杂谈,全省概览/多景点串联游记,贵州全域/综合,贵州全域/综合,好喜欢结尾一家唱的歌，循环了好多遍。可惜网上搜不到
309240168769,117051951679663,我们把老板绑到了瀑布里……,https://www.bilibili.com/video/av117051951679663,星***所,尚*,,未知,2026-08-07 11:47,2026,237,7,11.29,客观探讨/咨询互动,0.0,自然风光与气候避暑,瀑布水景视觉震撼,自然风光与气候避暑,瀑布水景视觉震撼,黄果树瀑布,黄果树瀑布,上个月去的，下大雨，没能去水帘洞，只能远观。
309236779265,117051951679663,我们把老板绑到了瀑布里……,https://www.bilibili.com/video/av117051951679663,星***所,危***安,,未知,2026-08-07 11:19,2026,29,3,7.49,客观探讨/咨询互动,0.0,综合旅游体验与漫游杂谈,全省概览/多景点串联游记,综合旅游体验与漫游杂谈,全省概览/多景点串联游记,贵州全域/综合,贵州全域/综合,来吧宝贝[星星眼]
309238348641,117051951679663,我们把老板绑到了瀑布里……,https://www.bilibili.com/video/av117051951679663,星***所,你***吗,,未知,2026-08-07 11:33,2026,61,2,8.29,客观探讨/咨询互动,0.0,综合旅游体验与漫游杂谈,全省概览/多景点串联游记,综合旅游体验与漫游杂谈,全省概览/多景点串联游记,贵州全域/综合,贵州全域/综合,观后感:
312697119680,117051951679663,我们把老板绑到了瀑布里……,https://www.bilibili.com/video/av117051951679663,星***所,双***选,,未知,2026-08-08 09:35,2026,31,4,7.81,客观探讨/咨询互动,0.0,自然风光与气候避暑,瀑布水景视觉震撼,自然风光与气候避暑,瀑布水景视觉震撼,黄果树瀑布,黄果树瀑布,孙悟空当年钻水帘洞是不是就是这体验感
312734803888,117051951679663,我们把老板绑到了瀑布里……,https://www.bilibili.com/video/av117051951679663,星***所,A***呀,,未知,2026-08-08 14:55,2026,66,5,9.1,客观探讨/咨询互动,0.0,消费预算与综合性价比,高性价比与平民消费好评,消费预算与综合性价比,高性价比与平民消费好评,贵州全域/综合,贵州全域/综合,你怎么知道我刚刚去了贵州[脸红]
312603665136,117051951679663,我们把老板绑到了瀑布里……,https://www.bilibili.com/video/av117051951679663,星***所,奤***米,,未知,2026-08-07 16:26,2026,38,1,7.19,客观探讨/咨询互动,0.0,综合旅游体验与漫游杂谈,全省概览/多景点串联游记,综合旅游体验与漫游杂谈,全省概览/多景点串联游记,贵州全域/综合,贵州全域/综合,质量依旧令小生惊叹，能欣赏这样的作品是小生的荣幸
312625554480,117051951679663,我们把老板绑到了瀑布里……,https://www.bilibili.com/video/av117051951679663,星***所,英***慕,,未知,2026-08-07 19:08,2026,35,3,7.76,客观探讨/咨询互动,0.0,自然风光与气候避暑,瀑布水景视觉震撼,自然风光与气候避暑,瀑布水景视觉震撼,贵州全域/综合,贵州全域/综合,去年也去了贵州好几处瀑布，这会去贵州还是挺凉快的。
309249188593,117051951679663,我们把老板绑到了瀑布里……,https://www.bilibili.com/video/av117051951679663,星***所,-***-,,未知,2026-08-07 12:56,2026,39,1,7.23,客观探讨/咨询互动,0.0,综合旅游体验与漫游杂谈,全省概览/多景点串联游记,综合旅游体验与漫游杂谈,全省概览/多景点串联游记,贵州全域/综合,贵州全域/综合,上个月刚去
312594575200,117051951679663,我们把老板绑到了瀑布里……,https://www.bilibili.com/video/av117051951679663,星***所,y***i,,未知,2026-08-07 15:07,2026,15,2,6.26,客观探讨/咨询互动,0.0,综合旅游体验与漫游杂谈,全省概览/多景点串联游记,综合旅游体验与漫游杂谈,全省概览/多景点串联游记,贵州全域/综合,贵州全域/综合,桢公子哪里去了
310352597296,116951976248599,黄果树真没那么神？贵州十大5A级景区从夯到拉！,https://www.bilibili.com/video/av116951976248599,嘻***行,栗***森,,未知,2026-07-22 12:57,2026,13,9,7.26,客观探讨/咨询互动,0.0,自然风光与气候避暑,瀑布水景视觉震撼,自然风光与气候避暑,瀑布水景视觉震撼,荔波小七孔 | 梵净山,荔波小七孔,本地人告诉你，像梵净山，小七孔这样的山水风景，夏天不来那还不如不来[笑哭]
230718509344,1506185539,一日苗寨少女体验，轮到我来下蛊了…,https://www.bilibili.com/video/av1506185539,-***-,河***华,,未知,2024-07-10 20:42,2024,3818,42,17.13,客观探讨/咨询互动,0.0,综合旅游体验与漫游杂谈,全省概览/多景点串联游记,综合旅游体验与漫游杂谈,全省概览/多景点串联游记,贵州全域/综合,贵州全域/综合,这个造型眼前一亮呀！
230703058432,1506185539,一日苗寨少女体验，轮到我来下蛊了…,https://www.bilibili.com/video/av1506185539,-***-,-***-,,未知,2024-07-10 19:17,2024,4436,175,18.77,强力种草/惊艳好评,3.0,自然风光与气候避暑 | 商业化程度与民俗真实感 | 消费预算与综合性价比,瀑布水景视觉震撼 | 旅拍乱象与服装套路 | 高性价比与平民消费好评,自然风光与气候避暑,瀑布水景视觉震撼,西江千户苗寨,西江千户苗寨,"地点：西江千户苗寨
门票：110元
长桌宴：68元
写真：100元10张的苗寨写真（不包妆造/不包精修/照片我自己是比较满意的🈵）
住宿：云亭酒店（去的时候还是淡季，400多一晚上，旺季要1k）环境是不错的，如果只是去玩可以考虑住苗寨外面，外面也有很多酒店，价格比里面便宜，住里面晚上会有点吵，木架子隔音很难特别好。
	
说实话！这里太美了太适合拍照了，我也是为了这风景冲的，不拍照的话，不建议去！
	
✅优点：
景独一份
写真拍摄很成熟也很多
西江博物馆不错
	
❌缺点：
人人人人（景里面都是人/且还是淡季
太多写真馆了（震撼多），其他体验偏少
体力要好不然走来走去太累了
酒店旺季价格超高
	
贵州这个地方我特别喜欢，天气很好，吃的也好好吃，好多美丽的自然风光，夏天很适合去贵州玩，大家有机会去贵州玩玩哈，如果想去苗寨的话可以多看看攻略，看看自己的诉求，多多对比咯～"
230678736848,1506185539,一日苗寨少女体验，轮到我来下蛊了…,https://www.bilibili.com/video/av1506185539,-***-,不***名,,未知,2024-07-10 17:01,2024,2863,16,15.77,客观探讨/咨询互动,0.0,综合旅游体验与漫游杂谈,全省概览/多景点串联游记,综合旅游体验与漫游杂谈,全省概览/多景点串联游记,贵州全域/综合,贵州全域/综合,《欣小萌到处跑》
230681493792,1506185539,一日苗寨少女体验，轮到我来下蛊了…,https://www.bilibili.com/video/av1506185539,-***-,苟*,,未知,2024-07-10 17:19,2024,1614,21,15.17,客观探讨/咨询互动,0.0,综合旅游体验与漫游杂谈,全省概览/多景点串联游记,综合旅游体验与漫游杂谈,全省概览/多景点串联游记,贵州全域/综合,贵州全域/综合,02:02 小萌好颜艺[doge]
230679176656,1506185539,一日苗寨少女体验，轮到我来下蛊了…,https://www.bilibili.com/video/av1506185539,-***-,让***里,,未知,2024-07-10 17:05,2024,1185,17,14.51,客观探讨/咨询互动,0.0,自然风光与气候避暑,瀑布水景视觉震撼,自然风光与气候避暑,瀑布水景视觉震撼,贵州全域/综合,贵州全域/综合,看小萌姐从初中看到大学了，小萌姐真是越来越漂亮了[洛天依]
230686768080,1506185539,一日苗寨少女体验，轮到我来下蛊了…,https://www.bilibili.com/video/av1506185539,-***-,宅***0,,未知,2024-07-10 17:49,2024,1539,15,14.78,客观探讨/咨询互动,0.0,综合旅游体验与漫游杂谈,全省概览/多景点串联游记,综合旅游体验与漫游杂谈,全省概览/多景点串联游记,贵州全域/综合,贵州全域/综合,这封面美爆了
230695193936,1506185539,一日苗寨少女体验，轮到我来下蛊了…,https://www.bilibili.com/video/av1506185539,-***-,是***啊,,未知,2024-07-10 18:36,2024,1984,20,15.43,客观探讨/咨询互动,0.0,住宿价格与酒店民宿,景区内住宿 vs 市区中转选择,住宿价格与酒店民宿,景区内住宿 vs 市区中转选择,贵州全域/综合,贵州全域/综合,"刚刚走，早知道小萌回来多住几天了[委屈]
我拍的[给心心]"
230956904496,1506185539,一日苗寨少女体验，轮到我来下蛊了…,https://www.bilibili.com/video/av1506185539,-***-,心***烛,,未知,2024-07-12 03:03,2024,1140,25,14.82,避坑预警/痛点吐槽,-2.0,交通自驾与行程路况,山路弯道与自驾难度,交通自驾与行程路况,山路弯道与自驾难度,西江千户苗寨,西江千户苗寨,"作为西江千户苗寨的前景区的工作人员，本人现在已经离职，在职期间作为一线员工在此景区我遇到太多太多的事情，我以一个本地人和前员工身份和你们说一下游玩事项和注意事项，对于你们想要来和即将要来的小伙伴有个提醒和警醒作用，说不定关乎你们生命安全，毕竟有些信息你们是在网上找不到的，大家有出行计划的一定看到最后。
1.首先是西江千户苗寨景区尽量选择周末来，而不是五一国庆寒暑假这样的旺季，一年365天里就有淡季和旺季之分，但大家过来玩尽量是三月份到十月份除开五一国庆和寒暑假的周末可以来，因为苗寨就4.5个平方公里，旺季真的是前胸贴后背，这个时段没必要来也玩不到什么，一天下来车的坐不到累死累活，只会对这次旅行失望甚至充满怨气。（评论区还有）"
230733659776,1506185539,一日苗寨少女体验，轮到我来下蛊了…,https://www.bilibili.com/video/av1506185539,-***-,薄***雨,,未知,2024-07-10 22:05,2024,1108,15,14.29,客观探讨/咨询互动,0.0,综合旅游体验与漫游杂谈,全省概览/多景点串联游记,综合旅游体验与漫游杂谈,全省概览/多景点串联游记,贵州全域/综合,贵州全域/综合,哇塞上个月去的，穿的同款苗服[星星眼]
230685492704,1506185539,一日苗寨少女体验，轮到我来下蛊了…,https://www.bilibili.com/video/av1506185539,-***-,-***-,,未知,2024-07-10 17:42,2024,1101,76,15.85,客观探讨/咨询互动,0.0,综合旅游体验与漫游杂谈,全省概览/多景点串联游记,综合旅游体验与漫游杂谈,全省概览/多景点串联游记,贵州全域/综合,贵州全域/综合,家…家人们好啊
230732734144,1506185539,一日苗寨少女体验，轮到我来下蛊了…,https://www.bilibili.com/video/av1506185539,-***-,遠***-,,未知,2024-07-10 21:59,2024,1007,27,14.71,客观探讨/咨询互动,0.0,综合旅游体验与漫游杂谈,全省概览/多景点串联游记,综合旅游体验与漫游杂谈,全省概览/多景点串联游记,西江千户苗寨,西江千户苗寨,"苗寨少女❌
苗寨圣主✓[doge]"
230678817520,1506185539,一日苗寨少女体验，轮到我来下蛊了…,https://www.bilibili.com/video/av1506185539,-***-,修***客,,未知,2024-07-10 17:02,2024,659,10,13.14,客观探讨/咨询互动,0.0,综合旅游体验与漫游杂谈,全省概览/多景点串联游记,综合旅游体验与漫游杂谈,全省概览/多景点串联游记,西江千户苗寨,西江千户苗寨,"苗寨少女用蛊让人害怕
小萌就不一样了
她直接让人害怕[doge]"
231650681168,1506185539,一日苗寨少女体验，轮到我来下蛊了…,https://www.bilibili.com/video/av1506185539,-***-,胖***车,,未知,2024-07-15 22:04,2024,770,18,13.92,客观探讨/咨询互动,0.0,综合旅游体验与漫游杂谈,全省概览/多景点串联游记,综合旅游体验与漫游杂谈,全省概览/多景点串联游记,贵州全域/综合,贵州全域/综合,去过。哈哈哈。
230789836208,1506185539,一日苗寨少女体验，轮到我来下蛊了…,https://www.bilibili.com/video/av1506185539,-***-,边***花,,未知,2024-07-11 08:52,2024,404,6,11.95,客观探讨/咨询互动,0.0,综合旅游体验与漫游杂谈,全省概览/多景点串联游记,综合旅游体验与漫游杂谈,全省概览/多景点串联游记,贵州全域/综合,贵州全域/综合,好美[星星眼]
230683380704,1506185539,一日苗寨少女体验，轮到我来下蛊了…,https://www.bilibili.com/video/av1506185539,-***-,O***O,,未知,2024-07-10 17:29,2024,260,5,11.14,客观探讨/咨询互动,0.0,综合旅游体验与漫游杂谈,全省概览/多景点串联游记,综合旅游体验与漫游杂谈,全省概览/多景点串联游记,贵州全域/综合,贵州全域/综合,啊啊好适合！
230854589200,1506185539,一日苗寨少女体验，轮到我来下蛊了…,https://www.bilibili.com/video/av1506185539,-***-,N***_,,未知,2024-07-11 16:02,2024,226,13,11.78,客观探讨/咨询互动,0.0,商业化程度与民俗真实感,旅拍乱象与服装套路,商业化程度与民俗真实感,旅拍乱象与服装套路,贵州全域/综合,贵州全域/综合,啊啊啊我也刚回来！！不得不说妆造和摄影都还是不错的 但是这儿逛着确实费脚（。
230696813824,1506185539,一日苗寨少女体验，轮到我来下蛊了…,https://www.bilibili.com/video/av1506185539,-***-,l***昊,,未知,2024-07-10 18:44,2024,224,6,11.07,客观探讨/咨询互动,0.0,自然风光与气候避暑 | 餐饮美食与特色体验 | 商业化程度与民俗真实感,喀斯特溶洞地质奇观 | 特色小吃与夜市文化 | 千户苗寨商业化过度/同质化,自然风光与气候避暑,喀斯特溶洞地质奇观,织金洞,织金洞,本人贵州人在外地，到了贵州一定要吃，有各种各样的美食。这些景点商业化同质化非常严重，在贵州主要是看山水 溶洞，看个博物馆，希望小萌在贵州有个好的体验！[给心心]
230818333376,1506185539,一日苗寨少女体验，轮到我来下蛊了…,https://www.bilibili.com/video/av1506185539,-***-,吃***怪,,未知,2024-07-11 12:12,2024,160,4,10.23,客观探讨/咨询互动,0.0,自然风光与气候避暑,瀑布水景视觉震撼,自然风光与气候避暑,瀑布水景视觉震撼,贵州全域/综合,贵州全域/综合,前天刚刚回来！
230814107264,1506185539,一日苗寨少女体验，轮到我来下蛊了…,https://www.bilibili.com/video/av1506185539,-***-,久***枪,,未知,2024-07-11 11:47,2024,184,5,10.62,客观探讨/咨询互动,0.0,综合旅游体验与漫游杂谈,全省概览/多景点串联游记,综合旅游体验与漫游杂谈,全省概览/多景点串联游记,贵州全域/综合,贵州全域/综合,去年也拍了一组(*°▽°*)八(*°▽°*)♪
230768344192,1506185539,一日苗寨少女体验，轮到我来下蛊了…,https://www.bilibili.com/video/av1506185539,-***-,S***君,,未知,2024-07-11 01:52,2024,150,11,11.01,客观探讨/咨询互动,0.0,综合旅游体验与漫游杂谈,全省概览/多景点串联游记,综合旅游体验与漫游杂谈,全省概览/多景点串联游记,贵州全域/综合,贵州全域/综合,蓝凤凰！！！！
230763568112,1506185539,一日苗寨少女体验，轮到我来下蛊了…,https://www.bilibili.com/video/av1506185539,-***-,永***喵,,未知,2024-07-11 01:04,2024,165,6,10.61,客观探讨/咨询互动,0.0,综合旅游体验与漫游杂谈,全省概览/多景点串联游记,综合旅游体验与漫游杂谈,全省概览/多景点串联游记,贵州全域/综合,贵州全域/综合,桌面get
230679643776,1506185539,一日苗寨少女体验，轮到我来下蛊了…,https://www.bilibili.com/video/av1506185539,-***-,牛***相,,未知,2024-07-10 17:07,2024,105,3,9.38,客观探讨/咨询互动,0.0,交通自驾与行程路况,山路弯道与自驾难度,交通自驾与行程路况,山路弯道与自驾难度,贵州全域/综合,贵州全域/综合,欣小萌没开美颜的样子
230702288800,1506185539,一日苗寨少女体验，轮到我来下蛊了…,https://www.bilibili.com/video/av1506185539,-***-,老***尘,,未知,2024-07-10 19:14,2024,117,10,10.55,客观探讨/咨询互动,0.0,自然风光与气候避暑 | 餐饮美食与特色体验,夏季清凉避暑体验 | 特色小吃与夜市文化,自然风光与气候避暑,夏季清凉避暑体验,贵州全域/综合,贵州全域/综合,国家开始发力了吗？前些年国家有文件说要把我们贵州作为改造省份的示范省，当时没啥感觉，现在前些天才看了盗月社去吃羊肉粉，今天又刷到了小萌的视频，或者说纯粹我想多了，你们是来贵州避暑的[doge]不管怎样还是欢迎来玩[打call]
230684749936,1506185539,一日苗寨少女体验，轮到我来下蛊了…,https://www.bilibili.com/video/av1506185539,-***-,萌***o,,未知,2024-07-10 17:38,2024,102,6,9.9,客观探讨/咨询互动,0.0,自然风光与气候避暑,瀑布水景视觉震撼,自然风光与气候避暑,瀑布水景视觉震撼,西江千户苗寨,西江千户苗寨,当时我们还在千户苗寨遇到一个表演，说是北京来的艺术家，来卖写的字。说的是碰巧在这，结果出去一查，这人基本上天天在。叫任超磊。
230799746416,1506185539,一日苗寨少女体验，轮到我来下蛊了…,https://www.bilibili.com/video/av1506185539,-***-,依***a,,未知,2024-07-11 10:12,2024,90,3,9.15,客观探讨/咨询互动,0.0,综合旅游体验与漫游杂谈,全省概览/多景点串联游记,综合旅游体验与漫游杂谈,全省概览/多景点串联游记,西江千户苗寨,西江千户苗寨,俩月之前去苗寨拍的小狗[鼓掌]
230679471696,1506185539,一日苗寨少女体验，轮到我来下蛊了…,https://www.bilibili.com/video/av1506185539,-***-,请***爬,,未知,2024-07-10 17:06,2024,96,2,8.96,客观探讨/咨询互动,0.0,景区运营与排队管理,大门外移与强制观光车,景区运营与排队管理,大门外移与强制观光车,西江千户苗寨,西江千户苗寨,我永远不会忘记，在千户苗寨我手机在去做电瓶车的那个桥上掉下去了，自己拖鞋搞了半天去捡起来，还在播放b站视频[doge]
230704839792,1506185539,一日苗寨少女体验，轮到我来下蛊了…,https://www.bilibili.com/video/av1506185539,-***-,月***人,,未知,2024-07-10 19:27,2024,100,11,10.41,强力种草/惊艳好评,2.0,餐饮美食与特色体验 | 商业化程度与民俗真实感,特色小吃与夜市文化 | 民俗表演与人文真实互动,餐饮美食与特色体验,特色小吃与夜市文化,贵州全域/综合,贵州全域/综合,"不晓得这个视频是不是商单啊。就我个人体验（仅供参考）来说:
1.我是完全不推荐去。商业化太严重了，里面所谓的特色美食，中国几乎所有的县城步行街都看得到。价格还挺贵。
2.我去过湖南凤凰古城，云南丽江古城，重庆龚滩古镇等等很多类似的地方，说实话，贵州这个，我体验最差。
3.特意去拍照的话，可以选个离家近一些的小众少数民族古镇，这个时候只需要考虑成本，不用考虑出片，拍出来效果基本完全一样。
4.欣小萌很漂亮，不落俗套的美。"
231264381920,1506185539,一日苗寨少女体验，轮到我来下蛊了…,https://www.bilibili.com/video/av1506185539,-***-,W***U,,未知,2024-07-13 20:25,2024,81,4,9.22,客观探讨/咨询互动,0.0,综合旅游体验与漫游杂谈,全省概览/多景点串联游记,综合旅游体验与漫游杂谈,全省概览/多景点串联游记,贵州全域/综合,贵州全域/综合,同款黑苗[星星眼][星星眼][星星眼]
230679305456,1506185539,一日苗寨少女体验，轮到我来下蛊了…,https://www.bilibili.com/video/av1506185539,-***-,万***代,,未知,2024-07-10 17:05,2024,93,5,9.61,客观探讨/咨询互动,0.0,综合旅游体验与漫游杂谈,全省概览/多景点串联游记,综合旅游体验与漫游杂谈,全省概览/多景点串联游记,贵州全域/综合,贵州全域/综合,趁着没人  我要当小萌的狗[脱单doge]
230683798624,1506185539,一日苗寨少女体验，轮到我来下蛊了…,https://www.bilibili.com/video/av1506185539,-***-,K***8,,未知,2024-07-10 17:32,2024,75,4,9.11,客观探讨/咨询互动,0.0,商业化程度与民俗真实感,旅拍乱象与服装套路,商业化程度与民俗真实感,旅拍乱象与服装套路,贵州全域/综合,贵州全域/综合,小萌姐能不能把最后几张写真发出来[脱单doge][抱拳]
230679800032,1506185539,一日苗寨少女体验，轮到我来下蛊了…,https://www.bilibili.com/video/av1506185539,-***-,我***戬,,未知,2024-07-10 17:08,2024,79,3,8.96,客观探讨/咨询互动,0.0,综合旅游体验与漫游杂谈,全省概览/多景点串联游记,综合旅游体验与漫游杂谈,全省概览/多景点串联游记,贵州全域/综合,贵州全域/综合,一两个月前的照片
230678891040,1506185539,一日苗寨少女体验，轮到我来下蛊了…,https://www.bilibili.com/video/av1506185539,-***-,-***-,,未知,2024-07-10 17:02,2024,77,4,9.14,客观探讨/咨询互动,0.0,综合旅游体验与漫游杂谈,全省概览/多景点串联游记,综合旅游体验与漫游杂谈,全省概览/多景点串联游记,贵州全域/综合,贵州全域/综合,小萌姐可以发些照片在动态吗？好适合当壁纸超美的[打call]
230678395488,1506185539,一日苗寨少女体验，轮到我来下蛊了…,https://www.bilibili.com/video/av1506185539,-***-,微***告,,未知,2024-07-10 17:00,2024,96,6,9.81,客观探讨/咨询互动,0.0,综合旅游体验与漫游杂谈,全省概览/多景点串联游记,综合旅游体验与漫游杂谈,全省概览/多景点串联游记,西江千户苗寨,西江千户苗寨,看了你的苗寨体验视频，超有趣！仿佛我也跟着下蛊了哈哈，文化之旅总是那么神秘又吸引人~
230730686464,1506185539,一日苗寨少女体验，轮到我来下蛊了…,https://www.bilibili.com/video/av1506185539,-***-,楼***潶,,未知,2024-07-10 21:49,2024,60,0,7.17,客观探讨/咨询互动,0.0,综合旅游体验与漫游杂谈,全省概览/多景点串联游记,综合旅游体验与漫游杂谈,全省概览/多景点串联游记,贵州全域/综合,贵州全域/综合,这件事发生在去年[OK][OK]
230696332224,1506185539,一日苗寨少女体验，轮到我来下蛊了…,https://www.bilibili.com/video/av1506185539,-***-,盛***鱼,,未知,2024-07-10 18:41,2024,57,8,9.29,客观探讨/咨询互动,0.0,综合旅游体验与漫游杂谈,全省概览/多景点串联游记,综合旅游体验与漫游杂谈,全省概览/多景点串联游记,贵州全域/综合,贵州全域/综合,摄影不评分，人满分[呲牙]
230685926144,1506185539,一日苗寨少女体验，轮到我来下蛊了…,https://www.bilibili.com/video/av1506185539,-***-,不***经,,未知,2024-07-10 17:44,2024,45,4,8.35,客观探讨/咨询互动,0.0,综合旅游体验与漫游杂谈,全省概览/多景点串联游记,综合旅游体验与漫游杂谈,全省概览/多景点串联游记,贵州全域/综合,贵州全域/综合,这头饰一直戴着会不会很累呀？[思考]
230680603344,1506185539,一日苗寨少女体验，轮到我来下蛊了…,https://www.bilibili.com/video/av1506185539,-***-,夜***屑,,未知,2024-07-10 17:13,2024,51,1,7.62,客观探讨/咨询互动,0.0,综合旅游体验与漫游杂谈,全省概览/多景点串联游记,综合旅游体验与漫游杂谈,全省概览/多景点串联游记,贵州全域/综合,贵州全域/综合,这个视频看完我的寿命就被减少了十四分钟，好可怕的蛊[脱单doge]
272818387744,1506185539,一日苗寨少女体验，轮到我来下蛊了…,https://www.bilibili.com/video/av1506185539,-***-,r***霖,,未知,2025-08-16 13:43,2025,54,17,9.9,客观探讨/咨询互动,0.0,综合旅游体验与漫游杂谈,全省概览/多景点串联游记,综合旅游体验与漫游杂谈,全省概览/多景点串联游记,贵州全域/综合,贵州全域/综合,今年和老婆也去玩了！！[给心心][给心心]
230737901792,1506185539,一日苗寨少女体验，轮到我来下蛊了…,https://www.bilibili.com/video/av1506185539,-***-,与***安,,未知,2024-07-10 22:27,2024,44,1,7.4,客观探讨/咨询互动,0.0,综合旅游体验与漫游杂谈,全省概览/多景点串联游记,综合旅游体验与漫游杂谈,全省概览/多景点串联游记,贵州全域/综合,贵州全域/综合,这两张美爆了[星星眼][星星眼][星星眼]
230686888000,1506185539,一日苗寨少女体验，轮到我来下蛊了…,https://www.bilibili.com/video/av1506185539,-***-,魅***r,,未知,2024-07-10 17:50,2024,33,3,7.68,客观探讨/咨询互动,0.0,消费预算与综合性价比,高性价比与平民消费好评,消费预算与综合性价比,高性价比与平民消费好评,贵州全域/综合,贵州全域/综合,我们贵州也是出息了，能让小萌来[doge]
230688892016,1506185539,一日苗寨少女体验，轮到我来下蛊了…,https://www.bilibili.com/video/av1506185539,-***-,詩*,,未知,2024-07-10 18:01,2024,29,3,7.49,客观探讨/咨询互动,0.0,消费预算与综合性价比,高性价比与平民消费好评,消费预算与综合性价比,高性价比与平民消费好评,贵州全域/综合,贵州全域/综合,看到小萌这个视频，回想起之前在贵州的照片
230678623008,1506185539,一日苗寨少女体验，轮到我来下蛊了…,https://www.bilibili.com/video/av1506185539,-***-,呐***宁,,未知,2024-07-10 17:01,2024,27,1,6.69,强力种草/惊艳好评,1.0,综合旅游体验与漫游杂谈,全省概览/多景点串联游记,综合旅游体验与漫游杂谈,全省概览/多景点串联游记,贵州全域/综合,贵州全域/综合,苗疆少女小萌！！！银饰好好看，皮肤白皙！[打call][打call][星星眼][星星眼]
231390163328,1506185539,一日苗寨少女体验，轮到我来下蛊了…,https://www.bilibili.com/video/av1506185539,-***-,-***-,,未知,2024-07-14 14:16,2024,26,1,6.64,客观探讨/咨询互动,0.0,综合旅游体验与漫游杂谈,全省概览/多景点串联游记,综合旅游体验与漫游杂谈,全省概览/多景点串联游记,贵州全域/综合,贵州全域/综合,好可爱的小萌，我居然和小萌一样拍过苗服[星星眼]
230942424992,1506185539,一日苗寨少女体验，轮到我来下蛊了…,https://www.bilibili.com/video/av1506185539,-***-,小***的,,未知,2024-07-12 00:22,2024,20,2,6.67,客观探讨/咨询互动,0.0,综合旅游体验与漫游杂谈,全省概览/多景点串联游记,综合旅游体验与漫游杂谈,全省概览/多景点串联游记,贵州全域/综合,贵州全域/综合,后边篮球场我看了一场球[doge]
231191586912,1506185539,一日苗寨少女体验，轮到我来下蛊了…,https://www.bilibili.com/video/av1506185539,-***-,G***1,,未知,2024-07-13 12:48,2024,16,1,5.94,强力种草/惊艳好评,1.0,综合旅游体验与漫游杂谈,全省概览/多景点串联游记,综合旅游体验与漫游杂谈,全省概览/多景点串联游记,贵州全域/综合,贵州全域/综合,也是见到小萌了，真的好好看
230681114576,1506185539,一日苗寨少女体验，轮到我来下蛊了…,https://www.bilibili.com/video/av1506185539,-***-,木***A,,未知,2024-07-10 17:16,2024,16,7,7.33,强力种草/惊艳好评,1.0,综合旅游体验与漫游杂谈,全省概览/多景点串联游记,综合旅游体验与漫游杂谈,全省概览/多景点串联游记,贵州全域/综合,贵州全域/综合,大概多少预算能好好玩呀[捂眼]
231086864096,1506185539,一日苗寨少女体验，轮到我来下蛊了…,https://www.bilibili.com/video/av1506185539,-***-,如***间,,未知,2024-07-12 20:46,2024,15,1,5.85,客观探讨/咨询互动,0.0,综合旅游体验与漫游杂谈,全省概览/多景点串联游记,综合旅游体验与漫游杂谈,全省概览/多景点串联游记,贵州全域/综合,贵州全域/综合,端午节去过，很美[呲牙]
230760001536,1506185539,一日苗寨少女体验，轮到我来下蛊了…,https://www.bilibili.com/video/av1506185539,-***-,雨***彡,,未知,2024-07-11 00:34,2024,15,2,6.26,客观探讨/咨询互动,0.0,自然风光与气候避暑,瀑布水景视觉震撼,自然风光与气候避暑,瀑布水景视觉震撼,贵州全域/综合,贵州全域/综合,我拍的风景
230702490880,1506185539,一日苗寨少女体验，轮到我来下蛊了…,https://www.bilibili.com/video/av1506185539,-***-,小***烟,,未知,2024-07-10 19:14,2024,14,6,7.01,实战攻略/避坑技巧,0.2,住宿价格与酒店民宿,景区内住宿 vs 市区中转选择,住宿价格与酒店民宿,景区内住宿 vs 市区中转选择,西江千户苗寨,西江千户苗寨,去千户苗寨的时候人巨多，观赏效果不好，到景区也就五百来米的距离都要强制买票坐车，晚上睡觉楼上的走来走去走来走去，本来就是木头房子，一走就咯吱咯吱响，一家人一晚上都没睡好，特糟糕的一次旅行体验
230931246560,1506185539,一日苗寨少女体验，轮到我来下蛊了…,https://www.bilibili.com/video/av1506185539,-***-,如***乄,,未知,2024-07-11 23:14,2024,12,0,4.85,强力种草/惊艳好评,2.0,综合旅游体验与漫游杂谈,全省概览/多景点串联游记,综合旅游体验与漫游杂谈,全省概览/多景点串联游记,贵州全域/综合,贵州全域/综合,爱了爱了[喜欢][喜欢][喜欢]
98264380416,550603165,西江千户苗寨，是怎样被毁掉的？,https://www.bilibili.com/video/av550603165,亭***野,z***惜,,未知,2022-01-12 11:13,2022,960,53,15.29,强力种草/惊艳好评,2.0,餐饮美食与特色体验 | 住宿价格与酒店民宿,特色小吃与夜市文化 | 民宿卫生隔音与硬件体验,餐饮美食与特色体验,特色小吃与夜市文化,西江千户苗寨,西江千户苗寨,我家就是西江苗寨的，看到你这么说我自己的家乡，觉得太过分了。以前西江路都不通，我爷爷奶奶出寨子，都是步行爬山出去，一趟要好几个小时，我很小的时候都吃不到那么多好吃的水果，那么多好吃的美食，更不用说喝奶茶吃什么甜品了。自从西江开发以后，我们生活慢慢的就好了，路也通了，厕所也修好了，什么好吃的都有了，至少冬天冷了能吹空调了，虽然老人们还是喜欢铁炉子。大学毕业论文我都写的自己家乡，我觉得很自豪。其实我们西江寨子的人都很热情、团结，过得都很幸福，生活也越来越好。我们热情的欢迎大家到我们苗寨来玩，但是也不允许像你这样胡说八道的。
98266337632,550603165,西江千户苗寨，是怎样被毁掉的？,https://www.bilibili.com/video/av550603165,亭***野,杀***万,,未知,2022-01-12 11:35,2022,751,17,13.82,客观探讨/咨询互动,0.0,商业化程度与民俗真实感,原生态村寨与民俗好评,商业化程度与民俗真实感,原生态村寨与民俗好评,贵州全域/综合,贵州全域/综合,"文青要去旅游，最好有大巴，还得未开发原生态。
然后到了地方跟当地居民聊天。大叔说开发了路通了自己还能做点小生意，破房也修缮了，文青说这不好，你最好回到以前那样。大叔问为啥，因为那样我爱看。"
98257263664,550603165,西江千户苗寨，是怎样被毁掉的？,https://www.bilibili.com/video/av550603165,亭***野,不***人,,未知,2022-01-12 09:39,2022,653,18,13.67,强力种草/惊艳好评,1.0,商业化程度与民俗真实感 | 住宿价格与酒店民宿,原生态村寨与民俗好评 | 景区内住宿 vs 市区中转选择,商业化程度与民俗真实感,原生态村寨与民俗好评,贵州全域/综合,贵州全域/综合,整篇都在自己臆测，把自己和其他游客区别开来，仿佛你去你就是为了体验原生态的“纯粹”体验者，其他游客去就是赶热闹拍照破坏原生态的low客人，搞搞清楚你自己也就是个普通游客而已。如果那边完全不开发，你以为你能做到舒服的大巴车，你一个陌生外地人去了谁接待你，你想住哪个村民家，住了吃不吃饭上不上厕所给不给钱，人家不搞旅游开发，谁有义务招待你个外地人，像这种封闭山村，都不讲普通话的懂吗，到村口就给你轰走，照你的逻辑，你自己就是个破坏者，别特么觉得自己精神清极了立意高极了，人请你自己，一个普通游客
98263261984,550603165,西江千户苗寨，是怎样被毁掉的？,https://www.bilibili.com/video/av550603165,亭***野,门***丶,,未知,2022-01-12 11:01,2022,367,6,11.81,客观探讨/咨询互动,0.0,商业化程度与民俗真实感,原生态村寨与民俗好评,商业化程度与民俗真实感,原生态村寨与民俗好评,西江千户苗寨,西江千户苗寨,真正原生态的苗寨我看很多人也是一天都住不下去的。
98260113744,550603165,西江千户苗寨，是怎样被毁掉的？,https://www.bilibili.com/video/av550603165,亭***野,天***菜,,未知,2022-01-12 10:18,2022,321,6,11.61,客观探讨/咨询互动,0.0,交通自驾与行程路况,山路弯道与自驾难度,交通自驾与行程路况,山路弯道与自驾难度,贵州全域/综合,贵州全域/综合,Up对旅游开发的思考是有意义的，但是评论这么多人批评，是因为up切入的角度和态度不太对劲。文青们对田园牧歌有种不切实际的幻想，以一种高站位俯视后发展地区，往往带着猎奇的心态来的，当他们的游历不能满足自己这种心理，就会有心理落差。被参观的是人，是活的经济社会生态，他们也有发展的权力。up的审视一旦脱离了这个物质现实，就会过于理想化，显得冰冷无情。辩证、发展是唯物史观的重要部分，不要太机械了。
98252253216,550603165,西江千户苗寨，是怎样被毁掉的？,https://www.bilibili.com/video/av550603165,亭***野,账***销,,未知,2022-01-12 08:05,2022,177,15,11.55,客观探讨/咨询互动,0.0,综合旅游体验与漫游杂谈,全省概览/多景点串联游记,综合旅游体验与漫游杂谈,全省概览/多景点串联游记,贵州全域/综合,贵州全域/综合,没被毁掉啊，动不动就用毁掉，商业化等等，不商业土著人不用过好日子？
98255913120,550603165,西江千户苗寨，是怎样被毁掉的？,https://www.bilibili.com/video/av550603165,亭***野,拔***呀,,未知,2022-01-12 09:17,2022,144,4,10.07,强力种草/惊艳好评,1.0,餐饮美食与特色体验 | 商业化程度与民俗真实感,酸汤系列与特色火锅 | 旅拍乱象与服装套路,餐饮美食与特色体验,酸汤系列与特色火锅,西江千户苗寨,西江千户苗寨,10年去过苗寨，那会也东寨还是老石板路，寨子里村民穿着好看的衣服见到游客拍照会热情的笑，苗王家里在围吃猪杂火锅，说二十块钱可以加入一起吃……今年再去，沿街是豪华商圈，夜晚灯红酒绿一片喧嚣，而也东寨里确是半荒废的萧瑟感，正如博主所说，现在的千户苗寨正如那些旅拍的鲜艳苗服，只有躯壳没了底蕴。
98254355360,550603165,西江千户苗寨，是怎样被毁掉的？,https://www.bilibili.com/video/av550603165,亭***野,林***姻,,未知,2022-01-12 08:50,2022,134,9,10.66,客观探讨/咨询互动,0.0,自然风光与气候避暑 | 住宿价格与酒店民宿,夏季清凉避暑体验 | 景区内住宿 vs 市区中转选择,自然风光与气候避暑,夏季清凉避暑体验,西江千户苗寨,西江千户苗寨,我7月份去过，我个人觉得很不错，千户苗寨游玩1－2天很合适，而且贵州天气比我们这低8－10度 ，很适合避暑。如果22年夏天没有疫情的话我会带着老婆孩子再去贵州旅游。我不知道你所谓的商业化是指什么？一个这么大的景区，每天接待那么多人， 进去了要吃饭吧？要喝水吧？要睡觉吧？那要吃饭就得有饭店，要喝水就得有商店，要睡觉就得有旅店。请问你认为怎么才能做到不商业化？你说的郎德，那边就没有开发？ 同样也开发了啊！现在没有开发这么严重只是因为去的人没有千户苗寨那么多，如果郎德一天游客也达到上万了，你认为它会不会是下一个千户苗寨？有句话叫：有人的地方就有江湖，同理有人去旅游的地方就得有商业。我本人也有10几年的旅游经历，中国大部分地方都去过，不管是5A还是不知名的小景区，只要有人的地方就得喝水吃饭，那么就得有商店饭店，这是必然的。如果把苗寨那些商店全部撤掉，恢复成以前当地老百姓住的样子，你还去不去？去了你住哪里？住老百姓家里？当地老百姓家又能容纳几个人？到了那里你喝什么？喝苗寨中间那条河的水？你吃什么？自己带面包去还是去老百姓家里吃饭？你觉得他们一天又能做出几个人的饭来？贵州那么多原始村落你咋不去？你跑去一个开发出来的景区找所谓的民族文化？你说你在重庆街头、海南农庄同样能看灯。那么我想请问你：如果在重庆 在海南你没地方住，那你还去不去？同理，如果我告诉你：千户就是一个原始村落，去了那里吃饭不方便，住宿也不方便，请问你还去不去？商业的存在是因为你有使用的需求，原始的地方你不敢去，商业的地方去了又要骂，有这个必要？
98260166368,550603165,西江千户苗寨，是怎样被毁掉的？,https://www.bilibili.com/video/av550603165,亭***野,枯***骨,,未知,2022-01-12 10:18,2022,120,3,9.58,客观探讨/咨询互动,0.0,商业化程度与民俗真实感,千户苗寨商业化过度/同质化,商业化程度与民俗真实感,千户苗寨商业化过度/同质化,贵州全域/综合,贵州全域/综合,你这套不就是我去了个商业化的景区然后说这个地方太商业化？这么大的地方，弄成商业旅游区都是为了赚钱，那么多人那么多投资不就是为了赚钱，走成熟的路子才能更快的开始盈利。
98268893072,550603165,西江千户苗寨，是怎样被毁掉的？,https://www.bilibili.com/video/av550603165,亭***野,娘***啊,,未知,2022-01-12 12:02,2022,112,6,10.04,客观探讨/咨询互动,0.0,商业化程度与民俗真实感,千户苗寨商业化过度/同质化,商业化程度与民俗真实感,千户苗寨商业化过度/同质化,贵州全域/综合,贵州全域/综合,Up所说的的是这个意思，并不是不满江西人如何，而是如今景区商业化后是否能够保持自己本地文化特色而长久立于不败之地。我去的小镇也有8.9个了，确实这种景区对对于游客来说，确实千篇一律，毫无新意。可是如此的景区长远未来的发展在哪呢？
98271065184,550603165,西江千户苗寨，是怎样被毁掉的？,https://www.bilibili.com/video/av550603165,亭***野,导***士,,未知,2022-01-12 12:23,2022,94,3,9.22,强力种草/惊艳好评,1.0,交通自驾与行程路况,山路弯道与自驾难度,交通自驾与行程路况,山路弯道与自驾难度,贵州全域/综合,贵州全域/综合,"UP不是讲商业化，而是讲可持续性发展的问题。
海南人表示深感赞同，无脑开发短期能带来利益，但后期遗毒无穷。"
98260101872,550603165,西江千户苗寨，是怎样被毁掉的？,https://www.bilibili.com/video/av550603165,亭***野,祭*,,未知,2022-01-12 10:18,2022,84,3,9.05,强力种草/惊艳好评,1.0,自然风光与气候避暑 | 商业化程度与民俗真实感,瀑布水景视觉震撼 | 千户苗寨商业化过度/同质化,自然风光与气候避暑,瀑布水景视觉震撼,贵州全域/综合,贵州全域/综合,比较赞同up，1.作为旅游区角度来看，少一些同质化，多一些原来的风景原来的特色，不仅是对游客的尊重也是对曾经这里文化的尊重。2.作为商业化角度来看，在赚钱的同时，是不是更应该注意能不能给这里的生活的居民带来什么，关心一下他们的生活变好了还是变坏了
98266136080,550603165,西江千户苗寨，是怎样被毁掉的？,https://www.bilibili.com/video/av550603165,亭***野,啊***啊,,未知,2022-01-12 11:33,2022,79,2,8.67,强力种草/惊艳好评,1.0,自然风光与气候避暑 | 交通自驾与行程路况 | 商业化程度与民俗真实感,瀑布水景视觉震撼 | 山路弯道与自驾难度 | 原生态村寨与民俗好评,自然风光与气候避暑,瀑布水景视觉震撼,西江千户苗寨,西江千户苗寨,"想去原生态苗寨，可以啊，往深山里走，穿过崎岖蜿蜒的山路里，随便一处山间的小村寨就是，你会去，怕不是嫌弃下过雨的泥泞山路会脏了你高贵的脚，昏暗的灯光照不亮你绝美的容颜，朴素的三餐会刮伤你娇贵的胃，语言不通、满村的孤寡老人与留守儿童在你眼里就是土乡下人。
你要是真的想去看原生态的苗寨，可以，但你会去吗？
你自以为是，带着孤高自傲，与众不同的心境去往你梦想中的地方，发现了梦想与现实的区别后，站在高层上去批判这一切的不实际。"
98267293360,550603165,西江千户苗寨，是怎样被毁掉的？,https://www.bilibili.com/video/av550603165,亭***野,话***真,,未知,2022-01-12 11:45,2022,77,2,8.63,客观探讨/咨询互动,0.0,景区运营与排队管理,核心项目超长排队与拥堵,景区运营与排队管理,核心项目超长排队与拥堵,贵州全域/综合,贵州全域/综合,看到那么多人喷up，我说句更难听的话，被玩烂的景区不止这一个，这也不是最烂的一个[OK]
98256315680,550603165,西江千户苗寨，是怎样被毁掉的？,https://www.bilibili.com/video/av550603165,亭***野,海***喵,,未知,2022-01-12 09:25,2022,75,1,8.19,实战攻略/避坑技巧,0.2,商业化程度与民俗真实感,千户苗寨商业化过度/同质化,商业化程度与民俗真实感,千户苗寨商业化过度/同质化,贵州全域/综合,贵州全域/综合,很多人讨论都没抓到现在这些所谓旅游热点的真正的缺陷那就是千篇一律，商业化是没有错，但商业化过程中带来的追求量产而简单复制才让人厌恶。开发商只追逐资本，从没有想过如何科学规划和利用旅游资源，也不会深度挖掘，什么景点特色都是浮在表面，去所谓的古镇，基本都是一个模版，里面陈列的东西也大同小异，才是目前最大的问题
98269123968,550603165,西江千户苗寨，是怎样被毁掉的？,https://www.bilibili.com/video/av550603165,亭***野,言***9,,未知,2022-01-12 12:04,2022,63,3,8.62,客观探讨/咨询互动,0.0,综合旅游体验与漫游杂谈,全省概览/多景点串联游记,综合旅游体验与漫游杂谈,全省概览/多景点串联游记,贵州全域/综合,贵州全域/综合,这和瑞典少女有啥区别  站在道德高地指指点点
98259394880,550603165,西江千户苗寨，是怎样被毁掉的？,https://www.bilibili.com/video/av550603165,亭***野,圣***氪,,未知,2022-01-12 10:09,2022,56,3,8.45,强力种草/惊艳好评,1.0,商业化程度与民俗真实感,原生态村寨与民俗好评,商业化程度与民俗真实感,原生态村寨与民俗好评,贵州全域/综合,贵州全域/综合,文化是当地人的文化，你不能因为喜欢原生态，就让别人保持原生态。你想看到的诗意也许是别人的吃不饱穿不暖。只要当地苗族人觉得能过得更好，拆了文物改商品房也不可惜。让你住木屋十年，你就不会这么多抱怨了。
98273035856,550603165,西江千户苗寨，是怎样被毁掉的？,https://www.bilibili.com/video/av550603165,亭***野,是***呀,,未知,2022-01-12 12:42,2022,52,1,7.65,避坑预警/痛点吐槽,-1.0,交通自驾与行程路况 | 商业化程度与民俗真实感 | 住宿价格与酒店民宿,高铁大巴换乘与班次衔接 | 原生态村寨与民俗好评 | 位置偏远与接驳不便,交通自驾与行程路况,高铁大巴换乘与班次衔接,贵州全域/综合,贵州全域/综合,笑死了，城里的文青真不错。你要是在早十年来，这里就不一样了。你还没进去呢就已经回去了。又想着便利，又想着原生态，我一个广西人都觉得，你是一个笑话。我拿我这边的举例子，旅游区在村里，山里，离城市五六十甚至七八十公里。到哪里就是一个巴车站而已，你还要深入山里，村里，有些地方是小车都去不了的，你要徒步。你可能要住山里，天为被地为席，你怕吗？还是你觉得住在山里真不错？就算是去到村里，别人用方言问候你，你不会说，没交流，人家离你？直接把你当做可疑分子赶出村。你可别说的太不是了，很多旅游业就是为了赚钱，都是拿别人成熟的旅游业做[无语]想去原生态，进雨林吧。
98254951408,550603165,西江千户苗寨，是怎样被毁掉的？,https://www.bilibili.com/video/av550603165,亭***野,流***2,,未知,2022-01-12 09:01,2022,50,3,8.28,强力种草/惊艳好评,1.0,综合旅游体验与漫游杂谈,全省概览/多景点串联游记,综合旅游体验与漫游杂谈,全省概览/多景点串联游记,贵州全域/综合,贵州全域/综合,很奇怪为啥是负面评价居多。也不喜欢这种过于商业化的东西，不是不喜欢商业化，而是过于商业化，没有自己特色的商业化，没有看到文化没有特色，没有看到苗族
98257247872,550603165,西江千户苗寨，是怎样被毁掉的？,https://www.bilibili.com/video/av550603165,亭***野,账***销,,未知,2022-01-12 09:38,2022,45,3,8.13,避坑预警/痛点吐槽,-2.0,综合旅游体验与漫游杂谈,全省概览/多景点串联游记,综合旅游体验与漫游杂谈,全省概览/多景点串联游记,贵州全域/综合,贵州全域/综合,"老文青了，矫情。
刻意让旁白句子连接很紧凑，垃圾剪辑，恶心。"
98270906656,550603165,西江千户苗寨，是怎样被毁掉的？,https://www.bilibili.com/video/av550603165,亭***野,穿***甲,,未知,2022-01-12 12:22,2022,42,4,8.25,强力种草/惊艳好评,1.0,商业化程度与民俗真实感,千户苗寨商业化过度/同质化,商业化程度与民俗真实感,千户苗寨商业化过度/同质化,贵州全域/综合,贵州全域/综合,我也对千篇一律的商业街有厌恶，但是反过头来想想，怎么才能保留原来瓦破砖缺的旧街市呢？这样的旧街市很多人不想去住，环境不好住起来不舒服，最终只能改造。然而说到改造，我觉得改造才是现在商业街最大的问题，因为没找到合适的风格盲目的模仿给人批量化的感觉，但是反过来一想，难道要把他们用同样的材料建成和以前一样，但是有些又不如现在的混凝土耐用的旧街市吗？我只能说，旧房改造是一门大学问，需要研究透彻，根据当地特色与现有的技术结合，因为建房子的时兴材料也和以前不同了，那如何把握呢？大家都不懂，因为我们不是专业的人员，看到这么多千篇一律的商业街，我只能感慨，发展还需要时间，我们总得给时间来发展，让技术等各方面做到和当地特色紧密结合吧[doge]
98249710480,550603165,西江千户苗寨，是怎样被毁掉的？,https://www.bilibili.com/video/av550603165,亭***野,J***m,,未知,2022-01-12 06:35,2022,42,4,8.25,客观探讨/咨询互动,0.0,自然风光与气候避暑,瀑布水景视觉震撼,自然风光与气候避暑,瀑布水景视觉震撼,贵州全域/综合,贵州全域/综合,一旦和人流量，资本沾边哪有什么独一无二！最美的风景在哪里？人越少风景越美好！哪怕是一望无垠的沙漠也有它的美[doge]
98260680976,550603165,西江千户苗寨，是怎样被毁掉的？,https://www.bilibili.com/video/av550603165,亭***野,帅***秃,,未知,2022-01-12 10:26,2022,38,0,6.5,客观探讨/咨询互动,0.0,商业化程度与民俗真实感,千户苗寨商业化过度/同质化 | 原生态村寨与民俗好评,商业化程度与民俗真实感,千户苗寨商业化过度/同质化,贵州全域/综合,贵州全域/综合,我并不觉得开发是件坏事，毕竟当地人也有权利追求幸福生活，但是要看怎么开发。把原来千人千面的文化和村寨改成一副面孔的商业街算开发还是破坏？这种开发热度过后开发商卷钱跑了去到下一个村寨，当地人能留下什么？要不要把故宫长城也改成商业街？
98279890832,550603165,西江千户苗寨，是怎样被毁掉的？,https://www.bilibili.com/video/av550603165,亭***野,没***白,,未知,2022-01-12 13:53,2022,36,0,6.42,客观探讨/咨询互动,0.0,住宿价格与酒店民宿,景区内住宿 vs 市区中转选择,住宿价格与酒店民宿,景区内住宿 vs 市区中转选择,贵州全域/综合,贵州全域/综合,"up你这纯粹就是文艺青年装逼瘾犯了。
很多人这么说并不是因为生活变差了好吧，实际生活肯定比以前好多了，真正穷的地方你可以看看比这不入，就算通路有些连车的不通，当地部分人这么说是因为看着有人每天几千几万的收入，自己每天才几百甚至更少长期在这种环境怎么能平衡？实际对比自己以前生活是真的不如了吗？更何况他们身为本地人至少都还有房子？可比我在城里面好多了好吧。因为我城里面没房。
而且up你故意拍点阴暗面说些不着边际的话干嘛？是不是农村就只能种地种田才算是符合你这种装逼范的文艺青年的要求？光种地种田你来给他们家庭一年补十多万吗？你这种说法和西方那些双标狗以及那位瑞典少女的观点有什么区别？不就是限制别人发展，只顾自己？真的觉得需要改变你还不如多去做做志愿者去帮助更多需要帮助的人或家庭。比你在视频里面说些拍些不着边际的话或视频不是好多了？事情是实干出来的，不是站在傍边说出来的。"
98258843904,550603165,西江千户苗寨，是怎样被毁掉的？,https://www.bilibili.com/video/av550603165,亭***野,唐***龈,,未知,2022-01-12 10:02,2022,32,2,7.34,客观探讨/咨询互动,0.0,住宿价格与酒店民宿,景区内住宿 vs 市区中转选择,住宿价格与酒店民宿,景区内住宿 vs 市区中转选择,贵州全域/综合,贵州全域/综合,作者是为原住民的长期发展考虑的，看完才明白这篇游记真正的忧虑在哪。
98249316640,550603165,西江千户苗寨，是怎样被毁掉的？,https://www.bilibili.com/video/av550603165,亭***野,真***修,,未知,2022-01-12 06:06,2022,32,3,7.63,避坑预警/痛点吐槽,-1.0,商业化程度与民俗真实感,民俗表演与人文真实互动,商业化程度与民俗真实感,民俗表演与人文真实互动,贵州全域/综合,贵州全域/综合,各地都是这样的，每个地方的传统建筑风土人情都在慢慢消失，我去过很多地方，我感到失望
98275547584,550603165,西江千户苗寨，是怎样被毁掉的？,https://www.bilibili.com/video/av550603165,亭***野,n***天,,未知,2022-01-12 13:04,2022,29,0,6.1,实战攻略/避坑技巧,0.2,餐饮美食与特色体验,特色小吃与夜市文化,餐饮美食与特色体验,特色小吃与夜市文化,西江千户苗寨,西江千户苗寨,笑不活了，你看不到苗服身上的文化，不应该怪自己没文化吗？[笑哭]景区现在人少，难道不是是因为疫情吗？你对牛角梳没情感，麻烦去了解一下牛角梳的历史。我去过好几次西江，西江的夜景是绝对无法复制的，如果你觉得和城市的灯一样，那只能说你缺乏一双发现美的眼睛和心灵，之所以觉得朗德好，怕不是因为白吃白喝了几天吧！以后所有的景区记住了，先得请这位大佬吃顿饭，不然怎么被黑的都不知道哈哈哈哈…建议找个厂上班吧！[笑哭]
98206513552,550603165,西江千户苗寨，是怎样被毁掉的？,https://www.bilibili.com/video/av550603165,亭***野,白***卡,,未知,2022-01-11 20:02,2022,27,1,6.69,客观探讨/咨询互动,0.0,综合旅游体验与漫游杂谈,全省概览/多景点串联游记,综合旅游体验与漫游杂谈,全省概览/多景点串联游记,贵州全域/综合,贵州全域/综合,很有深度有思考的游记，播放量实在对不起视频质量啊，真希望更多的人能看到，小姐姐加油！
98257102032,550603165,西江千户苗寨，是怎样被毁掉的？,https://www.bilibili.com/video/av550603165,亭***野,Z***兜,,未知,2022-01-12 09:35,2022,24,1,6.52,客观探讨/咨询互动,0.0,综合旅游体验与漫游杂谈,全省概览/多景点串联游记,综合旅游体验与漫游杂谈,全省概览/多景点串联游记,贵州全域/综合,贵州全域/综合,建筑遗产保护有一个原则是原真性原则，就是保持原样，不仅是建筑的时间空间以及功能保持原样，建筑材料和建造技术也要保持原样，更重要的是建筑本身以及周边人的生活方式和状态也要保持原样，这才是一直提倡的原真性原则
98259053856,550603165,西江千户苗寨，是怎样被毁掉的？,https://www.bilibili.com/video/av550603165,亭***野,一***报,,未知,2022-01-12 10:04,2022,22,0,5.7,客观探讨/咨询互动,0.0,商业化程度与民俗真实感,原生态村寨与民俗好评,商业化程度与民俗真实感,原生态村寨与民俗好评,贵州全域/综合,贵州全域/综合,找原生态还去开发过的旅游景区 怕不是故意找茬的
98251560176,550603165,西江千户苗寨，是怎样被毁掉的？,https://www.bilibili.com/video/av550603165,亭***野,_***_,,未知,2022-01-12 07:48,2022,19,2,6.59,客观探讨/咨询互动,0.0,商业化程度与民俗真实感,千户苗寨商业化过度/同质化,商业化程度与民俗真实感,千户苗寨商业化过度/同质化,贵阳市区/黔灵山,贵阳市区/黔灵山,看到up的这个视频想起了今年的我，说实话，最让我遗憾的是十年前贵阳市开阳县的，彩虹桥，怎么描述这种感觉呢？开阳的彩虹桥，是个小湖岛，是由一条路连接过去，岛的周围是湖水和一堆小群山围绕，当时可以感受最接地气的山水之灵的感觉，然而当时我并没有拍摄视频或者照片，当时也没有那种拍摄设备，而今年我特意的再去了一次想把之前没有拍下来的感觉留下来，而到了才发现如今的开发商无处不在，把周围改的商业气息扑满。[大哭][大哭][大哭]
98254949216,550603165,西江千户苗寨，是怎样被毁掉的？,https://www.bilibili.com/video/av550603165,亭***野,D***姜,,未知,2022-01-12 09:01,2022,18,1,6.11,客观探讨/咨询互动,0.0,自然风光与气候避暑,高山峡谷与世界级桥梁,自然风光与气候避暑,高山峡谷与世界级桥梁,西江千户苗寨,西江千户苗寨,一人一个理解吧。我觉得很好，我是一个人去的，住的那家青旅是木制的，看完夜景一个人找小路下山，曲曲折折，很有感觉。第二天一大早，爬山去看日出，静谧的苗寨也很美啊。也没up主说的那么不堪，而且往深处走是能看到一些苗寨的老人。反正街道上我也没怎么逛。
98252535296,550603165,西江千户苗寨，是怎样被毁掉的？,https://www.bilibili.com/video/av550603165,亭***野,青***行,,未知,2022-01-12 08:13,2022,17,2,6.43,客观探讨/咨询互动,0.0,商业化程度与民俗真实感,千户苗寨商业化过度/同质化,商业化程度与民俗真实感,千户苗寨商业化过度/同质化,贵州全域/综合,贵州全域/综合,其实全国各地的民俗风情景观很多商业化的做法都差不多，做旅游生意一定是做量的，做量就会有同质化产品出现，唯一的不同可能是文化上、习惯上的差异化，而这种差异化有时候挖掘起来又很困难，因为有些东西很难商业化，或者说商业化起来的成本很高
98259848032,550603165,西江千户苗寨，是怎样被毁掉的？,https://www.bilibili.com/video/av550603165,亭***野,b***3,,未知,2022-01-12 10:14,2022,16,0,5.25,客观探讨/咨询互动,0.0,餐饮美食与特色体验,特色小吃与夜市文化,餐饮美食与特色体验,特色小吃与夜市文化,贵州全域/综合,贵州全域/综合,up主说的没错，自然风光一点都没有，就会吃山毁山，
98252919680,550603165,西江千户苗寨，是怎样被毁掉的？,https://www.bilibili.com/video/av550603165,亭***野,月***米,,未知,2022-01-12 08:22,2022,15,2,6.26,避坑预警/痛点吐槽,-1.0,综合旅游体验与漫游杂谈,全省概览/多景点串联游记,综合旅游体验与漫游杂谈,全省概览/多景点串联游记,贵州全域/综合,贵州全域/综合,本地人跟你们说：别去，特没意思
98272522288,550603165,西江千户苗寨，是怎样被毁掉的？,https://www.bilibili.com/video/av550603165,亭***野,夜***i,,未知,2022-01-12 12:37,2022,13,0,4.96,客观探讨/咨询互动,0.0,商业化程度与民俗真实感,原生态村寨与民俗好评,商业化程度与民俗真实感,原生态村寨与民俗好评,西江千户苗寨,西江千户苗寨,见到文化批评家要躲远一点，别人过上了现代化的生活挣到了钱，你让人最好变回去原本路都不咋通的老苗寨，这样才够特么的原生态，才够有文化
98261288832,550603165,西江千户苗寨，是怎样被毁掉的？,https://www.bilibili.com/video/av550603165,亭***野,兔***宝,,未知,2022-01-12 10:34,2022,13,0,4.96,客观探讨/咨询互动,0.0,商业化程度与民俗真实感,民俗表演与人文真实互动,商业化程度与民俗真实感,民俗表演与人文真实互动,西江千户苗寨,西江千户苗寨,虽然是商业化了，但是苗寨的文化底蕴还在。你光逛下面当然什么都没有感受，我去的时候就专门上山，上梯田，走进真正的寨里，和当地的人聊聊天感受一下当地人文。也是很好的收获。
98252873728,550603165,西江千户苗寨，是怎样被毁掉的？,https://www.bilibili.com/video/av550603165,亭***野,画***图,,未知,2022-01-12 08:24,2022,13,0,4.96,客观探讨/咨询互动,0.0,综合旅游体验与漫游杂谈,全省概览/多景点串联游记,综合旅游体验与漫游杂谈,全省概览/多景点串联游记,贵州全域/综合,贵州全域/综合,资本掠夺罢了，注定不会长远发展，所以才会那么丑。村民打工挣两千，剩下的八千是老板的，这就是所谓的商业化？
98255769616,550603165,西江千户苗寨，是怎样被毁掉的？,https://www.bilibili.com/video/av550603165,亭***野,长***君,,未知,2022-01-12 09:14,2022,11,1,5.42,客观探讨/咨询互动,0.0,综合旅游体验与漫游杂谈,全省概览/多景点串联游记,综合旅游体验与漫游杂谈,全省概览/多景点串联游记,贵州全域/综合,贵州全域/综合,我觉得up说的很中肯啊，加油up主！
98254606256,550603165,西江千户苗寨，是怎样被毁掉的？,https://www.bilibili.com/video/av550603165,亭***野,荒***狼,,未知,2022-01-12 08:55,2022,11,1,5.42,客观探讨/咨询互动,0.0,综合旅游体验与漫游杂谈,全省概览/多景点串联游记,综合旅游体验与漫游杂谈,全省概览/多景点串联游记,贵州全域/综合,贵州全域/综合,真的是尬黑，普通话都说不好就不要想做解说好吗
98254001360,550603165,西江千户苗寨，是怎样被毁掉的？,https://www.bilibili.com/video/av550603165,亭***野,3***i,,未知,2022-01-12 08:44,2022,11,2,5.83,客观探讨/咨询互动,0.0,综合旅游体验与漫游杂谈,全省概览/多景点串联游记,综合旅游体验与漫游杂谈,全省概览/多景点串联游记,贵州全域/综合,贵州全域/综合,那个老板说的有啥毛病?你还专门发出来diss他?
98248995856,550603165,西江千户苗寨，是怎样被毁掉的？,https://www.bilibili.com/video/av550603165,亭***野,恩*,,未知,2022-01-12 05:45,2022,10,0,4.6,客观探讨/咨询互动,0.0,商业化程度与民俗真实感,千户苗寨商业化过度/同质化,商业化程度与民俗真实感,千户苗寨商业化过度/同质化,贵州全域/综合,贵州全域/综合,同质化了...资本特性
238004402800,550603165,西江千户苗寨，是怎样被毁掉的？,https://www.bilibili.com/video/av550603165,亭***野,夏***o,,未知,2024-08-16 00:47,2024,10,0,4.6,强力种草/惊艳好评,2.0,自然风光与气候避暑 | 交通自驾与行程路况 | 商业化程度与民俗真实感,夏季清凉避暑体验 | 山路弯道与自驾难度 | 千户苗寨商业化过度/同质化,自然风光与气候避暑,夏季清凉避暑体验,西江千户苗寨,西江千户苗寨,2024年8月打卡千户苗寨，然后刷到了这个两年前的视频，简单反馈一下，在古城古镇同质化的今天，千户苗寨给我的感觉是非常喜欢，而且对朋友的推荐程度是最高级，如果有条件我倾向住在景区半山腰，在河边饭店的二楼吃饭，给我印象最深的是四号桥到观景台的山路，超级喜欢，同质化再严重，他们没有西江庞大的规模、地形的高低错落、宜人的气候和别致的建筑风格，很多景区靠表演吸引游客，这里表演不是重头戏，拍照才是，为什么愿意拍照，还不是因为本身就很美。
248072136961,113558515881554,在黔东南和湘西寻访苗族古老的风俗,https://www.bilibili.com/video/av113558515881554,摄***汶,一***提,,未知,2024-11-30 14:32,2024,249,9,11.58,客观探讨/咨询互动,0.0,商业化程度与民俗真实感,民俗表演与人文真实互动,商业化程度与民俗真实感,民俗表演与人文真实互动,贵州全域/综合,贵州全域/综合,up主，我觉得制作这个56个民族的合集是一个非常伟大的事情，可以让更多人了解我们国家的少数民族。你可以去我们湖南贵州的侗族自治地方去看看。作为一个侗族人，我一直很希望大家能够对我们的文化有更深入的了解，我在寝室里跟我的室友说起的时候有人不知道“侗”这个字是怎么读的，甚至还以网上一些片面的为了吸引人们眼球的视频来对我们进行某种定义。所以我希望大家能够对我们少数民族有更多的更深入的了解！
249830064656,113558515881554,在黔东南和湘西寻访苗族古老的风俗,https://www.bilibili.com/video/av113558515881554,摄***汶,L***7,,未知,2024-12-16 12:13,2024,120,4,9.8,客观探讨/咨询互动,0.0,综合旅游体验与漫游杂谈,全省概览/多景点串联游记,综合旅游体验与漫游杂谈,全省概览/多景点串联游记,贵州全域/综合,贵州全域/综合,up主你好，请问可以加您联系方式给我传一张照片嘛，里面的大合照有我奶奶，奶奶已经过世6年了，真的很怀念她，想要更清晰的图片打出来放在家里♥️
248878962208,113558515881554,在黔东南和湘西寻访苗族古老的风俗,https://www.bilibili.com/video/av113558515881554,摄***汶,睚***我,,未知,2024-12-05 13:11,2024,66,5,9.1,强力种草/惊艳好评,1.0,商业化程度与民俗真实感,民俗表演与人文真实互动,商业化程度与民俗真实感,民俗表演与人文真实互动,贵州全域/综合,贵州全域/综合,太漂亮了…特别喜欢少数民族风情，可是现在少数民族地区年轻人都流失了，不知道还能存在多久[委屈]
248793155296,113558515881554,在黔东南和湘西寻访苗族古老的风俗,https://www.bilibili.com/video/av113558515881554,摄***汶,名***字,,未知,2024-12-04 12:34,2024,42,2,7.74,强力种草/惊艳好评,1.0,商业化程度与民俗真实感,民俗表演与人文真实互动,商业化程度与民俗真实感,民俗表演与人文真实互动,贵州全域/综合,贵州全域/综合,老师 您的56张全家福是上过中国地理杂志吗？我对这个系列的作品很有映像，但记不清是哪位老师的作品了。从本期视频中看到我国少数民族同胞的生活情景感慨时间的流逝 文化的变迁，质量非常高我十分喜欢。希望老师多多更新这类视频，祝您一切顺遂[干杯]
248138067089,113558515881554,在黔东南和湘西寻访苗族古老的风俗,https://www.bilibili.com/video/av113558515881554,摄***汶,W***晏,,未知,2024-12-01 09:28,2024,35,2,7.47,客观探讨/咨询互动,0.0,综合旅游体验与漫游杂谈,全省概览/多景点串联游记,综合旅游体验与漫游杂谈,全省概览/多景点串联游记,贵州全域/综合,贵州全域/综合,好爽的镜头啊
248548620400,113558515881554,在黔东南和湘西寻访苗族古老的风俗,https://www.bilibili.com/video/av113558515881554,摄***汶,蒙***单,,未知,2024-12-01 16:39,2024,24,0,5.83,客观探讨/咨询互动,0.0,综合旅游体验与漫游杂谈,全省概览/多景点串联游记,综合旅游体验与漫游杂谈,全省概览/多景点串联游记,贵州全域/综合,贵州全域/综合,在这边基层帮扶工作，今年爽过鼓藏节[保卫萝卜_白眼]
248719794672,113558515881554,在黔东南和湘西寻访苗族古老的风俗,https://www.bilibili.com/video/av113558515881554,摄***汶,莜*,,未知,2024-12-03 15:58,2024,22,4,7.31,客观探讨/咨询互动,0.0,商业化程度与民俗真实感,民俗表演与人文真实互动,商业化程度与民俗真实感,民俗表演与人文真实互动,贵州全域/综合,贵州全域/综合,16年前还是小学的时候，有位韩国的同学，他爸妈好像就是为了研究少数民族文化才搬来凯里住。
248345535152,113558515881554,在黔东南和湘西寻访苗族古老的风俗,https://www.bilibili.com/video/av113558515881554,摄***汶,Y***J,,未知,2024-11-29 11:33,2024,17,1,6.03,客观探讨/咨询互动,0.0,综合旅游体验与漫游杂谈,全省概览/多景点串联游记,综合旅游体验与漫游杂谈,全省概览/多景点串联游记,贵州全域/综合,贵州全域/综合,有幸跟着陈海汶老师的镜头感受到百苗文化和13年一次的鼓藏节盛况[打call][打call][打call]
301986890384,116536454941256,Vlog14|这辈子只去一次的千户苗寨应该这么玩！！,https://www.bilibili.com/video/av116536454941256,小***佳,玖***纪,,未知,2026-05-10 23:12,2026,21,2,6.74,避坑预警/痛点吐槽,-1.0,自然风光与气候避暑 | 餐饮美食与特色体验 | 商业化程度与民俗真实感,瀑布水景视觉震撼 | 特色小吃与夜市文化 | 千户苗寨商业化过度/同质化,自然风光与气候避暑,瀑布水景视觉震撼,西江千户苗寨,西江千户苗寨,贵州雷山这边最好玩还是千户苗寨，这点肯定没错，绝大多数人诟病的都是商业化严重，但没商业化去了你能玩个啥[笑哭]，想去商业化低的可以去朗德（微商业），也可以去大塘，大塘就完全没商业了，顺路可以去水上粮仓打个卡，至于玩那大概会很失望，没啥商业的景点，吃喝玩乐样样没有，对古树有兴趣可以进寨去看看古树，特别多，要更独特点的可以去水溪村，可以给你同时领略古苗寨，人类遗址和大自然的威力[喜极而泣]
185886827280,320531777,西江千户苗寨2天1晚保姆级旅游攻略来啦，包含住宿交通、景区游玩路线,https://www.bilibili.com/video/av320531777,开***国,二***生,,未知,2023-09-14 17:16,2023,49,2,7.97,避坑预警/痛点吐槽,-1.0,住宿价格与酒店民宿,民宿卫生隔音与硬件体验,住宿价格与酒店民宿,民宿卫生隔音与硬件体验,西江千户苗寨,西江千户苗寨,来西江[doge]专坑外地人，西江千户苗寨西门的千云山房大酒店，淡季一晚上最低428，空调不给客人开，很多房间一股霉味，房间和过道上的地毯五年没换过，呕吐物尿液啥的都有，还有房间清洁很差，干净房里的床单上被发现还有别人的液体痕迹、血的痕迹。来玩还是住附近的小酒店吧，这酒店从不把客人当顾客对待，只做一次性生意，OTA网络客人会给一点点面子，空调会开两小时，然后又给你关了，住进去可能会半夜热醒[笑哭]，团队客户的成员空调直接不开，除非闹事，因为团队没地方投诉，所以毫不在乎[doge] 就垃圾酒店3星都达不到，给客人说准4星，而且酒店从来没有评星。
188310228784,320531777,西江千户苗寨2天1晚保姆级旅游攻略来啦，包含住宿交通、景区游玩路线,https://www.bilibili.com/video/av320531777,开***国,鹿***哥,,未知,2023-10-01 22:53,2023,45,9,9.05,强力种草/惊艳好评,1.0,商业化程度与民俗真实感,民俗表演与人文真实互动,商业化程度与民俗真实感,民俗表演与人文真实互动,贵州全域/综合,贵州全域/综合,"如果是大西北，大平原，大城市来的人去这里，是真的好玩，真的新鲜。
但是作为同是旅游城市——喀斯特地貌，山水，少数民族地区的广西人，感觉不是很好玩呀。"
187220325248,320531777,西江千户苗寨2天1晚保姆级旅游攻略来啦，包含住宿交通、景区游玩路线,https://www.bilibili.com/video/av320531777,开***国,小***啊,,未知,2023-09-24 08:40,2023,33,0,6.29,实战攻略/避坑技巧,0.2,交通自驾与行程路况,山路弯道与自驾难度,交通自驾与行程路况,山路弯道与自驾难度,贵州全域/综合,贵州全域/综合,uo主真好，介绍得是全网最详细最清楚的，我看了很多天的贵州情况，都还是稀里糊涂的，其他平台说得乱七八糟，云里雾里，第一次看up主的视频还是搞不太明白，因为不熟悉，结合别人画的路线，第二次看一切都了然于心，真的感谢！！up说得最全面最真实最好！感谢
228931732224,320531777,西江千户苗寨2天1晚保姆级旅游攻略来啦，包含住宿交通、景区游玩路线,https://www.bilibili.com/video/av320531777,开***国,不***子,,未知,2024-06-30 15:47,2024,29,13,8.74,强力种草/惊艳好评,2.0,商业化程度与民俗真实感,千户苗寨商业化过度/同质化,商业化程度与民俗真实感,千户苗寨商业化过度/同质化,西江千户苗寨,西江千户苗寨,家人们谁懂啊，本来以为苗寨商业化严重很失望，结果从这个贵州农村信用社右转进去一直往上走会走到一条小路上，人非常少，而且都是那种苗族人自己住的房屋，建筑保存的非常原始，往上走几分钟可以拍到非常出彩的照片！！而且这条路一直走还可以走到神判坳，非常推荐！！！[喜欢][喜欢]
205863721152,320531777,西江千户苗寨2天1晚保姆级旅游攻略来啦，包含住宿交通、景区游玩路线,https://www.bilibili.com/video/av320531777,开***国,喜***怪,,未知,2024-02-01 15:53,2024,19,4,7.1,客观探讨/咨询互动,0.0,商业化程度与民俗真实感,原生态村寨与民俗好评,商业化程度与民俗真实感,原生态村寨与民俗好评,贵州全域/综合,贵州全域/综合,我们村比这还原生态[doge][笑哭]
203064355024,320531777,西江千户苗寨2天1晚保姆级旅游攻略来啦，包含住宿交通、景区游玩路线,https://www.bilibili.com/video/av320531777,开***国,绘***q,,未知,2024-01-14 03:14,2024,15,3,6.55,避坑预警/痛点吐槽,-2.0,餐饮美食与特色体验 | 商业化程度与民俗真实感,餐饮价格与隐形消费 | 千户苗寨商业化过度/同质化,餐饮美食与特色体验,餐饮价格与隐形消费,西江千户苗寨,西江千户苗寨,西江千户苗寨，最不建议去的景点，不止宰客。纯一个大型商业街，而且景区内物价奇高，住宿贵而且条件差，有些民宿的饮水机水源就干脆是拿桶过去脚下那条河里灌的。整个苗寨看不到几个苗族人也是够奇特的。
186690235264,320531777,西江千户苗寨2天1晚保姆级旅游攻略来啦，包含住宿交通、景区游玩路线,https://www.bilibili.com/video/av320531777,开***国,袁***风,,未知,2023-09-20 12:25,2023,14,2,6.16,强力种草/惊艳好评,1.0,餐饮美食与特色体验,特色小吃与夜市文化,餐饮美食与特色体验,特色小吃与夜市文化,西江千户苗寨,西江千户苗寨,刚去了回来，真的不好玩，苗寨不大，住宿条件是真的差，啥也没有，里面吃饭可以参考省会城市的物价。不要去，不要去，不要去！
117141132896,897584444,房车开到西江千户苗寨，太商业直接劝退，沿江找到个秘境村寨过夜，这才是最享受的旅行,https://www.bilibili.com/video/av897584444,小***猴,小***猴,,未知,2022-06-17 11:00,2022,113,10,10.5,强力种草/惊艳好评,1.0,综合旅游体验与漫游杂谈,全省概览/多景点串联游记,综合旅游体验与漫游杂谈,全省概览/多景点串联游记,西江千户苗寨,西江千户苗寨,欢迎大家在评论里分享自己的旅行经历，给更多人参考哦～小众苗寨推荐也可，没准我们也会去呢！
117081871296,897584444,房车开到西江千户苗寨，太商业直接劝退，沿江找到个秘境村寨过夜，这才是最享受的旅行,https://www.bilibili.com/video/av897584444,小***猴,指***风,,未知,2022-06-16 20:39,2022,1300,47,15.63,客观探讨/咨询互动,0.0,景区运营与排队管理,核心项目超长排队与拥堵,景区运营与排队管理,核心项目超长排队与拥堵,西江千户苗寨,西江千户苗寨,我会选择景区吧，自然苗寨虽然有原始之美，但那里的生活不属于游人，远望，不打扰就好。
117083427184,897584444,房车开到西江千户苗寨，太商业直接劝退，沿江找到个秘境村寨过夜，这才是最享受的旅行,https://www.bilibili.com/video/av897584444,小***猴,莺***雨,,未知,2022-06-16 20:53,2022,577,27,13.87,实战攻略/避坑技巧,0.2,餐饮美食与特色体验 | 交通自驾与行程路况 | 景区运营与排队管理 | 商业化程度与民俗真实感,特色小吃与夜市文化 | 山路弯道与自驾难度 | 核心项目超长排队与拥堵 | 千户苗寨商业化过度/同质化,餐饮美食与特色体验,特色小吃与夜市文化,荔波小七孔 | 西江千户苗寨,荔波小七孔,去年贵州行去了大小七孔、千户苗寨和下司古镇。我一直觉得国内的古城、古镇游的同质化比较严重，特色的街景美食容易被过度商业化和义乌小商品给掩盖掉[笑哭]我愿意再去一次大小七孔看山看水，却不想再去一次千户苗寨人挤人。另外在贵州自驾，那种一会上高架一会进山洞的过山车体验非常刺激[打call]
117082187424,897584444,房车开到西江千户苗寨，太商业直接劝退，沿江找到个秘境村寨过夜，这才是最享受的旅行,https://www.bilibili.com/video/av897584444,小***猴,焦***子,,未知,2022-06-16 20:42,2022,512,9,12.66,客观探讨/咨询互动,0.0,商业化程度与民俗真实感,民俗表演与人文真实互动,商业化程度与民俗真实感,民俗表演与人文真实互动,西江千户苗寨,西江千户苗寨,当初去贵州旅游的时候也没去千户，去了郎德苗寨，商业化没那么严重，但是有民俗表演，有可以租的服装，还买了一对手工苗绣耳环，出去旅游还是希望能体验到当地的生活。
117377388880,897584444,房车开到西江千户苗寨，太商业直接劝退，沿江找到个秘境村寨过夜，这才是最享受的旅行,https://www.bilibili.com/video/av897584444,小***猴,w***u,,未知,2022-06-19 02:23,2022,391,23,13.13,强力种草/惊艳好评,1.0,住宿价格与酒店民宿,民宿卫生隔音与硬件体验,住宿价格与酒店民宿,民宿卫生隔音与硬件体验,西江千户苗寨,西江千户苗寨,"不好意思，我宁可更商业化一点，我上次去千户苗寨，旅游公司将我们安排到一个旧旅店，环境差得要死，逼得我们全团打电话回去公司投诉，晚上深夜才换到一个新建的旅店，那才睡了个好觉。要是没有商业化，那种烂房子我可没法住的惯。
我自己晚上出去逛，找个厕所都要跑很远，要是商业化不重，我晚上逛什么？
最关键的是，没有商业化，就凭村民本身的烹饪技术，我连吃个舒服饭都困难，就别提其他了。"
117167247952,897584444,房车开到西江千户苗寨，太商业直接劝退，沿江找到个秘境村寨过夜，这才是最享受的旅行,https://www.bilibili.com/video/av897584444,小***猴,苹***饼,,未知,2022-06-17 14:46,2022,168,8,10.89,客观探讨/咨询互动,0.0,交通自驾与行程路况,山路弯道与自驾难度,交通自驾与行程路况,山路弯道与自驾难度,西江千户苗寨 | 镇远古城/舞阳河,西江千户苗寨,"几年前去了千户苗寨，感觉挺好的，河两边是商业区，山脚到山腰是民宿区，吃住行都很方便，晚上很热闹，但是住在山腰也不会被吵到睡不好。再往山上走，挺多手工艺店铺的，第一次见到挂满扎染布料的铺子，给我感觉是那种染完将布一排排挂在通风处等晾干的铺子，不是成品批发回来卖的那种，风轻轻吹过，一排排的布随风飘摇，真的很美很惬意，这是我最印象深刻的，还见到有个老人家牵着驮着货物的马在山路上走，挺有意思的。想看看当地人的生活，往山上走走挺好的。晚上看夜景也很漂亮。不过当时有很多民宿在动工修建，其实有些影响旅游体验的。
千户苗寨去了一次不会再想去第二次，镇远古镇倒是不错的，我觉得镇远古镇的商业化和原始化程度保持得不错，安静与热闹并存，感觉又有明显的分割线，惬意又不失浪漫，是我想再去的地方。
无论是去原始未开发的地方还是商业化较高的旅游景区，都有利有弊，但是重要的是要有一双善于发现美的眼睛，无论是对景还是对事物，还要有一个良好的心态，这样以后留在记忆里的，更多的会是旅程中美好的回忆。"
117082994240,897584444,房车开到西江千户苗寨，太商业直接劝退，沿江找到个秘境村寨过夜，这才是最享受的旅行,https://www.bilibili.com/video/av897584444,小***猴,A***安,,未知,2022-06-16 20:49,2022,137,3,9.78,避坑预警/痛点吐槽,-1.0,商业化程度与民俗真实感,千户苗寨商业化过度/同质化,商业化程度与民俗真实感,千户苗寨商业化过度/同质化,西江千户苗寨,西江千户苗寨,当年去千户苗寨的时候，就被古城里走几步就有的非洲鼓店吓到了[无语]之后发现千户苗寨最出名的也许是站在山顶拍夜景[笑哭]不过都去苗寨了跑那儿拍夜景好像也失去了原本的意味。所以很高兴你们选择去了少有商业气息的苗寨[鼓掌]
117167261696,897584444,房车开到西江千户苗寨，太商业直接劝退，沿江找到个秘境村寨过夜，这才是最享受的旅行,https://www.bilibili.com/video/av897584444,小***猴,手***力,,未知,2022-06-17 14:46,2022,108,3,9.42,避坑预警/痛点吐槽,-1.0,交通自驾与行程路况,山路弯道与自驾难度,交通自驾与行程路况,山路弯道与自驾难度,贵州全域/综合,贵州全域/综合,大冬天的和朋友开车两三个小时从广州去了个什么什么千年瑶寨。。我也是醉了，卖的吃的和在任何一个普通景区的吃的都是一样的，甚至更难吃。手抓饼，烤肠，最最普通的奶茶，什么舞蹈节目表演，跳舞的人穿着民族服饰，很公式化的跳，跳完了就下来等着下一场表演。大过年的，冷的要命，上山下山都是大巴车。味道难闻的人都晕车了。。
117183682912,897584444,房车开到西江千户苗寨，太商业直接劝退，沿江找到个秘境村寨过夜，这才是最享受的旅行,https://www.bilibili.com/video/av897584444,小***猴,白***皇,,未知,2022-06-17 17:32,2022,84,6,9.61,客观探讨/咨询互动,0.0,自然风光与气候避暑,瀑布水景视觉震撼,自然风光与气候避暑,瀑布水景视觉震撼,贵州全域/综合,贵州全域/综合,"都是地方出钱出力有钱打造的
旅游景点
能不商业化吗
人家做旅游是为了赚钱的
你们真以为是
原始社会，山卡拉，的地方
到时候
你们更加没兴趣玩"
117082899552,897584444,房车开到西江千户苗寨，太商业直接劝退，沿江找到个秘境村寨过夜，这才是最享受的旅行,https://www.bilibili.com/video/av897584444,小***猴,栩***今,,未知,2022-06-16 20:47,2022,80,1,8.28,强力种草/惊艳好评,1.0,商业化程度与民俗真实感,千户苗寨商业化过度/同质化 | 旅拍乱象与服装套路,商业化程度与民俗真实感,千户苗寨商业化过度/同质化,西江千户苗寨,西江千户苗寨,才去了千户苗寨，知道商业化严重，但抱着转一转的心态去看了看，基本都是写真、民宿的商铺，五年左右的老房子看不出什么，拿着微单竟然发现我是设备最普通的人，平时享受拍摄的我居然感受到了焦虑[笑哭]
117083958896,897584444,房车开到西江千户苗寨，太商业直接劝退，沿江找到个秘境村寨过夜，这才是最享受的旅行,https://www.bilibili.com/video/av897584444,小***猴,Y***Y,,未知,2022-06-16 20:57,2022,67,9,9.63,客观探讨/咨询互动,0.0,住宿价格与酒店民宿,景区内住宿 vs 市区中转选择,住宿价格与酒店民宿,景区内住宿 vs 市区中转选择,西江千户苗寨,西江千户苗寨,小情侣去千户苗寨住一晚老宅子啥也不敢干，别问我怎么晓得的
117136684848,897584444,房车开到西江千户苗寨，太商业直接劝退，沿江找到个秘境村寨过夜，这才是最享受的旅行,https://www.bilibili.com/video/av897584444,小***猴,H***枫,,未知,2022-06-17 10:11,2022,55,10,9.44,客观探讨/咨询互动,0.0,餐饮美食与特色体验 | 交通自驾与行程路况,特色小吃与夜市文化 | 景点分散与长途拉车疲劳,餐饮美食与特色体验,特色小吃与夜市文化,贵州全域/综合,贵州全域/综合,肯定景区啊。我是去旅游的不是去徒步的。吃喝玩乐，四个字，非景区一个都不占，你在那些地方有钱都花不出去，纯纯受折磨，还不如找个农家乐吃吃特色饭饭。非景区你需要强大的社交能力去和当地人沟通，不然你饭都吃不到，反正我是不好意思去陌生人家里吃饭。视频里面看着岁月静好，很美。但是呢岁月静好也只是视频里面的岁月静好，你让我这个只想吃喝玩乐的俗人去那我不会感悟人生，我会怀疑人生。
117183670512,897584444,房车开到西江千户苗寨，太商业直接劝退，沿江找到个秘境村寨过夜，这才是最享受的旅行,https://www.bilibili.com/video/av897584444,小***猴,点***星,,未知,2022-06-17 17:32,2022,29,4,7.71,客观探讨/咨询互动,0.0,自然风光与气候避暑,瀑布水景视觉震撼,自然风光与气候避暑,瀑布水景视觉震撼,贵州全域/综合,贵州全域/综合,我去贵州爬了一个多月的山，风景很美，但生活比镜头中展现的更不容易，还好现在国家修了好多路，基本上有人的村子都有水泥路了，很难想象以前不通水不通电又没路的日子有多艰苦。
117122719792,897584444,房车开到西江千户苗寨，太商业直接劝退，沿江找到个秘境村寨过夜，这才是最享受的旅行,https://www.bilibili.com/video/av897584444,小***猴,睿***埃,,未知,2022-06-17 05:49,2022,28,4,7.66,客观探讨/咨询互动,0.0,商业化程度与民俗真实感,千户苗寨商业化过度/同质化,商业化程度与民俗真实感,千户苗寨商业化过度/同质化,西江千户苗寨 | 肇兴侗寨/加榜梯田,西江千户苗寨,千户苗寨在2016年的时候就商业化得不行了，那时候的肇兴侗寨就好得多，有商业化开发但还没有千户苗寨那么同质化。最重要的是环境真的好，千户苗寨中间的小河水那么清但是河两岸的饭店往里面排污水导致水面一层油污简直看了就心痛。
120433255280,897584444,房车开到西江千户苗寨，太商业直接劝退，沿江找到个秘境村寨过夜，这才是最享受的旅行,https://www.bilibili.com/video/av897584444,小***猴,森***录,,未知,2022-07-12 02:18,2022,23,0,5.77,强力种草/惊艳好评,3.0,自然风光与气候避暑 | 餐饮美食与特色体验 | 交通自驾与行程路况 | 商业化程度与民俗真实感,瀑布水景视觉震撼 | 酸汤系列与特色火锅 | 特色小吃与夜市文化 | 景点分散与长途拉车疲劳 | 千户苗寨商业化过度/同质化 | 原生态村寨与民俗好评 | 民俗表演与人文真实互动,自然风光与气候避暑,瀑布水景视觉震撼,西江千户苗寨 | 贵阳市区/黔灵山 | 镇远古城/舞阳河 | 肇兴侗寨/加榜梯田,西江千户苗寨,"好几年前采风，把贵州的吊脚楼看了个遍，一开始去苗寨的时候觉得特别新鲜，后面去了太多苗寨侗寨都看麻了，而且所有地方卖的东西都是统一的义乌小商品，这点真的是。。。不过看人文风景贵州还是非常推荐的。
我比较喜欢的地方有镇远古镇、朗德苗寨、肇兴侗寨、青岩古镇。这些地方或多或少都有商业化，像镇远古镇是个小县城，白天在水边吃吃当地美食，晚上出来逛逛就特别轻松惬意，商业化和生活化平衡得很好。
朗德苗寨就是有旅游资源的同时也很原生态，在去的路上看到了超多当地人在围观斗牛？活动，给我们看呆了。当地人卖的一些饰品啥的也很原生态，还有歌舞表演和喝酒活动，蛮不错的。
后来在肇兴侗寨呆了几天，这个寨子是一条小河贯穿的，环境很美，比起千户苗寨的商业程度会好很多，民宿好看是好看就是虫子多[笑哭]。里面有一家卖当地纪念品的小店，卖的文创产品都是店主自己绘画设计的，特别好看，推荐购买。
青岩古镇商业化程度非常高，人也很多，但是里面的建筑风景都很有历史底蕴，让我好感度大增一点主要是里面有好多我没见过的特色美食，都很好吃，那天吃得很开心。
此外还有天龙屯堡，里面全都是石头搭的建筑，挺有特色的，一面墙上都是傩面具，特别好看。
后面还去了一些完全无商业化的吊脚楼的村，怎么说呢，从游客的角度来说完全没有基础设施，当时吊脚楼看多了也麻了，没啥可逛的，还硬要我们在那呆几个小时，也是够折磨的。[笑哭]
还去了丹寨万达旅游小镇，这个地方我是真的迷惑，就是餐馆加义乌商品市场，建筑是水泥墙的吊脚楼？？逛得毫无兴致，千户苗寨都比它强。
去贵州玩了一周，印象最深还是当地美食，我个人觉得非常好吃[星星眼]酸汤火锅，早上吃的米粉，还有好多叫不上来名字的小吃，让我记了好多年[奥比岛_喜欢]"
117300941392,897584444,房车开到西江千户苗寨，太商业直接劝退，沿江找到个秘境村寨过夜，这才是最享受的旅行,https://www.bilibili.com/video/av897584444,小***猴,劲***金,,未知,2022-06-18 15:23,2022,22,2,6.8,强力种草/惊艳好评,1.0,交通自驾与行程路况,山路弯道与自驾难度,交通自驾与行程路况,山路弯道与自驾难度,西江千户苗寨,西江千户苗寨,"西江苗寨也有生活，更加丰富的生活。只是，景区管理和宣传方向导致很多游客过来都忽略了苗寨的烟火气，这也是商业化带来的弊端。别不让进来的初衷是为了能够更好的管理那两条狭窄的街道，让游客有更舒适的游玩体验，但是也因为不让车进来，游客进景区比较折腾，没更多的精力在寨子里边游玩，把自己局限在那几条街道和观景台附近。
最后，想说一句，商业化是为了迎合大多数人的需求，西江苗寨离不开商业化的带动。如果没有商业化，现在来苗寨游玩的最多的估计还是我们小时候见到最多的背包客，国内外游客各占一半，苗寨里的老百姓还在过着最贫苦的生活。
因为是在西江苗寨长大，我也会怀念十几年前的苗寨，青山绿水，仿佛置身于油画之中，和小伙伴在泥泞的道路上玩耍的时候偶有遇到来写生的大学生，和一些背着大背包准备搭帐篷的驴友。那时候是快乐的，是美好的，但如果给我机会回到过去，我还是会拒绝，虽然谈不上喜欢现在的苗寨，但至少，大家的生活水平都提高了不少，很多父母也不用外出打工了。至少，等我成为人父之时，我的孩子不会成为留守儿童。"
117124877008,897584444,房车开到西江千户苗寨，太商业直接劝退，沿江找到个秘境村寨过夜，这才是最享受的旅行,https://www.bilibili.com/video/av897584444,小***猴,卖***的,,未知,2022-06-17 07:13,2022,22,0,5.7,客观探讨/咨询互动,0.0,交通自驾与行程路况,山路弯道与自驾难度,交通自驾与行程路况,山路弯道与自驾难度,贵州全域/综合,贵州全域/综合,我曾经认识的一波人，他们就是全国各地奔赴新开发的古镇，参加招商然后搞几个门面，几个月后转手掉又去新的，这也是他们的谋生手段。不过疫情以来，他们也肯定大受影响吧。
124867368752,897584444,房车开到西江千户苗寨，太商业直接劝退，沿江找到个秘境村寨过夜，这才是最享受的旅行,https://www.bilibili.com/video/av897584444,小***猴,和***l,,未知,2022-08-09 20:15,2022,20,2,6.67,客观探讨/咨询互动,0.0,综合旅游体验与漫游杂谈,全省概览/多景点串联游记,综合旅游体验与漫游杂谈,全省概览/多景点串联游记,贵州全域/综合,贵州全域/综合,，，，
117141981024,897584444,房车开到西江千户苗寨，太商业直接劝退，沿江找到个秘境村寨过夜，这才是最享受的旅行,https://www.bilibili.com/video/av897584444,小***猴,一***果,,未知,2022-06-17 11:09,2022,18,1,6.11,客观探讨/咨询互动,0.0,景区运营与排队管理,核心项目超长排队与拥堵,景区运营与排队管理,核心项目超长排队与拥堵,贵州全域/综合,贵州全域/综合,自然景区是景区，但也别忘了前面还有个自然，不是说不让有商业，它得有个度，而且要尽可能的保留当地的人文特色，要不然等到人文特色被消磨殆尽的那一天，景区就彻底成为一个只知道捞钱的漂亮壳子了……
117110328320,897584444,房车开到西江千户苗寨，太商业直接劝退，沿江找到个秘境村寨过夜，这才是最享受的旅行,https://www.bilibili.com/video/av897584444,小***猴,海***9,,未知,2022-06-17 00:22,2022,15,1,5.85,避坑预警/痛点吐槽,-1.0,自然风光与气候避暑,瀑布水景视觉震撼,自然风光与气候避暑,瀑布水景视觉震撼,贵州全域/综合,贵州全域/综合,喜欢这期，看得想哭。旅游和生活真的是两个不同的概念，就像我以前在重庆旅游过，后来去那工作，真的是两种不一样的感觉。工作之后我之后感受到夏天四十度搭公交挤地铁的满头大汗，还有让人憋闷的工作。然后想问人打卡景点的目的是什么，好像也只是完成这些表层符号对自己的诠释，有时候也会追问自己是不是能看到更多，但是答案总是让人失望。
143347387520,897584444,房车开到西江千户苗寨，太商业直接劝退，沿江找到个秘境村寨过夜，这才是最享受的旅行,https://www.bilibili.com/video/av897584444,小***猴,伊***a,,未知,2022-12-24 16:40,2022,12,0,4.85,客观探讨/咨询互动,0.0,综合旅游体验与漫游杂谈,全省概览/多景点串联游记,综合旅游体验与漫游杂谈,全省概览/多景点串联游记,贵州全域/综合,贵州全域/综合,野蛮，，，
117349164192,897584444,房车开到西江千户苗寨，太商业直接劝退，沿江找到个秘境村寨过夜，这才是最享受的旅行,https://www.bilibili.com/video/av897584444,小***猴,啊***啊,,未知,2022-06-18 22:01,2022,11,0,4.73,客观探讨/咨询互动,0.0,交通自驾与行程路况,山路弯道与自驾难度,交通自驾与行程路况,山路弯道与自驾难度,贵州全域/综合,贵州全域/综合,不商业化就意味着原始落后，有些地方几年前才通路，一下雨就夸路，年轻人都出去打工……唉
303706694624,116633930566626,【Vlog】和我们回苗寨吧，这次真的不下蛊,https://www.bilibili.com/video/av116633930566626,千***u,千***u,,未知,2026-05-26 17:37,2026,1384,14,14.56,强力种草/惊艳好评,1.0,餐饮美食与特色体验,特色小吃与夜市文化,餐饮美食与特色体验,特色小吃与夜市文化,西江千户苗寨,西江千户苗寨,晚上好～～苗寨太美啦，逛吃逛喝的一集[害羞][害羞]下次还去！！
303706300304,116633930566626,【Vlog】和我们回苗寨吧，这次真的不下蛊,https://www.bilibili.com/video/av116633930566626,千***u,坂***白,,未知,2026-05-26 17:34,2026,1586,30,15.49,客观探讨/咨询互动,0.0,餐饮美食与特色体验,折耳根与口味适应度,餐饮美食与特色体验,折耳根与口味适应度,贵州全域/综合,贵州全域/综合,折耳根汁非常好喝 下次不喝
300703285569,116633930566626,【Vlog】和我们回苗寨吧，这次真的不下蛊,https://www.bilibili.com/video/av116633930566626,千***u,朕***_,,未知,2026-05-26 19:47,2026,644,8,12.9,客观探讨/咨询互动,0.0,餐饮美食与特色体验,特色小吃与夜市文化,餐饮美食与特色体验,特色小吃与夜市文化,贵州全域/综合,贵州全域/综合,"苗疆圣女这一块
中式精灵这一块
武侠必吃榜这一块"
303705819264,116633930566626,【Vlog】和我们回苗寨吧，这次真的不下蛊,https://www.bilibili.com/video/av116633930566626,千***u,名***子,,未知,2026-05-26 17:28,2026,793,69,15.26,客观探讨/咨询互动,0.0,商业化程度与民俗真实感,千户苗寨商业化过度/同质化,商业化程度与民俗真实感,千户苗寨商业化过度/同质化,贵州全域/综合,贵州全域/综合,这地方现在不太适合旅游了，太商业化了[笑哭]我本地人都不去
300754449761,116633930566626,【Vlog】和我们回苗寨吧，这次真的不下蛊,https://www.bilibili.com/video/av116633930566626,千***u,-***-,,未知,2026-05-27 10:23,2026,534,22,13.56,客观探讨/咨询互动,0.0,综合旅游体验与漫游杂谈,全省概览/多景点串联游记,综合旅游体验与漫游杂谈,全省概览/多景点串联游记,贵州全域/综合,贵州全域/综合,[doge_金箍]小心
300844934769,116633930566626,【Vlog】和我们回苗寨吧，这次真的不下蛊,https://www.bilibili.com/video/av116633930566626,千***u,修***人,,未知,2026-05-28 08:29,2026,135,15,11.14,客观探讨/咨询互动,0.0,综合旅游体验与漫游杂谈,全省概览/多景点串联游记,综合旅游体验与漫游杂谈,全省概览/多景点串联游记,贵州全域/综合,贵州全域/综合,骗你的，早已经被汉化的差不多了，我一苗族人从小到大就没见过本族服饰[微笑]
300696343553,116633930566626,【Vlog】和我们回苗寨吧，这次真的不下蛊,https://www.bilibili.com/video/av116633930566626,千***u,荣***队,,未知,2026-05-26 18:41,2026,115,1,8.82,强力种草/惊艳好评,1.0,综合旅游体验与漫游杂谈,全省概览/多景点串联游记,综合旅游体验与漫游杂谈,全省概览/多景点串联游记,贵州全域/综合,贵州全域/综合,最喜欢的一集
303720090448,116633930566626,【Vlog】和我们回苗寨吧，这次真的不下蛊,https://www.bilibili.com/video/av116633930566626,千***u,M***3,,未知,2026-05-26 19:46,2026,90,1,8.46,客观探讨/咨询互动,0.0,综合旅游体验与漫游杂谈,全省概览/多景点串联游记,综合旅游体验与漫游杂谈,全省概览/多景点串联游记,贵州全域/综合,贵州全域/综合,粽子，蛋黄 belike:
303750791792,116633930566626,【Vlog】和我们回苗寨吧，这次真的不下蛊,https://www.bilibili.com/video/av116633930566626,千***u,東***贼,,未知,2026-05-27 00:42,2026,91,2,8.88,客观探讨/咨询互动,0.0,综合旅游体验与漫游杂谈,全省概览/多景点串联游记,综合旅游体验与漫游杂谈,全省概览/多景点串联游记,贵州全域/综合,贵州全域/综合,就是拍给你看的 想让你看到的 对你有所图的   这辈子遇到的永远只是大只雨姐和傅首尔
300727222241,116633930566626,【Vlog】和我们回苗寨吧，这次真的不下蛊,https://www.bilibili.com/video/av116633930566626,千***u,面***嵐,,未知,2026-05-26 23:35,2026,66,8,9.5,客观探讨/咨询互动,0.0,餐饮美食与特色体验,特色小吃与夜市文化,餐饮美食与特色体验,特色小吃与夜市文化,西江千户苗寨,西江千户苗寨,嗨嗨嗨，苗寨这我熟啊，我正宗苗族人来锐评一下，现在千户苗寨确实相当商业化了，但是外地人去旅游的话去这也已经够了，配套设施齐全过去也方便。但是如果想体验纯正苗寨还是得去那几个苗族自治州，我老家黔东南州的，小时候回去过一次，车开到寨子门口，苗族姑娘们穿戴好服饰站成两排迎接，每个人手里都有用水牛角做的酒杯装着自家酿的酒，必须全喝完才能进去，吃饭的时候苗族人会一边唱歌一边狂给你灌酒，唱一曲就得喝一杯，热情难挡，当时亲戚被灌得躲桌子角hhh，寨子里有个小广场，中间矗立着一根大柱子上面是苗族的图腾，过节的时候会在那点火把吹芦笙啥的，还是非常有趣的。
300722743361,116633930566626,【Vlog】和我们回苗寨吧，这次真的不下蛊,https://www.bilibili.com/video/av116633930566626,千***u,末***台,,未知,2026-05-26 22:51,2026,66,6,9.25,客观探讨/咨询互动,0.0,商业化程度与民俗真实感,千户苗寨商业化过度/同质化 | 民俗表演与人文真实互动,商业化程度与民俗真实感,千户苗寨商业化过度/同质化,贵州全域/综合,贵州全域/综合,我少数民族，从小就在贵州黔东南州凯里市长大，这片地方明明旅游资源特别好但就是有很多问题。商业化同质化，基础设施跟不上，隐形消费很多，本地做生意的目光短浅，外地的来这坑蒙拐骗。真的恨铁不成钢
300698077617,116633930566626,【Vlog】和我们回苗寨吧，这次真的不下蛊,https://www.bilibili.com/video/av116633930566626,千***u,咸***寒,,未知,2026-05-26 18:59,2026,61,2,8.29,客观探讨/咨询互动,0.0,综合旅游体验与漫游杂谈,全省概览/多景点串联游记,综合旅游体验与漫游杂谈,全省概览/多景点串联游记,贵州全域/综合,贵州全域/综合,去年去过，翻了好久
300762927857,116633930566626,【Vlog】和我们回苗寨吧，这次真的不下蛊,https://www.bilibili.com/video/av116633930566626,千***u,沪***探,,未知,2026-05-27 12:11,2026,60,2,8.26,客观探讨/咨询互动,0.0,交通自驾与行程路况,山路弯道与自驾难度,交通自驾与行程路况,山路弯道与自驾难度,西江千户苗寨,西江千户苗寨,有一说一，千户苗寨可能在本地人眼里已经很商业化了，但其实在我这个外地人眼里远不如其他省市的那些所谓的“古镇”商业化。不过，进景区的大巴着实有点坑。而且非旅游旺季的话，门口跳迎门舞的都是阿姨辈和姥姥辈，没有年轻小姐姐。[笑哭]
303704369024,116633930566626,【Vlog】和我们回苗寨吧，这次真的不下蛊,https://www.bilibili.com/video/av116633930566626,千***u,叉***v,,未知,2026-05-26 17:12,2026,56,1,7.76,客观探讨/咨询互动,0.0,综合旅游体验与漫游杂谈,全省概览/多景点串联游记,综合旅游体验与漫游杂谈,全省概览/多景点串联游记,贵州全域/综合,贵州全域/综合,哇哦，有幸看到二位大美女，可以可以[Ave Mujica_挺好]
303728918720,116633930566626,【Vlog】和我们回苗寨吧，这次真的不下蛊,https://www.bilibili.com/video/av116633930566626,千***u,周***き,,未知,2026-05-26 21:09,2026,53,0,6.98,客观探讨/咨询互动,0.0,综合旅游体验与漫游杂谈,全省概览/多景点串联游记,综合旅游体验与漫游杂谈,全省概览/多景点串联游记,贵州全域/综合,贵州全域/综合,那地方晚上确实漂亮，就是商业化太严重了，人也有点多[笑哭]
300784206897,116633930566626,【Vlog】和我们回苗寨吧，这次真的不下蛊,https://www.bilibili.com/video/av116633930566626,千***u,猫***P,,未知,2026-05-27 16:45,2026,46,1,7.47,客观探讨/咨询互动,0.0,综合旅游体验与漫游杂谈,全省概览/多景点串联游记,综合旅游体验与漫游杂谈,全省概览/多景点串联游记,贵州全域/综合,贵州全域/综合,我去过了，拍的都是萌妹，去了都是大妈。谢谢
300806112209,116633930566626,【Vlog】和我们回苗寨吧，这次真的不下蛊,https://www.bilibili.com/video/av116633930566626,千***u,麟***斯,,未知,2026-05-27 20:37,2026,45,5,8.53,强力种草/惊艳好评,1.0,综合旅游体验与漫游杂谈,全省概览/多景点串联游记,综合旅游体验与漫游杂谈,全省概览/多景点串联游记,贵州全域/综合,贵州全域/综合,这个我是真喜欢[大笑]
304480420848,116633930566626,【Vlog】和我们回苗寨吧，这次真的不下蛊,https://www.bilibili.com/video/av116633930566626,千***u,地***人,,未知,2026-06-02 22:24,2026,42,2,7.74,强力种草/惊艳好评,3.0,交通自驾与行程路况,山路弯道与自驾难度,交通自驾与行程路况,山路弯道与自驾难度,贵州全域/综合,贵州全域/综合,作为一个本地人给没去过的，避个坑吧，去年我去过很多次，骑自行车学生票免费，所以去了很多次，也就第一次有新鲜感，后面去多了，碰的最多的就是游客和老板吵架，因为服装和拍摄费用的问题，后面我去了很多次都能碰到，里面都是商业化的，也没什么好玩的，真要想拍照，我个人觉得其实也就外面那个大门值得拍一拍，里面个人不推荐。个人分享仅供参考
300686995457,116633930566626,【Vlog】和我们回苗寨吧，这次真的不下蛊,https://www.bilibili.com/video/av116633930566626,千***u,外***啦,,未知,2026-05-26 17:00,2026,38,1,7.19,客观探讨/咨询互动,0.0,综合旅游体验与漫游杂谈,全省概览/多景点串联游记,综合旅游体验与漫游杂谈,全省概览/多景点串联游记,贵州全域/综合,贵州全域/综合,外星人最爱的一集之一❤️
304375225312,116633930566626,【Vlog】和我们回苗寨吧，这次真的不下蛊,https://www.bilibili.com/video/av116633930566626,千***u,賖***猁,,未知,2026-06-01 21:33,2026,33,0,6.29,强力种草/惊艳好评,1.0,自然风光与气候避暑 | 餐饮美食与特色体验 | 交通自驾与行程路况 | 景区运营与排队管理 | 商业化程度与民俗真实感,瀑布水景视觉震撼 | 餐饮价格与隐形消费 | 景点分散与长途拉车疲劳 | 核心项目超长排队与拥堵 | 千户苗寨商业化过度/同质化 | 旅拍乱象与服装套路,自然风光与气候避暑,瀑布水景视觉震撼,西江千户苗寨,西江千户苗寨,给你们讲个实话，这苗寨是真不行，而且如果队伍里有女生更麻烦，民俗服饰和旅拍总要搞的吧，我跟我两个姐姐一起去，他们花了三四个小时的妆，还有穿衣服，走了半天我才知道我还连票都没检。里街更是猎奇，主要观景区是从检票出来之后分缆车，公交两种，可以直接送到，他能让你到的地方，商业化严重的离谱，干什么都得排队，每个景点之类的位置都有一堆的推销和摄影，原来我姐姐她们在那个风雨桥那里拍照，最少5个小时才排上，我真不知道博主是怎么找到人少的时候去的，而且住宿，如果你想要看到好的风景，基本上只能找里面的酒店，价格贵是真的贵，如果你不在里面找酒店或者是不留夜的话，真正好看的景全部都在公交线路上，中间你也不能停，照片更是一张都拍不出来，他们这时候没人去，可能是因为确实太热了，我也是暑假去的，温度也很高，但是我是晚上，人就已经特别特别多了，一点都不高兴，全是折磨
300687333825,116633930566626,【Vlog】和我们回苗寨吧，这次真的不下蛊,https://www.bilibili.com/video/av116633930566626,千***u,口***司,,未知,2026-05-26 17:05,2026,28,3,7.44,客观探讨/咨询互动,0.0,综合旅游体验与漫游杂谈,全省概览/多景点串联游记,综合旅游体验与漫游杂谈,全省概览/多景点串联游记,贵州全域/综合,贵州全域/综合,那我来咯[星星眼][星星眼][星星眼]
300827190817,116633930566626,【Vlog】和我们回苗寨吧，这次真的不下蛊,https://www.bilibili.com/video/av116633930566626,千***u,遥***烟,,未知,2026-05-28 00:06,2026,26,3,7.33,避坑预警/痛点吐槽,-1.0,综合旅游体验与漫游杂谈,全省概览/多景点串联游记,综合旅游体验与漫游杂谈,全省概览/多景点串联游记,贵州全域/综合,贵州全域/综合,别来，绝大多数的时候都只有少女们60年后的造型[笑哭]
303784314960,116633930566626,【Vlog】和我们回苗寨吧，这次真的不下蛊,https://www.bilibili.com/video/av116633930566626,千***u,I***点,,未知,2026-05-27 12:32,2026,25,5,7.68,实战攻略/避坑技巧,0.2,商业化程度与民俗真实感,千户苗寨商业化过度/同质化,商业化程度与民俗真实感,千户苗寨商业化过度/同质化,贵州全域/综合,贵州全域/综合,说真的，苗族的寨子没bro们想的那么落后，人家已经痛电通网有砖房了，在旅游路线内的都是混凝土房子了，人家教育水平也不低，寨子除了保留了一些建筑，和现代村子，小镇没有太大区别了，商业街啥的也有
300764748097,116633930566626,【Vlog】和我们回苗寨吧，这次真的不下蛊,https://www.bilibili.com/video/av116633930566626,千***u,馒***的,,未知,2026-05-27 12:28,2026,20,3,6.95,客观探讨/咨询互动,0.0,消费预算与综合性价比,高性价比与平民消费好评,消费预算与综合性价比,高性价比与平民消费好评,贵州全域/综合,贵州全域/综合,[微笑]贵州妹子好啊，贵州妹子妙啊……贵州妹子嘎嘎叫啊。不愧是西南F4之一啊，恐暴……
301338495505,116633930566626,【Vlog】和我们回苗寨吧，这次真的不下蛊,https://www.bilibili.com/video/av116633930566626,千***u,下***人,,未知,2026-06-01 21:41,2026,22,1,6.4,客观探讨/咨询互动,0.0,综合旅游体验与漫游杂谈,全省概览/多景点串联游记,综合旅游体验与漫游杂谈,全省概览/多景点串联游记,贵州全域/综合,贵州全域/综合,你刚刚说你在什么？
304955837008,116633930566626,【Vlog】和我们回苗寨吧，这次真的不下蛊,https://www.bilibili.com/video/av116633930566626,千***u,小***5,,未知,2026-06-07 14:23,2026,17,2,6.43,客观探讨/咨询互动,0.0,餐饮美食与特色体验,特色小吃与夜市文化,餐饮美食与特色体验,特色小吃与夜市文化,贵州全域/综合,贵州全域/综合,"我们这边苗族同志也多，刚好最近杨梅子熟了，尝了几颗亲戚现摘的，蛮甜，带点点几酸味

坏消息是去年熬的杨梅子糖还有两盒子）

还有就是除了过年基本吃不到油茶[热]"
300740000545,116633930566626,【Vlog】和我们回苗寨吧，这次真的不下蛊,https://www.bilibili.com/video/av116633930566626,千***u,道***门,,未知,2026-05-27 03:16,2026,29,3,7.49,客观探讨/咨询互动,0.0,综合旅游体验与漫游杂谈,全省概览/多景点串联游记,综合旅游体验与漫游杂谈,全省概览/多景点串联游记,贵州全域/综合,贵州全域/综合,"去过两次，被隔壁全是苗族小姐姐视频吸引过去的
第一次是大妈第二次就全是老奶了[笑哭]"
303734805696,116633930566626,【Vlog】和我们回苗寨吧，这次真的不下蛊,https://www.bilibili.com/video/av116633930566626,千***u,三***y,,未知,2026-05-26 22:02,2026,13,0,4.96,客观探讨/咨询互动,0.0,自然风光与气候避暑,瀑布水景视觉震撼,自然风光与气候避暑,瀑布水景视觉震撼,贵州全域/综合,贵州全域/综合,这个我是真的每期都打[热][热][热]
303753637056,116633930566626,【Vlog】和我们回苗寨吧，这次真的不下蛊,https://www.bilibili.com/video/av116633930566626,千***u,淘***6,,未知,2026-05-27 01:24,2026,12,1,5.54,强力种草/惊艳好评,1.0,景区运营与排队管理,大门外移与强制观光车,景区运营与排队管理,大门外移与强制观光车,西江千户苗寨,西江千户苗寨,千户苗寨地方确实可以，就是商业化太严重了。图三应该是本地人最多的地方了，当初转到那个地方很多本地人，应该是菜市场，还有小孩哥刚放学[doge]小孩哥穿着民族服饰带着红领巾。西江收费站下高速到售票处买完票后再坐小观光车才能到苗寨，听说本地人坐这个车是免费的有政府补贴，这地方真就山窝窝里，以前人们要走出来是真不敢想[辣眼睛]感谢和致敬一直奋斗在一线的党员群众[支持]
300746263297,116633930566626,【Vlog】和我们回苗寨吧，这次真的不下蛊,https://www.bilibili.com/video/av116633930566626,千***u,原***机,,未知,2026-05-27 08:02,2026,11,2,5.83,客观探讨/咨询互动,0.0,综合旅游体验与漫游杂谈,全省概览/多景点串联游记,综合旅游体验与漫游杂谈,全省概览/多景点串联游记,贵州全域/综合,贵州全域/综合,@蛋黄mayo_ 你老婆被抢了[doge]
300687530865,116633930566626,【Vlog】和我们回苗寨吧，这次真的不下蛊,https://www.bilibili.com/video/av116633930566626,千***u,未***z,,未知,2026-05-26 17:07,2026,11,0,4.73,客观探讨/咨询互动,0.0,综合旅游体验与漫游杂谈,全省概览/多景点串联游记,综合旅游体验与漫游杂谈,全省概览/多景点串联游记,贵州全域/综合,贵州全域/综合,是魅魔和坏女人的组合啊
303707051840,116633930566626,【Vlog】和我们回苗寨吧，这次真的不下蛊,https://www.bilibili.com/video/av116633930566626,千***u,布***要,,未知,2026-05-26 17:40,2026,10,2,5.7,客观探讨/咨询互动,0.0,住宿价格与酒店民宿,景区内住宿 vs 市区中转选择,住宿价格与酒店民宿,景区内住宿 vs 市区中转选择,贵州全域/综合,贵州全域/综合,要是能娶千姐让我开豪车住别墅也愿意啊[doge]
300956084401,116633930566626,【Vlog】和我们回苗寨吧，这次真的不下蛊,https://www.bilibili.com/video/av116633930566626,千***u,匿***号,,未知,2026-05-29 11:36,2026,10,0,4.6,客观探讨/咨询互动,0.0,商业化程度与民俗真实感,千户苗寨商业化过度/同质化,商业化程度与民俗真实感,千户苗寨商业化过度/同质化,西江千户苗寨,西江千户苗寨,千户苗寨太商业化了，现在原声原味的苗寨基本没有了，10年左右这一段时间大部分的苗寨都还是古朴的木制吊脚楼，我家就是那段时间盖的木制吊脚楼，后面国家不让砍树后，基本家家都用水泥盖房，木制的吊脚楼已经越来越少了
300733455425,116633930566626,【Vlog】和我们回苗寨吧，这次真的不下蛊,https://www.bilibili.com/video/av116633930566626,千***u,上***木,,未知,2026-05-27 00:48,2026,10,3,5.98,客观探讨/咨询互动,0.0,综合旅游体验与漫游杂谈,全省概览/多景点串联游记,综合旅游体验与漫游杂谈,全省概览/多景点串联游记,贵州全域/综合,贵州全域/综合,孩子们我本地人还没去过这个地方[笑哭]
300737710161,116633930566626,【Vlog】和我们回苗寨吧，这次真的不下蛊,https://www.bilibili.com/video/av116633930566626,千***u,夜***雪,,未知,2026-05-27 02:08,2026,10,0,4.6,实战攻略/避坑技巧,0.2,餐饮美食与特色体验,特色小吃与夜市文化,餐饮美食与特色体验,特色小吃与夜市文化,贵州全域/综合,贵州全域/综合,记得去当地超市买点特产并抽奖[doge_金箍]这个可劲了。喝完会有神秘小人教你六道轮回拳呢
238400837920,1756400309,贵阳好像还没有成为旅游城市的准备！被美食博主坑得好惨！暑假贵阳旅游攻略/劝退Vlog,https://www.bilibili.com/video/av1756400309,阿***粒,阿***粒,,未知,2024-08-17 20:54,2024,79,10,9.97,强力种草/惊艳好评,3.0,餐饮美食与特色体验,特色小吃与夜市文化,餐饮美食与特色体验,特色小吃与夜市文化,贵阳市区/黔灵山,贵阳市区/黔灵山,哈咯呀老婆们！好久没发长vlog这次剪了好久[打call]喜欢的老婆记得一键三连哇[喜欢]有点标题党贵阳的老婆不要生气哇！但我觉得我还是尽量客观的讲了我的真实感受！贵阳本身是很好玩很好吃的一座城市（夏天还凉快！）但可能暂时不太适合在旅游旺季去[笑哭]
238448334528,1756400309,贵阳好像还没有成为旅游城市的准备！被美食博主坑得好惨！暑假贵阳旅游攻略/劝退Vlog,https://www.bilibili.com/video/av1756400309,阿***粒,5***i,,未知,2024-08-18 00:47,2024,284,25,12.74,强力种草/惊艳好评,1.0,餐饮美食与特色体验 | 住宿价格与酒店民宿,特色小吃与夜市文化 | 折耳根与口味适应度 | 旺季节假日价格暴涨,餐饮美食与特色体验,特色小吃与夜市文化,贵州全域/综合,贵州全域/综合,本贵州人听到各种涨价的消息，气得要死，太不争气了！外省来的朋友建议如果行程比较赶，就不要吃酸粉占胃啦，确实味道比较特殊，吃不来的就真的不会喜欢。希望每个来贵州玩的朋友都能吃到合口味的美食，玩得也开心！
238585499088,1756400309,贵阳好像还没有成为旅游城市的准备！被美食博主坑得好惨！暑假贵阳旅游攻略/劝退Vlog,https://www.bilibili.com/video/av1756400309,阿***粒,串***串,,未知,2024-08-18 18:34,2024,172,16,11.56,强力种草/惊艳好评,2.0,自然风光与气候避暑 | 交通自驾与行程路况 | 景区运营与排队管理 | 消费预算与综合性价比,夏季清凉避暑体验 | 包车打车与出租车避坑 | 核心项目超长排队与拥堵 | 高性价比与平民消费好评,自然风光与气候避暑,夏季清凉避暑体验,黄果树瀑布 | 西江千户苗寨 | 贵阳市区/黔灵山,黄果树瀑布,"个人非常非常建议错峰来贵阳旅游，而且最好是找一个会吃会玩的贵阳本地人交流一下，贵阳作为旅游城市的问题最主要的几个特点：
1.住宿要选片区，因为不光是距离的问题，不同的片区的交通便利情况都是有特点的，贵阳市区哪条路好打车都是我们本地人清楚。
2.不要依赖地铁，贵阳打车并不贵，2km内首选走路，其余打车，地铁的速度并不快而且其实线路很绕，只推荐时间充裕/距离较远/打车不便/离地铁站近的朋友选择地铁出行。
3.降低饮食期待，贵州各个区域都有自己的特色，所以不要一味相信网上某个人说某个东西很好吃，也不要跟着网红选，街边尽量选一些自己感兴趣的or吃的本地人多的。
4.避暑和景点很难兼得，想去黄果树苗寨就必须是淡季，想避暑就来贵阳两三天再找一些不大热门的景点。"
238442046992,1756400309,贵阳好像还没有成为旅游城市的准备！被美食博主坑得好惨！暑假贵阳旅游攻略/劝退Vlog,https://www.bilibili.com/video/av1756400309,阿***粒,沙***果,,未知,2024-08-18 00:09,2024,73,4,9.07,实战攻略/避坑技巧,0.2,交通自驾与行程路况 | 住宿价格与酒店民宿,山路弯道与自驾难度 | 包车打车与出租车避坑 | 旺季节假日价格暴涨 | 位置偏远与接驳不便,交通自驾与行程路况,山路弯道与自驾难度,贵阳市区/黔灵山,贵阳市区/黔灵山,"哈哈哈贵阳其实物价一直挺高的 主要是之前交通不便 所以一些东西确实挺贵的 贵厨那个我有话说我感觉可能不同店价格不同 我2022年暑假还在家的时候去吃2人餐也是129[笑哭] 
但是酒店涨价真的烦人 还有一些出租车司机 我高中打车都是直接给司机规划路线 这样他不会给我绕路
希望路赶紧修好吧 之前因为政府负债太多就一直修得很慢 希望能修快点 让前来游玩的旅客有更好的体验[打call]希望贵阳继续加油💪"
238470982496,1756400309,贵阳好像还没有成为旅游城市的准备！被美食博主坑得好惨！暑假贵阳旅游攻略/劝退Vlog,https://www.bilibili.com/video/av1756400309,阿***粒,a***1,,未知,2024-08-18 06:39,2024,69,6,9.32,强力种草/惊艳好评,1.0,自然风光与气候避暑 | 餐饮美食与特色体验,瀑布水景视觉震撼 | 酸汤系列与特色火锅 | 老字号口碑 vs 网红营销店,自然风光与气候避暑,瀑布水景视觉震撼,黄果树瀑布 | 贵阳市区/黔灵山 | 万峰林/马岭河,黄果树瀑布,才从贵阳回来，感受和up主一样，去之前看各种博主推荐视频，所以期待值比较高，去了之后感觉大部分吃的都很一般，觉得还可以的是贵厨的酸汤牛肉。住宿是真心贵，贵也就算了，关键是还不值。黄果树瀑布人真心多，万峰林景色巨美！！！
238563602032,1756400309,贵阳好像还没有成为旅游城市的准备！被美食博主坑得好惨！暑假贵阳旅游攻略/劝退Vlog,https://www.bilibili.com/video/av1756400309,阿***粒,z***阳,,未知,2024-08-18 16:37,2024,52,3,8.34,客观探讨/咨询互动,0.0,消费预算与综合性价比,高性价比与平民消费好评,消费预算与综合性价比,高性价比与平民消费好评,贵州全域/综合,贵州全域/综合,我是贵州的 但是你说每一句都是最中肯实在的话， 认可认可
238654009920,1756400309,贵阳好像还没有成为旅游城市的准备！被美食博主坑得好惨！暑假贵阳旅游攻略/劝退Vlog,https://www.bilibili.com/video/av1756400309,阿***粒,M***i,,未知,2024-08-19 00:01,2024,45,1,7.44,客观探讨/咨询互动,0.0,消费预算与综合性价比,高性价比与平民消费好评,消费预算与综合性价比,高性价比与平民消费好评,贵阳市区/黔灵山,贵阳市区/黔灵山,作为贵州人，up🐷确实说的很到位。贵阳市政府还没有应对好这波流量的能力
238631149632,1756400309,贵阳好像还没有成为旅游城市的准备！被美食博主坑得好惨！暑假贵阳旅游攻略/劝退Vlog,https://www.bilibili.com/video/av1756400309,阿***粒,不***某,,未知,2024-08-18 22:12,2024,36,3,7.8,客观探讨/咨询互动,0.0,餐饮美食与特色体验,特色小吃与夜市文化 | 老字号口碑 vs 网红营销店,餐饮美食与特色体验,特色小吃与夜市文化,贵阳市区/黔灵山 | 织金洞 | 阿西里西韭菜坪/百里杜鹃,贵阳市区/黔灵山,"虽然一般来到贵州的第一反应是来贵阳，但实际上真正的美景（例如：毕节的花海，织金的织金洞等等等等）和美食（况且，一般而言，贵州美食其实基本上都是在老城区以及自经营的小摊位上面。那些大多数的网红店。。。说实话，可能很多贵州当地人都是没有吃过的）基本上都不在贵阳，都在除它之外的地方。
所以upup！如果下一次要来贵州的话，就先去贵阳之外的任何一个地方吧～[tv_微笑][tv_微笑]"
238623724096,1756400309,贵阳好像还没有成为旅游城市的准备！被美食博主坑得好惨！暑假贵阳旅游攻略/劝退Vlog,https://www.bilibili.com/video/av1756400309,阿***粒,页***南,,未知,2024-08-18 21:38,2024,36,1,7.11,强力种草/惊艳好评,1.0,住宿价格与酒店民宿,旺季节假日价格暴涨,住宿价格与酒店民宿,旺季节假日价格暴涨,贵阳市区/黔灵山,贵阳市区/黔灵山,看了你的路线，基本上不是本地人会去的地方，偶尔可能去吃哈板筋盖饭，其他基本不会光顾，也很可惜up的路线被网红影响，贵阳市还是有很多好吃滴，希望下次再来感受～但是住宿最近涨价有所听闻，感觉确实没有接受这么大游客量的准备，贵州其实应该多去周边玩玩山水感受风土～下次错峰来玩耍吧[脱单doge]
238591506416,1756400309,贵阳好像还没有成为旅游城市的准备！被美食博主坑得好惨！暑假贵阳旅游攻略/劝退Vlog,https://www.bilibili.com/video/av1756400309,阿***粒,宇***了,,未知,2024-08-18 19:03,2024,21,3,7.02,强力种草/惊艳好评,2.0,餐饮美食与特色体验,特色小吃与夜市文化,餐饮美食与特色体验,特色小吃与夜市文化,贵阳市区/黔灵山,贵阳市区/黔灵山,本地人总结，好吃的都不是网红推荐那些。然后黔灵山，感觉是老年人去逛的地方…怎么会火啊想不通
238488971152,1756400309,贵阳好像还没有成为旅游城市的准备！被美食博主坑得好惨！暑假贵阳旅游攻略/劝退Vlog,https://www.bilibili.com/video/av1756400309,阿***粒,病***_,,未知,2024-08-18 09:47,2024,19,10,7.89,客观探讨/咨询互动,0.0,餐饮美食与特色体验,特色小吃与夜市文化 | 折耳根与口味适应度,餐饮美食与特色体验,特色小吃与夜市文化,阿西里西韭菜坪/百里杜鹃 | 六盘水凉都/乌蒙大草原,阿西里西韭菜坪/百里杜鹃,宝宝，贵州的烙锅分毕节的和六盘水的两种，毕节的是有中间那个活油蘸水的，六盘水的没有，这个需要区别一下，不是没有活油蘸水就不好啦～
238655921680,1756400309,贵阳好像还没有成为旅游城市的准备！被美食博主坑得好惨！暑假贵阳旅游攻略/劝退Vlog,https://www.bilibili.com/video/av1756400309,阿***粒,6***6,,未知,2024-08-19 00:12,2024,18,6,7.36,强力种草/惊艳好评,1.0,综合旅游体验与漫游杂谈,全省概览/多景点串联游记,综合旅游体验与漫游杂谈,全省概览/多景点串联游记,万峰林/马岭河,万峰林/马岭河,万峰林真的很好玩呜呜呜
238445939504,1756400309,贵阳好像还没有成为旅游城市的准备！被美食博主坑得好惨！暑假贵阳旅游攻略/劝退Vlog,https://www.bilibili.com/video/av1756400309,阿***粒,萧***九,,未知,2024-08-18 00:31,2024,15,5,6.95,客观探讨/咨询互动,0.0,餐饮美食与特色体验,特色小吃与夜市文化,餐饮美食与特色体验,特色小吃与夜市文化,贵阳市区/黔灵山,贵阳市区/黔灵山,虽然但是，我还是要说一句那个劳什子活水蘸料真不是烙锅的灵魂，最开始贵阳烙锅完全没那玩意儿，蘸的就是干海椒面
238610276352,1756400309,贵阳好像还没有成为旅游城市的准备！被美食博主坑得好惨！暑假贵阳旅游攻略/劝退Vlog,https://www.bilibili.com/video/av1756400309,阿***粒,情***羽,,未知,2024-08-18 20:34,2024,13,6,6.9,避坑预警/痛点吐槽,-1.0,餐饮美食与特色体验,老字号口碑 vs 网红营销店,餐饮美食与特色体验,老字号口碑 vs 网红营销店,贵阳市区/黔灵山,贵阳市区/黔灵山,主要还是餐饮门槛低，贵阳汇聚了不少不会做饭想搞钱的人，这些人正好借旅游旺季搞餐饮，实际他们会个屁的餐饮，做饭的本事属于狗都不吃的水平，而且不用心，有些做了几年十几年还是一如既往的难吃，提意见就恶语相向，偏偏借着人流大成本低一直活着，甚至越混越好，劣币驱逐良币，我出去吃现成的有个原则：“要么特别麻烦，材料种类多不会搞，不适合家里做的；要么比我做的好吃”，现在几乎不出去吃了，不是我成了食神，而是现在贵阳的餐饮平均水平退化严重，越来越多不会做饭的人做餐饮，吃个毛线[吃瓜]很多几十年老店也不行了，后继无人，父母辈是一门心思做餐饮的，所以味道有保证，儿女辈读书把眼界读高了，看不起餐饮，搞自己的事业吧一事无成，最后回家接手“家族企业”，眼高手低，以为自己什么都懂，实际难吃的一批，同样听不得建议，服务态度也不行，有些味道还好的，也是一家子人帮扶，他以为是他一个人的本事，呸！等老一辈过世了就全部完蛋！还有一个问题，贵阳很多搞餐饮的，心特别飘，一挣点钱，质量和态度肉眼可见的下滑，我希望他们都倒闭，把位置让给真正用心做餐饮的人[OK]
238399816432,1756400309,贵阳好像还没有成为旅游城市的准备！被美食博主坑得好惨！暑假贵阳旅游攻略/劝退Vlog,https://www.bilibili.com/video/av1756400309,阿***粒,以*,,未知,2024-08-17 20:49,2024,13,1,5.65,客观探讨/咨询互动,0.0,综合旅游体验与漫游杂谈,全省概览/多景点串联游记,综合旅游体验与漫游杂谈,全省概览/多景点串联游记,贵州全域/综合,贵州全域/综合,姐姐！好久没来看你！！我最近都在疗愈自己，能量有点差
238590995136,1756400309,贵阳好像还没有成为旅游城市的准备！被美食博主坑得好惨！暑假贵阳旅游攻略/劝退Vlog,https://www.bilibili.com/video/av1756400309,阿***粒,瀑***睿,,未知,2024-08-18 19:01,2024,12,1,5.54,强力种草/惊艳好评,1.0,综合旅游体验与漫游杂谈,全省概览/多景点串联游记,综合旅游体验与漫游杂谈,全省概览/多景点串联游记,贵州全域/综合,贵州全域/综合,去看那些网红推荐不如看猫侍安安
238398445312,1756400309,贵阳好像还没有成为旅游城市的准备！被美食博主坑得好惨！暑假贵阳旅游攻略/劝退Vlog,https://www.bilibili.com/video/av1756400309,阿***粒,P***e,,未知,2024-08-17 20:43,2024,12,3,6.23,强力种草/惊艳好评,3.0,自然风光与气候避暑 | 交通自驾与行程路况 | 消费预算与综合性价比,瀑布水景视觉震撼 | 高铁大巴换乘与班次衔接 | 高性价比与平民消费好评,自然风光与气候避暑,瀑布水景视觉震撼,黄果树瀑布 | 贵阳市区/黔灵山,黄果树瀑布,六月初去的，只玩了三天吧，感觉还是很不错的，顺道去看了个大瀑布[喜欢]安顺火车站门口好多好吃的米粉店，肉多，价格便宜量大[呲牙]感觉贵阳的年轻人很多，青云市集特别有意思很多小店都非常好逛呀，就是价格稍稍贵了些，而且贵州省博物馆非常好逛，还看到了尹光中的展[打call]
306371989473,116883491718395,贵阳值得去吗？我用10分钟帮你理清旅行逻辑,https://www.bilibili.com/video/av116883491718395,阿***n,M***梦,,未知,2026-07-16 20:14,2026,75,16,10.33,避坑预警/痛点吐槽,-2.0,自然风光与气候避暑 | 餐饮美食与特色体验 | 景区运营与排队管理 | 消费预算与综合性价比,瀑布水景视觉震撼 | 喀斯特溶洞地质奇观 | 特色小吃与夜市文化 | 大门外移与强制观光车 | 门票预约与抢票限制 | 高性价比与平民消费好评,自然风光与气候避暑,瀑布水景视觉震撼,黄果树瀑布 | 贵阳市区/黔灵山,黄果树瀑布,参考up主的视频，酒店订的黔灵山公园的维也纳酒店，后面也一直续订的，出酒店就是2号线和3号线的延安西路站，后面就是老客站，行李一直放在酒店里，出行很方便，下午1点钟到达贵阳东站，把行李放在酒店后，就去up主的cityeat了，不过说实话这条线路上的小吃都好难吃啊[笑哭]。晚上去花果园，人超级多。第二天从老客站出发去看黄果树瀑布，票是在畅行黔途小程序上购买的，人很多，没预约上水帘洞，买门票的时候建议还是加个50块钱的观光车，全区通用的，不然靠步行应该没办法当天去当天回来。第三天就去逛了地质博物馆和黔灵山公园，第四天去山河潭景区，真的很不错，在高德地图上买的门票+观光车+水洞旱洞才60块钱，比美团上便宜。然后下去去博物馆和阿云朵仓，阿云朵仓感觉就像成都的东郊记忆。第五天回老家（[doge][doge]顺便吐槽一下贵阳的交通居然比成都还堵）
308581837760,116883491718395,贵阳值得去吗？我用10分钟帮你理清旅行逻辑,https://www.bilibili.com/video/av116883491718395,阿***n,包***底,,未知,2026-07-09 12:14,2026,65,2,8.38,客观探讨/咨询互动,0.0,综合旅游体验与漫游杂谈,全省概览/多景点串联游记,综合旅游体验与漫游杂谈,全省概览/多景点串联游记,贵州全域/综合,贵州全域/综合,远离奶茶强盗，别让他看到任何瓶子[笑哭]
308526668656,116883491718395,贵阳值得去吗？我用10分钟帮你理清旅行逻辑,https://www.bilibili.com/video/av116883491718395,阿***n,G***n,,未知,2026-07-08 22:40,2026,50,11,9.38,客观探讨/咨询互动,0.0,住宿价格与酒店民宿,景区内住宿 vs 市区中转选择,住宿价格与酒店民宿,景区内住宿 vs 市区中转选择,贵州全域/综合,贵州全域/综合,我说一下，大包小包带着旅行箱来玩的宝子最好不要住老城区，提着行李箱🧳爬过街天桥和地下通道会让你怀疑人生的[doge]
305335371537,116883491718395,贵阳值得去吗？我用10分钟帮你理清旅行逻辑,https://www.bilibili.com/video/av116883491718395,阿***n,x***r,,未知,2026-07-08 20:49,2026,46,0,6.78,强力种草/惊艳好评,1.0,商业化程度与民俗真实感,民俗表演与人文真实互动,商业化程度与民俗真实感,民俗表演与人文真实互动,贵阳市区/黔灵山,贵阳市区/黔灵山,"刚从贵阳回来，补充两个点。
1、博物馆的话，很推荐地质博物馆。很早以前当地朋友推荐的，各种石头看着很有意思。
2、青岩古镇如果去的话，有很多手工项目可以体验。我们是在那做了蜡染，我看一路上还有很多不同的手工店。"
307395727505,116883491718395,贵阳值得去吗？我用10分钟帮你理清旅行逻辑,https://www.bilibili.com/video/av116883491718395,阿***n,愿***丶,,未知,2026-07-24 16:32,2026,34,8,8.53,客观探讨/咨询互动,0.0,交通自驾与行程路况,山路弯道与自驾难度,交通自驾与行程路况,山路弯道与自驾难度,贵阳市区/黔灵山,贵阳市区/黔灵山,[笑]没事还是在家宅着吧，就算要来贵阳也带点厚衣服，我在家裸睡就因为开了一丝窗户缝，冻着了。现在还在流鼻涕…
305377481841,116883491718395,贵阳值得去吗？我用10分钟帮你理清旅行逻辑,https://www.bilibili.com/video/av116883491718395,阿***n,月***色,,未知,2026-07-09 07:33,2026,34,9,8.64,强力种草/惊艳好评,3.0,交通自驾与行程路况 | 安全防范与避坑预警,山路弯道与自驾难度 | 高铁大巴换乘与班次衔接 | 黔灵山猕猴抓咬与抢食抢包,交通自驾与行程路况,山路弯道与自驾难度,贵阳市区/黔灵山,贵阳市区/黔灵山,"up说了很多贵阳值得推荐的，那我就来说一点我见到的贵阳还可以改进的地方。
住宿方面，观山湖离市区有点远，但是住的安静，花果园旧且杂乱，最最重要一点，我当年去的时候，路上能看到很多“小卡片”散落一地[笑哭]我上一次能看到这种小卡片，还是在清远的酒店。
坐高铁到贵阳的，首选贵阳北站，能省很多时间。
甲秀楼就是一个江中心的建筑，但是江边跑步感觉不错，但是很多蚊子，注意防蚊，附近有吃的，但是距离地铁站远，需要坐公交，由于甲秀楼市中心附近，坐公交遇上上下班，能塞死，加上起起伏伏的路况和喇叭声，很容易晕。
我自己很喜欢黔灵山公园，但是由于猴子多，且不怕人会抢东西吃，所以建议不让食物外露，也由于猴子多，有些人会觉得有点臭。
除了甲秀楼的两边，观山湖公园也非常推荐去跑步，里面很多人跑步，男女老少，且由于贵阳夏无酷暑，所以几乎一整天都有人跑步，有跑步习惯的，可以住在这附近，可以跑步。公园也很漂亮很大，跑一两个小时不是问题。
吃的方面，如果对烤对洋芋对辣对羊不感冒的，可能就很痛苦，至少我去的时候，贵阳天气深得我心，但是吃的严重水土不服。好在还有牛肉和粉，这两个不错😊
有一个东山寺（是这个名字吗？有点忘了）可以看日落，但是由于陡峭，所以做好心理准备，建议从不那么陡峭的一面上坡，但是这面没有地铁，具体当年我也忘了，另一面虽然在地铁口附近，但是陡峭，爬上去很难受，爬之前喝水多了差点吐了。但是爬上去看贵阳全貌，很不错😊"
308490575120,116883491718395,贵阳值得去吗？我用10分钟帮你理清旅行逻辑,https://www.bilibili.com/video/av116883491718395,阿***n,R***3,,未知,2026-07-08 18:02,2026,37,2,7.55,强力种草/惊艳好评,1.0,餐饮美食与特色体验,酸汤系列与特色火锅,餐饮美食与特色体验,酸汤系列与特色火锅,贵阳市区/黔灵山,贵阳市区/黔灵山,贵阳挺好吃[BanGDream_香澄-期待]豆米火锅太下饭了
307934023009,116883491718395,贵阳值得去吗？我用10分钟帮你理清旅行逻辑,https://www.bilibili.com/video/av116883491718395,阿***n,阿***啊,,未知,2026-07-28 17:51,2026,21,5,7.43,避坑预警/痛点吐槽,-1.0,自然风光与气候避暑 | 餐饮美食与特色体验 | 景区运营与排队管理,夏季清凉避暑体验 | 老字号口碑 vs 网红营销店 | 核心项目超长排队与拥堵,自然风光与气候避暑,夏季清凉避暑体验,贵阳市区/黔灵山,贵阳市区/黔灵山,"前两年去过贵阳避暑，景点什么的都还在其次，贵阳最大的问题在于接待能力很差。老城区这边，稍微出名的饭店都排大队，哪怕是卖脆哨的那几家老店都要排半小时左右，在这里的几天几乎就没在饭点吃上过饭。酒店也是一样，稍微好点的都在新区，老区这边可选择的极少，喷水池、大十字附近又堵车，地铁的话过街对带行李极不友好。
不过黔灵山公园算得上顶中顶了，2.5元的门票不要太香。一定要去。"
305356110945,116883491718395,贵阳值得去吗？我用10分钟帮你理清旅行逻辑,https://www.bilibili.com/video/av116883491718395,阿***n,_***夜,,未知,2026-07-08 23:41,2026,21,11,8.12,客观探讨/咨询互动,0.0,自然风光与气候避暑,瀑布水景视觉震撼,自然风光与气候避暑,瀑布水景视觉震撼,贵阳市区/黔灵山,贵阳市区/黔灵山,贵阳的精酿也非常棒，4天喝了3个晚上[笑哭]
305316474625,116883491718395,贵阳值得去吗？我用10分钟帮你理清旅行逻辑,https://www.bilibili.com/video/av116883491718395,阿***n,呆***狗,,未知,2026-07-08 18:22,2026,13,7,7.04,实战攻略/避坑技巧,0.2,交通自驾与行程路况,高铁大巴换乘与班次衔接,交通自驾与行程路况,高铁大巴换乘与班次衔接,黄果树瀑布 | 荔波小七孔 | 贵阳市区/黔灵山,黄果树瀑布,建议住在贵阳北站附近，高铁去贵州各地玩，黄果树、小七孔都有当地高铁站-景区直通车
305764612993,116883491718395,贵阳值得去吗？我用10分钟帮你理清旅行逻辑,https://www.bilibili.com/video/av116883491718395,阿***n,精***城,,未知,2026-07-12 07:44,2026,12,2,5.95,客观探讨/咨询互动,0.0,自然风光与气候避暑 | 餐饮美食与特色体验 | 景区运营与排队管理,夏季清凉避暑体验 | 特色小吃与夜市文化 | 老字号口碑 vs 网红营销店 | 核心项目超长排队与拥堵,自然风光与气候避暑,夏季清凉避暑体验,贵阳市区/黔灵山 | 遵义红色胜地/赤水,贵阳市区/黔灵山,我贵阳读了几年书，没觉得哪里好耍有体验感一点的，要说的话那个天河潭还可以耍大半天。吃的话3.5块糯米饭还可以有海带、土豆丝什么的，也不吭游客啥子啥子钱，丝娃娃、脆臊炒饭也不错，还有一些老店的素粉，真的要吃素粉[笑哭][笑哭]。贵阳最最突出的优点就是凉爽，最大的缺点就是堵车，毕竟轨道交通起步晚线路少。如果你想去贵阳或者遵义的话，欢迎大家去爽爽贵阳，红色遵义[爱心]
308573358416,116883491718395,贵阳值得去吗？我用10分钟帮你理清旅行逻辑,https://www.bilibili.com/video/av116883491718395,阿***n,我***黑,,未知,2026-07-09 11:01,2026,11,8,6.92,实战攻略/避坑技巧,0.2,自然风光与气候避暑,瀑布水景视觉震撼,自然风光与气候避暑,瀑布水景视觉震撼,贵州全域/综合,贵州全域/综合,正好这两天准备做贵州攻略，搜了搜up之前竟然没有，结果真的更新了[doge]再蹲一蹲安顺[doge]
308483675616,116883491718395,贵阳值得去吗？我用10分钟帮你理清旅行逻辑,https://www.bilibili.com/video/av116883491718395,阿***n,G***T,,未知,2026-07-08 17:07,2026,11,0,4.73,客观探讨/咨询互动,0.0,自然风光与气候避暑,瀑布水景视觉震撼,自然风光与气候避暑,瀑布水景视觉震撼,贵阳市区/黔灵山,贵阳市区/黔灵山,贵阳体量不大，三天可以完全玩的很好了，三天的小长假也适合去[doge]
308790248784,116883491718395,贵阳值得去吗？我用10分钟帮你理清旅行逻辑,https://www.bilibili.com/video/av116883491718395,阿***n,-***上,,未知,2026-07-10 22:23,2026,14,3,6.45,实战攻略/避坑技巧,0.2,景区运营与排队管理,核心项目超长排队与拥堵,景区运营与排队管理,核心项目超长排队与拥堵,贵阳市区/黔灵山,贵阳市区/黔灵山,哈哈哈哈哈今天抢到周深老师贵阳场的票了，赶紧来做攻略啦！！！[星星眼][打call]
265966618176,113193242398666,贵阳旅游攻略，避雷和推荐，保姆级超详细！,https://www.bilibili.com/video/av113193242398666,码***妮,码***妮,,未知,2025-06-18 15:45,2025,31,0,6.2,实战攻略/避坑技巧,0.2,餐饮美食与特色体验,特色小吃与夜市文化,餐饮美食与特色体验,特色小吃与夜市文化,贵州全域/综合,贵州全域/综合,自由行攻略博主，不是导游，也不是店家，不提供订房。如果想提问，或 需要文字版和地图，去公重浩：码语者和杰妮
243875169184,113193242398666,贵阳旅游攻略，避雷和推荐，保姆级超详细！,https://www.bilibili.com/video/av113193242398666,码***妮,T***君,,未知,2024-10-05 16:54,2024,85,4,9.29,实战攻略/避坑技巧,0.2,综合旅游体验与漫游杂谈,全省概览/多景点串联游记,综合旅游体验与漫游杂谈,全省概览/多景点串联游记,贵州全域/综合,贵州全域/综合,本地人来看攻略了[笑哭][笑哭]
243436579649,113193242398666,贵阳旅游攻略，避雷和推荐，保姆级超详细！,https://www.bilibili.com/video/av113193242398666,码***妮,幽***七,,未知,2024-10-01 22:59,2024,37,3,7.84,强力种草/惊艳好评,1.0,餐饮美食与特色体验,特色小吃与夜市文化,餐饮美食与特色体验,特色小吃与夜市文化,贵州全域/综合,贵州全域/综合,Emmm牛肉粉感觉还是细粉好吃呐，酸粉吃干拌的好吃(素粉加脆哨肉沫啥的)
252672154753,113193242398666,贵阳旅游攻略，避雷和推荐，保姆级超详细！,https://www.bilibili.com/video/av113193242398666,码***妮,卡***壶,,未知,2025-01-24 07:55,2025,23,2,6.87,强力种草/惊艳好评,1.0,综合旅游体验与漫游杂谈,全省概览/多景点串联游记,综合旅游体验与漫游杂谈,全省概览/多景点串联游记,贵阳市区/黔灵山,贵阳市区/黔灵山,黔灵公园好玩。
243585973137,113193242398666,贵阳旅游攻略，避雷和推荐，保姆级超详细！,https://www.bilibili.com/video/av113193242398666,码***妮,R***p,,未知,2024-10-03 22:35,2024,19,0,5.49,强力种草/惊艳好评,1.0,综合旅游体验与漫游杂谈,全省概览/多景点串联游记,综合旅游体验与漫游杂谈,全省概览/多景点串联游记,贵州全域/综合,贵州全域/综合,我一个本地人都觉得up主的推荐很地道！
246604233873,113193242398666,贵阳旅游攻略，避雷和推荐，保姆级超详细！,https://www.bilibili.com/video/av113193242398666,码***妮,傻***号,,未知,2024-11-12 13:26,2024,18,3,6.8,客观探讨/咨询互动,0.0,自然风光与气候避暑,瀑布水景视觉震撼,自然风光与气候避暑,瀑布水景视觉震撼,贵阳市区/黔灵山,贵阳市区/黔灵山,下周去贵阳玩，请问一下天气怎么样呀
243663643888,113193242398666,贵阳旅游攻略，避雷和推荐，保姆级超详细！,https://www.bilibili.com/video/av113193242398666,码***妮,柏***玹,,未知,2024-10-02 23:05,2024,14,1,5.76,客观探讨/咨询互动,0.0,消费预算与综合性价比,高性价比与平民消费好评,消费预算与综合性价比,高性价比与平民消费好评,贵阳市区/黔灵山,贵阳市区/黔灵山,在贵阳上大学[doge]
244325757792,113193242398666,贵阳旅游攻略，避雷和推荐，保姆级超详细！,https://www.bilibili.com/video/av113193242398666,码***妮,乄***静,,未知,2024-10-11 12:48,2024,10,2,5.7,实战攻略/避坑技巧,0.2,景区运营与排队管理,门票预约与抢票限制,景区运营与排队管理,门票预约与抢票限制,贵州全域/综合,贵州全域/综合,博物馆要预约吗？
272030962945,115054791957788,送你一份超详细的贵阳两日逛吃旅游攻略 | 内含图文版,https://www.bilibili.com/video/av115054791957788,迈***Q,六***a,,未知,2025-08-20 13:17,2025,32,3,7.63,客观探讨/咨询互动,0.0,餐饮美食与特色体验,折耳根与口味适应度,餐饮美食与特色体验,折耳根与口味适应度,贵州全域/综合,贵州全域/综合,我爱折耳根！！（超大声）
272208051745,115054791957788,送你一份超详细的贵阳两日逛吃旅游攻略 | 内含图文版,https://www.bilibili.com/video/av115054791957788,迈***Q,斑***猫,,未知,2025-08-21 21:29,2025,22,1,6.4,强力种草/惊艳好评,1.0,餐饮美食与特色体验,酸汤系列与特色火锅 | 特色小吃与夜市文化,餐饮美食与特色体验,酸汤系列与特色火锅,贵阳市区/黔灵山,贵阳市区/黔灵山,贵阳本地人推荐的美食有：在湖南不一定吃得到的李兰英湖南面、裹卷、大春卷、糯米饭、安顺夺夺粉火锅、豆花面、民生路的董记红油米皮
273411302096,115054791957788,送你一份超详细的贵阳两日逛吃旅游攻略 | 内含图文版,https://www.bilibili.com/video/av115054791957788,迈***Q,k***r,,未知,2025-08-21 02:52,2025,19,26,8.79,客观探讨/咨询互动,0.0,住宿价格与酒店民宿,景区内住宿 vs 市区中转选择,住宿价格与酒店民宿,景区内住宿 vs 市区中转选择,贵阳市区/黔灵山,贵阳市区/黔灵山,我觉得贵阳住宿好贵啊。。。准备去，发现4星都要500以上
273392516880,115054791957788,送你一份超详细的贵阳两日逛吃旅游攻略 | 内含图文版,https://www.bilibili.com/video/av115054791957788,迈***Q,潮***人,,未知,2025-08-20 23:05,2025,15,3,6.55,客观探讨/咨询互动,0.0,消费预算与综合性价比,高性价比与平民消费好评,消费预算与综合性价比,高性价比与平民消费好评,贵阳市区/黔灵山,贵阳市区/黔灵山,好想去贵阳！！
272065198449,115054791957788,送你一份超详细的贵阳两日逛吃旅游攻略 | 内含图文版,https://www.bilibili.com/video/av115054791957788,迈***Q,迈***Q,,未知,2025-08-20 18:44,2025,13,13,7.6,强力种草/惊艳好评,2.0,餐饮美食与特色体验,酸汤系列与特色火锅,餐饮美食与特色体验,酸汤系列与特色火锅,贵阳市区/黔灵山,贵阳市区/黔灵山,"本次超详尽贵阳两日旅行攻略，感谢这些朋友们的共同规划和大力支持[点赞]
@马店威锅子 @_也不可能三人行_ @点点的睫毛哥 @她夸我很有情绪价值 @永远都爱吃火锅 @苏茜的理发店 @Otis_大黄 @凡凡凡呗
@秣陵小树 
让我们完成这条攻略，可以帮助到更多想去汕头旅行的朋友 [星星眼]  
本次关键词「贵州」  
因受限制，如果老朋友们发不出关键词，可以评论区留言，我们看到了会及时回复的[脱单doge]"
273311785104,115054791957788,送你一份超详细的贵阳两日逛吃旅游攻略 | 内含图文版,https://www.bilibili.com/video/av115054791957788,迈***Q,C***_,,未知,2025-08-20 11:40,2025,12,1,5.54,客观探讨/咨询互动,0.0,餐饮美食与特色体验,特色小吃与夜市文化,餐饮美食与特色体验,特色小吃与夜市文化,贵阳市区/黔灵山,贵阳市区/黔灵山,刚从贵阳回来你就发视频[吃瓜]
272033664001,115054791957788,送你一份超详细的贵阳两日逛吃旅游攻略 | 内含图文版,https://www.bilibili.com/video/av115054791957788,迈***Q,言***i,,未知,2025-08-20 13:44,2025,10,6,6.54,避坑预警/痛点吐槽,-1.0,餐饮美食与特色体验,特色小吃与夜市文化,餐饮美食与特色体验,特色小吃与夜市文化,贵阳市区/黔灵山,贵阳市区/黔灵山,4月淡季的时候去过贵阳体验还不错，前几天刷到吐槽贵阳酒店价格的，看了下以前的订单价格翻了2倍多[笑哭]
297628520097,116470520552778,贵阳5天4晚吃住玩全攻略，适用于低能量人群！不累不敢不废腿！舒舒服服旅游！,https://www.bilibili.com/video/av116470520552778,七***儿,遥***烟,,未知,2026-04-27 23:06,2026,43,1,7.37,客观探讨/咨询互动,0.0,住宿价格与酒店民宿,景区内住宿 vs 市区中转选择,住宿价格与酒店民宿,景区内住宿 vs 市区中转选择,西江千户苗寨,西江千户苗寨,讲真千户苗寨你要不住观景台那块看看夜景再走，几乎没啥意思[笑哭]
300691701376,116470520552778,贵阳5天4晚吃住玩全攻略，适用于低能量人群！不累不敢不废腿！舒舒服服旅游！,https://www.bilibili.com/video/av116470520552778,七***儿,D***咪,,未知,2026-04-29 22:06,2026,23,3,7.15,客观探讨/咨询互动,0.0,自然风光与气候避暑 | 餐饮美食与特色体验,瀑布水景视觉震撼 | 老字号口碑 vs 网红营销店,自然风光与气候避暑,瀑布水景视觉震撼,贵阳市区/黔灵山,贵阳市区/黔灵山,"种草了安顺这个风景真好啊！
看了你这个视频立马买了五一去贵阳的火车票[星星眼]你也是最近去的吗？想看到你的同款风景！"
302315764768,116470520552778,贵阳5天4晚吃住玩全攻略，适用于低能量人群！不累不敢不废腿！舒舒服服旅游！,https://www.bilibili.com/video/av116470520552778,七***儿,T***夫,,未知,2026-05-14 08:58,2026,15,11,7.64,实战攻略/避坑技巧,0.2,消费预算与综合性价比,高性价比与平民消费好评,消费预算与综合性价比,高性价比与平民消费好评,贵州全域/综合,贵州全域/综合,"贵州旅游攻略视频就这些吗？？视频怎么有断层，前几期都是独立了，然后就是一个汇总了
，不会吧？剪辑中吗？本人打算和家人去贵州，up讲的很详细，期待尽快更新。"
302902954816,116470520552778,贵阳5天4晚吃住玩全攻略，适用于低能量人群！不累不敢不废腿！舒舒服服旅游！,https://www.bilibili.com/video/av116470520552778,七***儿,迦***R,,未知,2026-05-19 18:42,2026,13,1,5.65,客观探讨/咨询互动,0.0,消费预算与综合性价比,高性价比与平民消费好评,消费预算与综合性价比,高性价比与平民消费好评,西江千户苗寨,西江千户苗寨,千户苗寨居然收钱？贵州那么多个寨子为什么要花钱？
298549769265,116510467035457,遍地精神小妹，号称贵阳小缅北。曾经各种灰产隐藏在密集的三十四层楼之中。娱乐不夜城。贵阳花果园，孙悟空来了店铺得把金箍棒弄丢的存在。,https://www.bilibili.com/video/av116510467035457,奇***記,R***e,,未知,2026-05-06 01:54,2026,1324,110,16.49,客观探讨/咨询互动,0.0,住宿价格与酒店民宿,景区内住宿 vs 市区中转选择,住宿价格与酒店民宿,景区内住宿 vs 市区中转选择,贵阳市区/黔灵山,贵阳市区/黔灵山,"我东北人，10年来贵阳旅游，最后就留在这了，花果园T区买的房，三期，比一期安静，现在父母住呢，生活很便利。一期购物中心那边开始还是挺好的，各种大品牌商家入驻，年轻人晚上在那边跳街舞、玩滑板，氛围还行，就是没啥文化活动氛围。贵阳这个地方住了十几年，感觉最好的还是自然条件，比如气温、湿度、地质特点（不易地震、少洪涝等），周边山水多，不以雄奇见长，处处透露着秀气，适合周末和家人去周边玩玩山水，另外周边单日轻徒爬山去处很多。
但贵阳其他方面，以我走过大半个中国的浅见来看，比如文化、历史、经济、就业、民风等，用北京话来说，说好听点儿的吧，也就那么回事儿吧，哈哈。
近十几年，贵阳城市建设方面的里程碑有三大社区建设（花果园、未来方舟、世纪城），一个新区建设（以高新区为核心的观山湖新区，贵安不算吧，夭折了），工作关系，接触过一些建设过程中的上层建设会议、方案等，咋说呢，就是那一批有尚方宝剑的人不在了，本地撑不太住，哈哈，管理能力断层，GDP是夏洛大傻川那个班级名次实力，撑不起本地发展的愿景，也没资源。
疫情之前，其实贵阳很多贸易公司其实都关门了（亲自走访），这些公司往往都是驻贵阳辐射贵州市场。中小企业在高新区的孵化，也没成功走出来几个。疫情以后，很多人离开了贵阳，观山湖单身公寓至少走了一半人，再往后，越来越少。期间我以周边省份省会城市小做一下对比，结果让我很是深思。
今年，我没工作了，在思考要不要举家离开贵阳。"
298509816769,116510467035457,遍地精神小妹，号称贵阳小缅北。曾经各种灰产隐藏在密集的三十四层楼之中。娱乐不夜城。贵阳花果园，孙悟空来了店铺得把金箍棒弄丢的存在。,https://www.bilibili.com/video/av116510467035457,奇***記,阳***尧,,未知,2026-05-05 19:04,2026,495,14,13.02,客观探讨/咨询互动,0.0,消费预算与综合性价比,高性价比与平民消费好评,消费预算与综合性价比,高性价比与平民消费好评,贵阳市区/黔灵山,贵阳市区/黔灵山,贵阳有自己的双子塔
301229315952,116510467035457,遍地精神小妹，号称贵阳小缅北。曾经各种灰产隐藏在密集的三十四层楼之中。娱乐不夜城。贵阳花果园，孙悟空来了店铺得把金箍棒弄丢的存在。,https://www.bilibili.com/video/av116510467035457,奇***記,现***士,,未知,2026-05-04 02:09,2026,1210,125,16.49,客观探讨/咨询互动,0.0,综合旅游体验与漫游杂谈,全省概览/多景点串联游记,综合旅游体验与漫游杂谈,全省概览/多景点串联游记,贵州全域/综合,贵州全域/综合,摆摊越多的地方说明当地就业越不好
301228738896,116510467035457,遍地精神小妹，号称贵阳小缅北。曾经各种灰产隐藏在密集的三十四层楼之中。娱乐不夜城。贵阳花果园，孙悟空来了店铺得把金箍棒弄丢的存在。,https://www.bilibili.com/video/av116510467035457,奇***記,延***功,,未知,2026-05-04 01:58,2026,590,97,15.16,客观探讨/咨询互动,0.0,餐饮美食与特色体验,特色小吃与夜市文化,餐饮美食与特色体验,特色小吃与夜市文化,贵州全域/综合,贵州全域/综合,旅游就是吃东西，国内城市都长得差不多，所谓的名胜古迹也基本上是改开以后的人造景点
301250628848,116510467035457,遍地精神小妹，号称贵阳小缅北。曾经各种灰产隐藏在密集的三十四层楼之中。娱乐不夜城。贵阳花果园，孙悟空来了店铺得把金箍棒弄丢的存在。,https://www.bilibili.com/video/av116510467035457,奇***記,浅***落,,未知,2026-05-04 10:25,2026,246,199,14.56,客观探讨/咨询互动,0.0,自然风光与气候避暑,夏季清凉避暑体验,自然风光与气候避暑,夏季清凉避暑体验,贵州全域/综合,贵州全域/综合,要我会说贵州话我挺想去那住的，气候好啊
301288461232,116510467035457,遍地精神小妹，号称贵阳小缅北。曾经各种灰产隐藏在密集的三十四层楼之中。娱乐不夜城。贵阳花果园，孙悟空来了店铺得把金箍棒弄丢的存在。,https://www.bilibili.com/video/av116510467035457,奇***記,T***s,,未知,2026-05-04 16:26,2026,310,59,13.7,客观探讨/咨询互动,0.0,消费预算与综合性价比,高性价比与平民消费好评,消费预算与综合性价比,高性价比与平民消费好评,贵阳市区/黔灵山,贵阳市区/黔灵山,贵阳虽然是省会…但是其实这批人大多是隔壁县城或者农村往贵阳跑的…很多不是本地人 所以才那么多精神小妹
299828007809,116510467035457,遍地精神小妹，号称贵阳小缅北。曾经各种灰产隐藏在密集的三十四层楼之中。娱乐不夜城。贵阳花果园，孙悟空来了店铺得把金箍棒弄丢的存在。,https://www.bilibili.com/video/av116510467035457,奇***記,n***l,,未知,2026-05-18 19:56,2026,945,58,15.36,客观探讨/咨询互动,0.0,综合旅游体验与漫游杂谈,全省概览/多景点串联游记,综合旅游体验与漫游杂谈,全省概览/多景点串联游记,贵州全域/综合,贵州全域/综合,其实up主称呼的视频里搞直播的“精神小妹”，“精神小伙”，和拍视频的up主自己，本质上是一样的
300411540545,116510467035457,遍地精神小妹，号称贵阳小缅北。曾经各种灰产隐藏在密集的三十四层楼之中。娱乐不夜城。贵阳花果园，孙悟空来了店铺得把金箍棒弄丢的存在。,https://www.bilibili.com/video/av116510467035457,奇***記,-***-,,未知,2026-05-24 01:50,2026,271,10,11.81,客观探讨/咨询互动,0.0,住宿价格与酒店民宿,景区内住宿 vs 市区中转选择,住宿价格与酒店民宿,景区内住宿 vs 市区中转选择,贵州全域/综合,贵州全域/综合,没绷住，拍视频的喊拍直播的精神小妹，那up是不是精神小伙[doge_金箍]
298516343905,116510467035457,遍地精神小妹，号称贵阳小缅北。曾经各种灰产隐藏在密集的三十四层楼之中。娱乐不夜城。贵阳花果园，孙悟空来了店铺得把金箍棒弄丢的存在。,https://www.bilibili.com/video/av116510467035457,奇***記,H***e,,未知,2026-05-05 20:03,2026,188,4,10.47,客观探讨/咨询互动,0.0,综合旅游体验与漫游杂谈,全省概览/多景点串联游记,综合旅游体验与漫游杂谈,全省概览/多景点串联游记,贵州全域/综合,贵州全域/综合,这头上光圈我还以为在cos蔚蓝档案呢
301421903488,116510467035457,遍地精神小妹，号称贵阳小缅北。曾经各种灰产隐藏在密集的三十四层楼之中。娱乐不夜城。贵阳花果园，孙悟空来了店铺得把金箍棒弄丢的存在。,https://www.bilibili.com/video/av116510467035457,奇***記,我***晗,,未知,2026-05-05 17:59,2026,204,10,11.38,客观探讨/咨询互动,0.0,餐饮美食与特色体验,特色小吃与夜市文化,餐饮美食与特色体验,特色小吃与夜市文化,贵州全域/综合,贵州全域/综合,"我昨天在宁夏见到精神小妹了15-16左右
我进夜市，门洞下面几个小青年，男女都抽着烟，纹着身，小黄毛，一脸蔑视的看着进出的人。[doge_金箍]
原来这就是精神小妹们，她们还在，好久没见过，我一直以为这么多年的整治都没了，原来还在。"
298472952177,116510467035457,遍地精神小妹，号称贵阳小缅北。曾经各种灰产隐藏在密集的三十四层楼之中。娱乐不夜城。贵阳花果园，孙悟空来了店铺得把金箍棒弄丢的存在。,https://www.bilibili.com/video/av116510467035457,奇***記,我***碳,,未知,2026-05-05 13:04,2026,260,15,12.12,客观探讨/咨询互动,0.0,交通自驾与行程路况,山路弯道与自驾难度,交通自驾与行程路况,山路弯道与自驾难度,贵州全域/综合,贵州全域/综合,现在精神小妹变少了，都开始穿jk lolita了
298329842081,116510467035457,遍地精神小妹，号称贵阳小缅北。曾经各种灰产隐藏在密集的三十四层楼之中。娱乐不夜城。贵阳花果园，孙悟空来了店铺得把金箍棒弄丢的存在。,https://www.bilibili.com/video/av116510467035457,奇***記,比***弟,,未知,2026-05-04 08:59,2026,154,76,12.91,客观探讨/咨询互动,0.0,综合旅游体验与漫游杂谈,全省概览/多景点串联游记,综合旅游体验与漫游杂谈,全省概览/多景点串联游记,贵州全域/综合,贵州全域/综合,他们这种直播的是那种早早辍学的吗？还是没有收入的还是跟哪个大哥签订的？
298345013233,116510467035457,遍地精神小妹，号称贵阳小缅北。曾经各种灰产隐藏在密集的三十四层楼之中。娱乐不夜城。贵阳花果园，孙悟空来了店铺得把金箍棒弄丢的存在。,https://www.bilibili.com/video/av116510467035457,奇***記,9***4,,未知,2026-05-04 11:52,2026,148,24,11.72,客观探讨/咨询互动,0.0,交通自驾与行程路况,山路弯道与自驾难度,交通自驾与行程路况,山路弯道与自驾难度,贵阳市区/黔灵山,贵阳市区/黔灵山,"这地方没经济。没有任何产出。只有女人。
您拍的位置在花果园商务区7号楼。再过去一点，我都不想过去了。平时送外卖最多就到这里。迷路。"
301555937360,116510467035457,遍地精神小妹，号称贵阳小缅北。曾经各种灰产隐藏在密集的三十四层楼之中。娱乐不夜城。贵阳花果园，孙悟空来了店铺得把金箍棒弄丢的存在。,https://www.bilibili.com/video/av116510467035457,奇***記,P***r,,未知,2026-05-06 22:35,2026,238,7,11.29,客观探讨/咨询互动,0.0,综合旅游体验与漫游杂谈,全省概览/多景点串联游记,综合旅游体验与漫游杂谈,全省概览/多景点串联游记,贵阳市区/黔灵山,贵阳市区/黔灵山,虽然花果园是不怎么样 但是为什么张口闭口都是带着油臭味的傲慢 鄙视人家“精神小妹” 结果自己说话也不见得多有文化
298316020369,116510467035457,遍地精神小妹，号称贵阳小缅北。曾经各种灰产隐藏在密集的三十四层楼之中。娱乐不夜城。贵阳花果园，孙悟空来了店铺得把金箍棒弄丢的存在。,https://www.bilibili.com/video/av116510467035457,奇***記,风***n,,未知,2026-05-04 02:10,2026,111,23,11.26,客观探讨/咨询互动,0.0,消费预算与综合性价比,高性价比与平民消费好评,消费预算与综合性价比,高性价比与平民消费好评,贵阳市区/黔灵山,贵阳市区/黔灵山,别说贵阳了，我去一个贵州小县城街上初中生一半抽烟打台球的
302633282912,116510467035457,遍地精神小妹，号称贵阳小缅北。曾经各种灰产隐藏在密集的三十四层楼之中。娱乐不夜城。贵阳花果园，孙悟空来了店铺得把金箍棒弄丢的存在。,https://www.bilibili.com/video/av116510467035457,奇***記,阿***e,,未知,2026-05-17 08:35,2026,99,3,9.29,客观探讨/咨询互动,0.0,餐饮美食与特色体验,老字号口碑 vs 网红营销店,餐饮美食与特色体验,老字号口碑 vs 网红营销店,贵阳市区/黔灵山,贵阳市区/黔灵山,"本人贵州人，在贵阳读了四年大学，2020年毕业后，在花果园财富广场上了两三个月的班，2800一个月，好像是加全勤后3000，反正就是3k左右一个月。当时是卖酒，负责搞推文搞营销，可惜卖不动，后面实在干不下去了辞了。现在回想起来，两三千块钱一个月，挺佩服自己能坚持两三个月。当时住宿在花果园J
区，还好那时候是白蹭室友们的住宿，不然再扣一千大几百的住宿费，剩点钱还能该干啥🥲🥲🥲"
301490019920,116510467035457,遍地精神小妹，号称贵阳小缅北。曾经各种灰产隐藏在密集的三十四层楼之中。娱乐不夜城。贵阳花果园，孙悟空来了店铺得把金箍棒弄丢的存在。,https://www.bilibili.com/video/av116510467035457,奇***記,兰***P,,未知,2026-05-06 10:50,2026,91,12,10.35,客观探讨/咨询互动,0.0,餐饮美食与特色体验 | 安全防范与避坑预警,特色小吃与夜市文化 | 野导游与路边揽客套路,餐饮美食与特色体验,特色小吃与夜市文化,贵阳市区/黔灵山,贵阳市区/黔灵山,我对贵阳唯一的印象只有电诈传销了，我姑姑19年忽悠我奶奶还有周围一大圈人去投资，天天的业务就是吃喝玩乐，我当时就觉得不对劲，我奶奶被她洗脑说这玩意有zf公安背书，自己棺材本都投进去了，当时我劝都劝不住，最后21年我姑姑突发疾病去世整个事才抖出来，我爷爷给我留的一套房子都被卖了，包括她自己的所有资产全投进去了总共被骗了300多w，在她死前都还在到处找钱周转，甚至让我奶奶装病配合她让我们家拿钱出来[怪我咯]
301570140096,116510467035457,遍地精神小妹，号称贵阳小缅北。曾经各种灰产隐藏在密集的三十四层楼之中。娱乐不夜城。贵阳花果园，孙悟空来了店铺得把金箍棒弄丢的存在。,https://www.bilibili.com/video/av116510467035457,奇***記,二***酱,,未知,2026-05-07 01:13,2026,119,57,12.24,客观探讨/咨询互动,0.0,消费预算与综合性价比,高性价比与平民消费好评,消费预算与综合性价比,高性价比与平民消费好评,贵阳市区/黔灵山,贵阳市区/黔灵山,北京比贵阳好太多了
298529918369,116510467035457,遍地精神小妹，号称贵阳小缅北。曾经各种灰产隐藏在密集的三十四层楼之中。娱乐不夜城。贵阳花果园，孙悟空来了店铺得把金箍棒弄丢的存在。,https://www.bilibili.com/video/av116510467035457,奇***記,不***喔,,未知,2026-05-05 22:05,2026,96,21,10.95,客观探讨/咨询互动,0.0,消费预算与综合性价比,高性价比与平民消费好评,消费预算与综合性价比,高性价比与平民消费好评,贵阳市区/黔灵山,贵阳市区/黔灵山,叔叔朋友告诉我的，就是在花果园销毁了一处窝点，就是精神小伙哄骗没钱年轻想变性的小伙，几百块钱给帮割🐔🐔反正也不知道啥目的，只能说花果园这地儿真的很复杂，啥人都有
302421668880,116510467035457,遍地精神小妹，号称贵阳小缅北。曾经各种灰产隐藏在密集的三十四层楼之中。娱乐不夜城。贵阳花果园，孙悟空来了店铺得把金箍棒弄丢的存在。,https://www.bilibili.com/video/av116510467035457,奇***記,通***班,,未知,2026-05-15 10:40,2026,95,0,7.85,客观探讨/咨询互动,0.0,交通自驾与行程路况,山路弯道与自驾难度,交通自驾与行程路况,山路弯道与自驾难度,贵州全域/综合,贵州全域/综合,开发花果山给自己开发个堡垒出来[doge_金箍]
301252453312,116510467035457,遍地精神小妹，号称贵阳小缅北。曾经各种灰产隐藏在密集的三十四层楼之中。娱乐不夜城。贵阳花果园，孙悟空来了店铺得把金箍棒弄丢的存在。,https://www.bilibili.com/video/av116510467035457,奇***記,账***4,,未知,2026-05-04 10:42,2026,75,6,9.44,避坑预警/痛点吐槽,-1.0,自然风光与气候避暑,瀑布水景视觉震撼,自然风光与气候避暑,瀑布水景视觉震撼,贵阳市区/黔灵山,贵阳市区/黔灵山,[无语]贵阳呀，传销根据地，以前被朋友骗过去两天
301060621905,116510467035457,遍地精神小妹，号称贵阳小缅北。曾经各种灰产隐藏在密集的三十四层楼之中。娱乐不夜城。贵阳花果园，孙悟空来了店铺得把金箍棒弄丢的存在。,https://www.bilibili.com/video/av116510467035457,奇***記,陈***子,,未知,2026-05-30 11:09,2026,73,5,9.25,客观探讨/咨询互动,0.0,消费预算与综合性价比,高性价比与平民消费好评,消费预算与综合性价比,高性价比与平民消费好评,贵阳市区/黔灵山,贵阳市区/黔灵山,贵阳大北站，嬢嬢排排站，你问嬢嬢冷不冷，嬢嬢问你整不整[笑哭][笑哭][笑哭][笑哭]
303020406368,116510467035457,遍地精神小妹，号称贵阳小缅北。曾经各种灰产隐藏在密集的三十四层楼之中。娱乐不夜城。贵阳花果园，孙悟空来了店铺得把金箍棒弄丢的存在。,https://www.bilibili.com/video/av116510467035457,奇***記,想***名,,未知,2026-05-20 20:14,2026,65,9,9.59,客观探讨/咨询互动,0.0,自然风光与气候避暑,瀑布水景视觉震撼,自然风光与气候避暑,瀑布水景视觉震撼,贵阳市区/黔灵山,贵阳市区/黔灵山,贵阳的传销天下闻名[笑哭]
300614526561,116510467035457,遍地精神小妹，号称贵阳小缅北。曾经各种灰产隐藏在密集的三十四层楼之中。娱乐不夜城。贵阳花果园，孙悟空来了店铺得把金箍棒弄丢的存在。,https://www.bilibili.com/video/av116510467035457,奇***記,2***型,,未知,2026-05-25 21:39,2026,65,7,9.36,客观探讨/咨询互动,0.0,景区运营与排队管理,核心项目超长排队与拥堵,景区运营与排队管理,核心项目超长排队与拥堵,贵阳市区/黔灵山,贵阳市区/黔灵山,真心劝大家，不要去花果园。鱼龙混杂的。而且不是歧视，黔大毕的人多，晚上经常有酒鬼，我散步都不会去花果园。花果园周边走几步都有小公园放松游玩。
298497245649,116510467035457,遍地精神小妹，号称贵阳小缅北。曾经各种灰产隐藏在密集的三十四层楼之中。娱乐不夜城。贵阳花果园，孙悟空来了店铺得把金箍棒弄丢的存在。,https://www.bilibili.com/video/av116510467035457,奇***記,美***够,,未知,2026-05-05 17:10,2026,60,1,7.86,客观探讨/咨询互动,0.0,消费预算与综合性价比,高性价比与平民消费好评,消费预算与综合性价比,高性价比与平民消费好评,贵州全域/综合,贵州全域/综合,像我老家小县城，也差不多是这样；也没必要去攻击人家女性，现在这个社会，一切都围绕钱来转，恨不得把人放在显微镜下来研究，哪些产品能撬动你的钱包他们就做什么产品，只是有时候人也会变成“产品”本身！一切都是为了信用体系的流通罢了！
300030150145,116510467035457,遍地精神小妹，号称贵阳小缅北。曾经各种灰产隐藏在密集的三十四层楼之中。娱乐不夜城。贵阳花果园，孙悟空来了店铺得把金箍棒弄丢的存在。,https://www.bilibili.com/video/av116510467035457,奇***記,清***河,,未知,2026-05-20 20:09,2026,50,5,8.69,客观探讨/咨询互动,0.0,交通自驾与行程路况,山路弯道与自驾难度,交通自驾与行程路况,山路弯道与自驾难度,贵阳市区/黔灵山,贵阳市区/黔灵山,贵阳给我的感觉就是乱，环境乱空间也乱，按说贵阳降水不少，但地面永远都是乌漆漆，这一团油那一团黑的，然后建筑的分布也没有一丁点美感舒适感，想到哪建到哪似的，还有就是高低错位间隔建筑高低不一甚至建筑与路面也是高低不一，有一种梦境里的混乱感
298387468529,116510467035457,遍地精神小妹，号称贵阳小缅北。曾经各种灰产隐藏在密集的三十四层楼之中。娱乐不夜城。贵阳花果园，孙悟空来了店铺得把金箍棒弄丢的存在。,https://www.bilibili.com/video/av116510467035457,奇***記,米***桑,,未知,2026-05-04 18:40,2026,60,39,10.86,客观探讨/咨询互动,0.0,综合旅游体验与漫游杂谈,全省概览/多景点串联游记,综合旅游体验与漫游杂谈,全省概览/多景点串联游记,贵阳市区/黔灵山,贵阳市区/黔灵山,花果园，本地人基本不去的
298325841265,116510467035457,遍地精神小妹，号称贵阳小缅北。曾经各种灰产隐藏在密集的三十四层楼之中。娱乐不夜城。贵阳花果园，孙悟空来了店铺得把金箍棒弄丢的存在。,https://www.bilibili.com/video/av116510467035457,奇***記,相***森,,未知,2026-05-04 07:49,2026,47,0,6.81,客观探讨/咨询互动,0.0,住宿价格与酒店民宿,民宿卫生隔音与硬件体验,住宿价格与酒店民宿,民宿卫生隔音与硬件体验,贵州全域/综合,贵州全域/综合,做小买卖直播多的地方经济环境差
301259235200,116510467035457,遍地精神小妹，号称贵阳小缅北。曾经各种灰产隐藏在密集的三十四层楼之中。娱乐不夜城。贵阳花果园，孙悟空来了店铺得把金箍棒弄丢的存在。,https://www.bilibili.com/video/av116510467035457,奇***記,在***才,,未知,2026-05-04 11:46,2026,74,125,12.31,客观探讨/咨询互动,0.0,消费预算与综合性价比,高性价比与平民消费好评,消费预算与综合性价比,高性价比与平民消费好评,贵阳市区/黔灵山,贵阳市区/黔灵山,同志们，真心问，外地人想去贵阳长期生活的话，安全方面没问题吧？
298570836081,116510467035457,遍地精神小妹，号称贵阳小缅北。曾经各种灰产隐藏在密集的三十四层楼之中。娱乐不夜城。贵阳花果园，孙悟空来了店铺得把金箍棒弄丢的存在。,https://www.bilibili.com/video/av116510467035457,奇***記,大***吧,,未知,2026-05-06 11:19,2026,46,0,6.78,客观探讨/咨询互动,0.0,交通自驾与行程路况,山路弯道与自驾难度,交通自驾与行程路况,山路弯道与自驾难度,贵州全域/综合,贵州全域/综合,精神小妹别碰。常在河边走哪有不湿鞋，精神小妹放得开玩的花，但同样也是五毒俱全。感染个尖锐湿疣都算走大运了。如果是那四大类那真就没了人生没了朋友没了家人。
298554633041,116510467035457,遍地精神小妹，号称贵阳小缅北。曾经各种灰产隐藏在密集的三十四层楼之中。娱乐不夜城。贵阳花果园，孙悟空来了店铺得把金箍棒弄丢的存在。,https://www.bilibili.com/video/av116510467035457,奇***記,爱***玖,,未知,2026-05-06 05:07,2026,51,43,10.71,客观探讨/咨询互动,0.0,综合旅游体验与漫游杂谈,全省概览/多景点串联游记,综合旅游体验与漫游杂谈,全省概览/多景点串联游记,贵州全域/综合,贵州全域/综合,问下当地朋友，这些是好女孩吗？如果是好女孩想娶一个，看到他们五一还不休息不辞辛劳地工作婚后一定可以过好日子[夜愿华章表情包_伸手]
298293825505,116510467035457,遍地精神小妹，号称贵阳小缅北。曾经各种灰产隐藏在密集的三十四层楼之中。娱乐不夜城。贵阳花果园，孙悟空来了店铺得把金箍棒弄丢的存在。,https://www.bilibili.com/video/av116510467035457,奇***記,紫***玉,,未知,2026-05-03 22:22,2026,40,17,9.46,客观探讨/咨询互动,0.0,交通自驾与行程路况,山路弯道与自驾难度,交通自驾与行程路况,山路弯道与自驾难度,贵州全域/综合,贵州全域/综合,怎么这么多人在路边直播？不会尴尬吗
301270111968,116510467035457,遍地精神小妹，号称贵阳小缅北。曾经各种灰产隐藏在密集的三十四层楼之中。娱乐不夜城。贵阳花果园，孙悟空来了店铺得把金箍棒弄丢的存在。,https://www.bilibili.com/video/av116510467035457,奇***記,猴***粑,,未知,2026-05-04 13:22,2026,39,7,8.61,客观探讨/咨询互动,0.0,餐饮美食与特色体验,特色小吃与夜市文化,餐饮美食与特色体验,特色小吃与夜市文化,贵阳市区/黔灵山,贵阳市区/黔灵山,花果园充其量就一个白宫打卡点和双子塔，其次，其次就是花果园购物中心，然后吃点就没有了，又不是没去花果园转过，搞不懂其它人硬洗什么，剩下的亮点你跟我讲在哪里？是商务区123号楼？还是花果园的交通？还是怼根杆杆直播一开，就故意装嗲花枝招展浓妆艳抹喊帮忙冲榜的小妹儿？
298298042881,116510467035457,遍地精神小妹，号称贵阳小缅北。曾经各种灰产隐藏在密集的三十四层楼之中。娱乐不夜城。贵阳花果园，孙悟空来了店铺得把金箍棒弄丢的存在。,https://www.bilibili.com/video/av116510467035457,奇***記,l***园,,未知,2026-05-03 22:52,2026,39,2,7.63,客观探讨/咨询互动,0.0,交通自驾与行程路况,山路弯道与自驾难度,交通自驾与行程路况,山路弯道与自驾难度,贵州全域/综合,贵州全域/综合,某音上的长腿妹，就是这种，一般我就划走，很多原本腿长的也要开，就容易被 误伤，所以奉劝那些真正腿长的播主，就不要特效了。有没有开，就是一眼的事，现在真实更吸引人。
301370902608,116510467035457,遍地精神小妹，号称贵阳小缅北。曾经各种灰产隐藏在密集的三十四层楼之中。娱乐不夜城。贵阳花果园，孙悟空来了店铺得把金箍棒弄丢的存在。,https://www.bilibili.com/video/av116510467035457,奇***記,名***了,,未知,2026-05-05 09:41,2026,44,5,8.5,客观探讨/咨询互动,0.0,综合旅游体验与漫游杂谈,全省概览/多景点串联游记,综合旅游体验与漫游杂谈,全省概览/多景点串联游记,贵阳市区/黔灵山,贵阳市区/黔灵山,每次刷到花果园，我都要分享一下。
298347441009,116510467035457,遍地精神小妹，号称贵阳小缅北。曾经各种灰产隐藏在密集的三十四层楼之中。娱乐不夜城。贵阳花果园，孙悟空来了店铺得把金箍棒弄丢的存在。,https://www.bilibili.com/video/av116510467035457,奇***記,传***员,,未知,2026-05-04 12:14,2026,32,24,9.46,客观探讨/咨询互动,0.0,消费预算与综合性价比,高性价比与平民消费好评,消费预算与综合性价比,高性价比与平民消费好评,贵州全域/综合,贵州全域/综合,你好，一个人来贵州吗？那罚款50先交一下
298560336273,116510467035457,遍地精神小妹，号称贵阳小缅北。曾经各种灰产隐藏在密集的三十四层楼之中。娱乐不夜城。贵阳花果园，孙悟空来了店铺得把金箍棒弄丢的存在。,https://www.bilibili.com/video/av116510467035457,奇***記,白***二,,未知,2026-05-06 08:28,2026,31,60,10.31,强力种草/惊艳好评,1.0,消费预算与综合性价比,高性价比与平民消费好评,消费预算与综合性价比,高性价比与平民消费好评,贵州全域/综合,贵州全域/综合,[脸红]浙江人看到贵州物价表示好便宜。。。
301913162960,116510467035457,遍地精神小妹，号称贵阳小缅北。曾经各种灰产隐藏在密集的三十四层楼之中。娱乐不夜城。贵阳花果园，孙悟空来了店铺得把金箍棒弄丢的存在。,https://www.bilibili.com/video/av116510467035457,奇***記,大***记,,未知,2026-05-10 11:43,2026,30,5,7.94,客观探讨/咨询互动,0.0,交通自驾与行程路况,山路弯道与自驾难度,交通自驾与行程路况,山路弯道与自驾难度,贵州全域/综合,贵州全域/综合,不吹不黑，看开头我以为是缅甸
298460877809,116510467035457,遍地精神小妹，号称贵阳小缅北。曾经各种灰产隐藏在密集的三十四层楼之中。娱乐不夜城。贵阳花果园，孙悟空来了店铺得把金箍棒弄丢的存在。,https://www.bilibili.com/video/av116510467035457,奇***記,一***s,,未知,2026-05-05 11:13,2026,46,11,9.26,客观探讨/咨询互动,0.0,自然风光与气候避暑,瀑布水景视觉震撼,自然风光与气候避暑,瀑布水景视觉震撼,贵州全域/综合,贵州全域/综合,[doge]这些小妹幻想着有一天有个大哥看上她
298352492737,116510467035457,遍地精神小妹，号称贵阳小缅北。曾经各种灰产隐藏在密集的三十四层楼之中。娱乐不夜城。贵阳花果园，孙悟空来了店铺得把金箍棒弄丢的存在。,https://www.bilibili.com/video/av116510467035457,奇***記,二***命,,未知,2026-05-04 13:00,2026,27,1,6.69,客观探讨/咨询互动,0.0,住宿价格与酒店民宿,景区内住宿 vs 市区中转选择,住宿价格与酒店民宿,景区内住宿 vs 市区中转选择,贵阳市区/黔灵山,贵阳市区/黔灵山,花果园最赚钱的应该是那些包租公包租婆吧，一个套房隔成n多间房间出租，多有几套房就可以躺平了[doge_金箍]
298323678129,116510467035457,遍地精神小妹，号称贵阳小缅北。曾经各种灰产隐藏在密集的三十四层楼之中。娱乐不夜城。贵阳花果园，孙悟空来了店铺得把金箍棒弄丢的存在。,https://www.bilibili.com/video/av116510467035457,奇***記,我***頭,,未知,2026-05-04 06:53,2026,35,24,9.59,客观探讨/咨询互动,0.0,综合旅游体验与漫游杂谈,全省概览/多景点串联游记,综合旅游体验与漫游杂谈,全省概览/多景点串联游记,贵州全域/综合,贵州全域/综合,比台灣好
303759291968,116510467035457,遍地精神小妹，号称贵阳小缅北。曾经各种灰产隐藏在密集的三十四层楼之中。娱乐不夜城。贵阳花果园，孙悟空来了店铺得把金箍棒弄丢的存在。,https://www.bilibili.com/video/av116510467035457,奇***記,懆***西,,未知,2026-05-27 04:06,2026,31,12,8.76,客观探讨/咨询互动,0.0,住宿价格与酒店民宿,景区内住宿 vs 市区中转选择,住宿价格与酒店民宿,景区内住宿 vs 市区中转选择,贵阳市区/黔灵山,贵阳市区/黔灵山,"我东北人，10年来贵阳旅游，最后就留在这了，花果园T区买的房，三期，比一期安静，现在父母住呢，生活很便利。一期购物中心那边开始还是挺好的，各种大品牌商家入驻，年轻人晚上在那边跳街舞、玩滑板，氛围还行，就是没啥文化活动氛围。贵阳这个地方住了十几年，感觉最好的还是自然条件，比如气温、湿度、地质特点（不易地震、少洪涝等），周边山水多，不以雄奇见长，处处透露着秀气，适合周末和家人去周边玩玩山水，另外周边单日轻徒爬山去处很多。
但贵阳其他方面，以我走过大半个中国的浅见来看，比如文化、历史、经济、就业、民风等，用北京话来说，说好听点儿的吧，也就那么回事儿吧，哈哈。
近十几年，贵阳城市建设方面的里程碑有三大社区建设（花果园、未来方舟、世纪城），一个新区建设（以高新区为核心的观山湖新区，贵安不算吧，夭折了），工作关系，接触过一些建设过程中的上层建设会议、方案等，咋说呢，就是那一批有尚方宝剑的人不在了，本地撑不太住，哈哈，管理能力断层，GDP是夏洛大傻川那个班级名次实力，撑不起本地发展的愿景，也没资源。
疫情之前，其实贵阳很多贸易公司其实都关门了（亲自走访），这些公司往往都是驻贵阳辐射贵州市场。中小企业在高新区的孵化，也没成功走出来几个。疫情以后，很多人离开了贵阳，观山湖单身公寓至少走了一半人，再往后，越来越少。期间我以周边省份省会城市小做一下对比，结果让我很是深思。
今年，我没工作了，在思考要不要举家离开贵阳。"
302141242672,116510467035457,遍地精神小妹，号称贵阳小缅北。曾经各种灰产隐藏在密集的三十四层楼之中。娱乐不夜城。贵阳花果园，孙悟空来了店铺得把金箍棒弄丢的存在。,https://www.bilibili.com/video/av116510467035457,奇***記,y***w,,未知,2026-05-12 14:39,2026,26,2,7.04,客观探讨/咨询互动,0.0,消费预算与综合性价比,高性价比与平民消费好评,消费预算与综合性价比,高性价比与平民消费好评,贵州全域/综合,贵州全域/综合,制造业不行，只能靠服务业（ccb）赚外地人的钱
299465106865,116510467035457,遍地精神小妹，号称贵阳小缅北。曾经各种灰产隐藏在密集的三十四层楼之中。娱乐不夜城。贵阳花果园，孙悟空来了店铺得把金箍棒弄丢的存在。,https://www.bilibili.com/video/av116510467035457,奇***記,蛋***丶,,未知,2026-05-15 11:37,2026,26,3,7.33,避坑预警/痛点吐槽,-1.0,消费预算与综合性价比,高性价比与平民消费好评,消费预算与综合性价比,高性价比与平民消费好评,贵阳市区/黔灵山,贵阳市区/黔灵山,贵阳本地[doge]哥们说的标题真不假，去年我朋友找工作还被拉到传销窝[笑哭]高薪千万别信贵州普遍工资比较高的就是4500左右
301194470416,116510467035457,遍地精神小妹，号称贵阳小缅北。曾经各种灰产隐藏在密集的三十四层楼之中。娱乐不夜城。贵阳花果园，孙悟空来了店铺得把金箍棒弄丢的存在。,https://www.bilibili.com/video/av116510467035457,奇***記,笑***鸟,,未知,2026-05-03 21:04,2026,30,2,7.25,客观探讨/咨询互动,0.0,综合旅游体验与漫游杂谈,全省概览/多景点串联游记,综合旅游体验与漫游杂谈,全省概览/多景点串联游记,贵州全域/综合,贵州全域/综合,UP太爽了吧，全国各地到处转！财务自由了吧
298389983873,116510467035457,遍地精神小妹，号称贵阳小缅北。曾经各种灰产隐藏在密集的三十四层楼之中。娱乐不夜城。贵阳花果园，孙悟空来了店铺得把金箍棒弄丢的存在。,https://www.bilibili.com/video/av116510467035457,奇***記,懂***梨,,未知,2026-05-04 19:01,2026,49,5,8.66,客观探讨/咨询互动,0.0,综合旅游体验与漫游杂谈,全省概览/多景点串联游记,综合旅游体验与漫游杂谈,全省概览/多景点串联游记,贵州全域/综合,贵州全域/综合,"都是好女孩，彩礼只要88万，没有处女膜，你们的老婆~[永雏塔菲叮咚集动态_奸笑]
[美少女万华镜表情包_我也要吗]……[美少女万华镜表情包_嗯嗯]"
302383550161,116510467035457,遍地精神小妹，号称贵阳小缅北。曾经各种灰产隐藏在密集的三十四层楼之中。娱乐不夜城。贵阳花果园，孙悟空来了店铺得把金箍棒弄丢的存在。,https://www.bilibili.com/video/av116510467035457,奇***記,温***_,,未知,2026-06-12 09:11,2026,25,4,7.5,客观探讨/咨询互动,0.0,自然风光与气候避暑,瀑布水景视觉震撼,自然风光与气候避暑,瀑布水景视觉震撼,贵阳市区/黔灵山 | 阿西里西韭菜坪/百里杜鹃,贵阳市区/黔灵山,我贵州毕节的，比贵阳还穷，大山里的，但是我研究生学历，没有辍学，我就是要读书
301260375648,116510467035457,遍地精神小妹，号称贵阳小缅北。曾经各种灰产隐藏在密集的三十四层楼之中。娱乐不夜城。贵阳花果园，孙悟空来了店铺得把金箍棒弄丢的存在。,https://www.bilibili.com/video/av116510467035457,奇***記,洗***睡,,未知,2026-05-04 11:57,2026,41,4,8.22,客观探讨/咨询互动,0.0,交通自驾与行程路况,山路弯道与自驾难度,交通自驾与行程路况,山路弯道与自驾难度,贵州全域/综合,贵州全域/综合,看完觉得，现在摄像长头上的年代，普通人是不配有肖像权吗？路人露正脸的不应该打个码吗
301238559168,116510467035457,遍地精神小妹，号称贵阳小缅北。曾经各种灰产隐藏在密集的三十四层楼之中。娱乐不夜城。贵阳花果园，孙悟空来了店铺得把金箍棒弄丢的存在。,https://www.bilibili.com/video/av116510467035457,奇***記,閔***學,,未知,2026-05-04 07:30,2026,24,0,5.83,客观探讨/咨询互动,0.0,综合旅游体验与漫游杂谈,全省概览/多景点串联游记,综合旅游体验与漫游杂谈,全省概览/多景点串联游记,贵州全域/综合,贵州全域/综合,封面04：50
175443801232,230926947,论一个人去贵阳旅游都干了啥？,https://www.bilibili.com/video/av230926947,大***上,喝***人,,未知,2023-07-17 11:32,2023,721,21,13.96,强力种草/惊艳好评,2.0,自然风光与气候避暑,瀑布水景视觉震撼,自然风光与气候避暑,瀑布水景视觉震撼,梵净山,梵净山,UP是会逛的，基本上市内比较好玩，近的景点都去过了，不过我推荐UP去梵净山！在铜仁那边有点远但很美丽！
175518968144,230926947,论一个人去贵阳旅游都干了啥？,https://www.bilibili.com/video/av230926947,大***上,小***坡,,未知,2023-07-17 19:13,2023,452,23,13.35,客观探讨/咨询互动,0.0,安全防范与避坑预警,黔灵山猕猴抓咬与抢食抢包,安全防范与避坑预警,黔灵山猕猴抓咬与抢食抢包,贵阳市区/黔灵山,贵阳市区/黔灵山,本地人提醒，去黔灵山不要跟猕猴发生肉体接触，也不要用吃的喝的逗猴子，泼猴咬掉过小男孩雀雀的
175489088368,230926947,论一个人去贵阳旅游都干了啥？,https://www.bilibili.com/video/av230926947,大***上,涟***婉,,未知,2023-07-17 16:19,2023,205,9,11.29,客观探讨/咨询互动,0.0,消费预算与综合性价比,高性价比与平民消费好评,消费预算与综合性价比,高性价比与平民消费好评,贵阳市区/黔灵山,贵阳市区/黔灵山,可以，我贵阳本地人现在就跟着你的玩法玩一遍（
175300279440,230926947,论一个人去贵阳旅游都干了啥？,https://www.bilibili.com/video/av230926947,大***上,人***花,,未知,2023-07-16 15:36,2023,145,21,11.57,客观探讨/咨询互动,0.0,餐饮美食与特色体验,酸汤系列与特色火锅 | 特色小吃与夜市文化,餐饮美食与特色体验,酸汤系列与特色火锅,贵州全域/综合,贵州全域/综合,吃丝娃娃怎么是干吃的[笑哭]一定要灌酸汤啊
175644736576,230926947,论一个人去贵阳旅游都干了啥？,https://www.bilibili.com/video/av230926947,大***上,夏***乔,,未知,2023-07-18 13:14,2023,135,7,10.45,客观探讨/咨询互动,0.0,餐饮美食与特色体验,酸汤系列与特色火锅 | 特色小吃与夜市文化,餐饮美食与特色体验,酸汤系列与特色火锅,贵州全域/综合,贵州全域/综合,"看到up主吃丝娃娃，在这里说一下包法：
1.先将右边（左边）的皮边缘拉到中间
2.再将左边（右边）的皮边缘拉到中间
3.把下面的皮边缘拉到中间
形成贵州用背带背娃娃的形状（上面不封口露出“娃娃头”）然后从上方没有封皮的地方倒酸汤进去，最后一口闷（看你包的量，一般都是一口闷）"
175494331712,230926947,论一个人去贵阳旅游都干了啥？,https://www.bilibili.com/video/av230926947,大***上,好***了,,未知,2023-07-17 16:53,2023,60,2,8.26,客观探讨/咨询互动,0.0,自然风光与气候避暑,瀑布水景视觉震撼,自然风光与气候避暑,瀑布水景视觉震撼,贵州全域/综合,贵州全域/综合,小时候[笑哭]在天河潭坐船钻洞的时候撞到岩石了，当时感觉看到了满天星星
175634029696,230926947,论一个人去贵阳旅游都干了啥？,https://www.bilibili.com/video/av230926947,大***上,白***马,,未知,2023-07-18 12:16,2023,50,2,8.0,客观探讨/咨询互动,0.0,自然风光与气候避暑,瀑布水景视觉震撼,自然风光与气候避暑,瀑布水景视觉震撼,贵州全域/综合,贵州全域/综合,东山寺掐着日落前去真的超级美！
175763000640,230926947,论一个人去贵阳旅游都干了啥？,https://www.bilibili.com/video/av230926947,大***上,这***吗,,未知,2023-07-19 00:53,2023,46,3,8.16,避坑预警/痛点吐槽,-1.0,安全防范与避坑预警,黔灵山猕猴抓咬与抢食抢包,安全防范与避坑预警,黔灵山猕猴抓咬与抢食抢包,贵阳市区/黔灵山,贵阳市区/黔灵山,个人觉得黔灵公园真的很值得去！但不建议喂猴子吃东西。。容易被抢。。
175461650688,230926947,论一个人去贵阳旅游都干了啥？,https://www.bilibili.com/video/av230926947,大***上,盆***子,,未知,2023-07-17 13:12,2023,46,29,10.18,客观探讨/咨询互动,0.0,综合旅游体验与漫游杂谈,全省概览/多景点串联游记,综合旅游体验与漫游杂谈,全省概览/多景点串联游记,贵州全域/综合,贵州全域/综合,好会玩啊up，主次分明
176085737728,230926947,论一个人去贵阳旅游都干了啥？,https://www.bilibili.com/video/av230926947,大***上,s***z,,未知,2023-07-20 20:32,2023,36,14,9.12,实战攻略/避坑技巧,0.2,住宿价格与酒店民宿,景区内住宿 vs 市区中转选择,住宿价格与酒店民宿,景区内住宿 vs 市区中转选择,贵州全域/综合,贵州全域/综合,需要一份up主的旅游攻略。up住宿选的哪里啊
175345208528,230926947,论一个人去贵阳旅游都干了啥？,https://www.bilibili.com/video/av230926947,大***上,C***9,,未知,2023-07-16 20:02,2023,36,1,7.11,客观探讨/咨询互动,0.0,综合旅游体验与漫游杂谈,全省概览/多景点串联游记,综合旅游体验与漫游杂谈,全省概览/多景点串联游记,贵州全域/综合,贵州全域/综合,哈哈哈哈哈 up自己一个人碎碎念真的好可爱～
175916409776,230926947,论一个人去贵阳旅游都干了啥？,https://www.bilibili.com/video/av230926947,大***上,起***来,,未知,2023-07-19 21:59,2023,25,0,5.89,客观探讨/咨询互动,0.0,餐饮美食与特色体验,折耳根与口味适应度,餐饮美食与特色体验,折耳根与口味适应度,贵阳市区/黔灵山,贵阳市区/黔灵山,冷知识：湖南面就是贵阳本地面，因其特色是糊辣椒原名叫做糊辣面，贵阳话糊辣糊辣就叫成了湖南面[笑哭]湖南是没有这个湖南面的[偷笑]
175852600224,230926947,论一个人去贵阳旅游都干了啥？,https://www.bilibili.com/video/av230926947,大***上,浅***叶,,未知,2023-07-19 16:06,2023,21,2,6.74,实战攻略/避坑技巧,0.2,交通自驾与行程路况,山路弯道与自驾难度,交通自驾与行程路况,山路弯道与自驾难度,贵阳市区/黔灵山,贵阳市区/黔灵山,upup，可以求一个贵阳的旅行线路图吗 ，8月也想去贵阳玩，看Up的路线很棒的样子 [保卫萝卜_哇][保卫萝卜_哇][保卫萝卜_哇]正好也是4天
175378394544,230926947,论一个人去贵阳旅游都干了啥？,https://www.bilibili.com/video/av230926947,大***上,不***臭,,未知,2023-07-16 23:01,2023,20,1,6.26,实战攻略/避坑技巧,0.2,自然风光与气候避暑,瀑布水景视觉震撼,自然风光与气候避暑,瀑布水景视觉震撼,贵州全域/综合,贵州全域/综合,看了up的视频，发现没做好攻略（前几天刚回来）
175596455248,230926947,论一个人去贵阳旅游都干了啥？,https://www.bilibili.com/video/av230926947,大***上,柏***屿,,未知,2023-07-18 07:11,2023,18,12,7.98,客观探讨/咨询互动,0.0,餐饮美食与特色体验,特色小吃与夜市文化,餐饮美食与特色体验,特色小吃与夜市文化,贵州全域/综合,贵州全域/综合,"哈哈哈哈哈哈哈哈哈哈哈哈哈真的好好笑哈哈哈哈哈哈哈哈哈哈哈哈哈哈哈哈哈你怎么干吃丝娃娃啊up，灌汤丝娃娃/热汤丝娃娃，不过一般夏天都是凉汤，桌子旁边有一大瓶是倒在你的碗里的，贵州人吃任何东西都要蘸的，不然太干了哈哈哈哈哈哈哈哈哈哈哈哈哈哈哈你怎么干吃哈哈哈哈哈哈哈哈哈哈哈哈哈哈哈哈
⬇️图2的汤就是用来拿勺子舀进丝娃娃里面的哈哈哈哈哈哈哈哈哈哈哈哈哈哈哈哈哈哈哈哈哈哈"
175441112800,230926947,论一个人去贵阳旅游都干了啥？,https://www.bilibili.com/video/av230926947,大***上,下***子,,未知,2023-07-17 11:16,2023,17,3,6.72,客观探讨/咨询互动,0.0,餐饮美食与特色体验,酸汤系列与特色火锅,餐饮美食与特色体验,酸汤系列与特色火锅,贵州全域/综合,贵州全域/综合,妈呀 这家贵厨酸汤牛肉我也在这里吃过同款[笑哭]
175182342320,230926947,论一个人去贵阳旅游都干了啥？,https://www.bilibili.com/video/av230926947,大***上,格***雀,,未知,2023-07-15 22:09,2023,12,6,6.79,客观探讨/咨询互动,0.0,综合旅游体验与漫游杂谈,全省概览/多景点串联游记,综合旅游体验与漫游杂谈,全省概览/多景点串联游记,贵州全域/综合,贵州全域/综合,下一站去哪里
175569054624,230926947,论一个人去贵阳旅游都干了啥？,https://www.bilibili.com/video/av230926947,大***上,x***j,,未知,2023-07-17 23:39,2023,10,1,5.29,客观探讨/咨询互动,0.0,消费预算与综合性价比,高性价比与平民消费好评,消费预算与综合性价比,高性价比与平民消费好评,贵阳市区/黔灵山,贵阳市区/黔灵山,那个一夜暴富喷泉一上来好好笑！有被安利了贵阳
175214020384,230926947,论一个人去贵阳旅游都干了啥？,https://www.bilibili.com/video/av230926947,大***上,妮***员,,未知,2023-07-16 01:20,2023,10,2,5.7,强力种草/惊艳好评,1.0,餐饮美食与特色体验,特色小吃与夜市文化,餐饮美食与特色体验,特色小吃与夜市文化,贵州全域/综合,贵州全域/综合,"UP UP大写就会🔥🔥🔥
你有推荐的酒店吗？[星星眼]"
301514959184,116512564250274,锐评贵阳旅游圣地,https://www.bilibili.com/video/av116512564250274,逆***人,路***明,,未知,2026-05-06 15:47,2026,13,0,4.96,强力种草/惊艳好评,1.0,餐饮美食与特色体验,特色小吃与夜市文化,餐饮美食与特色体验,特色小吃与夜市文化,贵阳市区/黔灵山,贵阳市区/黔灵山,市区真正值得作为景点的就黔灵公园，其他什么恒丰步行街，花果园，青云市集，明生路最多当逛街消费吃饭的去处
259799874465,114359007253799,贵阳旅行｜纯吃不玩躺酒店的三天vlog（内含酒店推荐）,https://www.bilibili.com/video/av114359007253799,进***子,七***酱,,未知,2025-04-18 20:47,2025,1134,10,13.95,客观探讨/咨询互动,0.0,综合旅游体验与漫游杂谈,全省概览/多景点串联游记,综合旅游体验与漫游杂谈,全省概览/多景点串联游记,贵州全域/综合,贵州全域/综合,再一次意识到局子是富婆[大哭][大哭]偶们不一样
260249411585,114359007253799,贵阳旅行｜纯吃不玩躺酒店的三天vlog（内含酒店推荐）,https://www.bilibili.com/video/av114359007253799,进***子,云***君,,未知,2025-04-24 15:35,2025,970,16,14.15,客观探讨/咨询互动,0.0,餐饮美食与特色体验,特色小吃与夜市文化,餐饮美食与特色体验,特色小吃与夜市文化,贵阳市区/黔灵山,贵阳市区/黔灵山,打开之前＂什么贵阳酒店要两千多？＂打开之后＂我贵阳本地人也想来住两晚＂[喜极而泣]
260692512848,114359007253799,贵阳旅行｜纯吃不玩躺酒店的三天vlog（内含酒店推荐）,https://www.bilibili.com/video/av114359007253799,进***子,水***纳,,未知,2025-04-18 20:53,2025,884,4,12.79,客观探讨/咨询互动,0.0,综合旅游体验与漫游杂谈,全省概览/多景点串联游记,综合旅游体验与漫游杂谈,全省概览/多景点串联游记,贵州全域/综合,贵州全域/综合,包含了这么多东西的套餐，突然感觉这个价格也还好了，不知道是工作日才有还是周末也有
259800823953,114359007253799,贵阳旅行｜纯吃不玩躺酒店的三天vlog（内含酒店推荐）,https://www.bilibili.com/video/av114359007253799,进***子,k***l,,未知,2025-04-18 20:59,2025,830,41,14.82,客观探讨/咨询互动,0.0,餐饮美食与特色体验,特色小吃与夜市文化,餐饮美食与特色体验,特色小吃与夜市文化,贵州全域/综合,贵州全域/综合,想知道一个大概要赚多少才能过上主播这种生活呢…[酸了]
260692888608,114359007253799,贵阳旅行｜纯吃不玩躺酒店的三天vlog（内含酒店推荐）,https://www.bilibili.com/video/av114359007253799,进***子,洛***雨,,未知,2025-04-18 20:56,2025,469,1,10.92,客观探讨/咨询互动,0.0,综合旅游体验与漫游杂谈,全省概览/多景点串联游记,综合旅游体验与漫游杂谈,全省概览/多景点串联游记,贵州全域/综合,贵州全域/综合,我服了冰岛是bb那个冰岛异食癖的梗吗哈哈哈哈哈哈哈哈又笑一集
259803686833,114359007253799,贵阳旅行｜纯吃不玩躺酒店的三天vlog（内含酒店推荐）,https://www.bilibili.com/video/av114359007253799,进***子,S***i,,未知,2025-04-18 21:34,2025,484,6,12.22,客观探讨/咨询互动,0.0,消费预算与综合性价比,高性价比与平民消费好评,消费预算与综合性价比,高性价比与平民消费好评,贵州全域/综合,贵州全域/综合,完了完了如果两个人住的话真的超级无敌划算啊
259836921009,114359007253799,贵阳旅行｜纯吃不玩躺酒店的三天vlog（内含酒店推荐）,https://www.bilibili.com/video/av114359007253799,进***子,l***Z,,未知,2025-04-19 10:22,2025,478,2,11.36,客观探讨/咨询互动,0.0,综合旅游体验与漫游杂谈,全省概览/多景点串联游记,综合旅游体验与漫游杂谈,全省概览/多景点串联游记,贵州全域/综合,贵州全域/综合,vlog真的拍的很好，，笨人一个短视频都要两倍速看得人看这个vlog原速津津有味，然后才发现居然长达12分钟，，
260694730896,114359007253799,贵阳旅行｜纯吃不玩躺酒店的三天vlog（内含酒店推荐）,https://www.bilibili.com/video/av114359007253799,进***子,简***上,,未知,2025-04-18 21:19,2025,473,2,11.34,客观探讨/咨询互动,0.0,餐饮美食与特色体验,特色小吃与夜市文化,餐饮美食与特色体验,特色小吃与夜市文化,贵州全域/综合,贵州全域/综合,豪华酒店真的住过一次就回不去了……太爽了……
259814869985,114359007253799,贵阳旅行｜纯吃不玩躺酒店的三天vlog（内含酒店推荐）,https://www.bilibili.com/video/av114359007253799,进***子,喂***嘛,,未知,2025-04-18 23:53,2025,194,1,9.6,客观探讨/咨询互动,0.0,综合旅游体验与漫游杂谈,全省概览/多景点串联游记,综合旅游体验与漫游杂谈,全省概览/多景点串联游记,贵州全域/综合,贵州全域/综合,主包班味最淡的一期（许愿毕业也能马上赚到这么多[打call][打call][打call]） 投币了嗷嗷
261465193728,114359007253799,贵阳旅行｜纯吃不玩躺酒店的三天vlog（内含酒店推荐）,https://www.bilibili.com/video/av114359007253799,进***子,夜***灯,,未知,2025-04-28 11:11,2025,174,7,10.83,强力种草/惊艳好评,1.0,餐饮美食与特色体验,酸汤系列与特色火锅,餐饮美食与特色体验,酸汤系列与特色火锅,贵州全域/综合,贵州全域/综合,天呐！住的同一家酒店，甚至吃的同一家酸汤牛肉火锅，这家酒店我也推荐一下，服务很好，而且贵州物价真的低，这个酒店的配置放在其他地方根本不是这个价格
260738997936,114359007253799,贵阳旅行｜纯吃不玩躺酒店的三天vlog（内含酒店推荐）,https://www.bilibili.com/video/av114359007253799,进***子,好***啊,,未知,2025-04-19 12:10,2025,142,8,10.64,避坑预警/痛点吐槽,-1.0,住宿价格与酒店民宿,旺季节假日价格暴涨,住宿价格与酒店民宿,旺季节假日价格暴涨,贵州全域/综合,贵州全域/综合,omg本来复活节准备出去玩结果被3000一晚的酒店劝退了，结果又在这看到2700的，这世界上怎么有这么多贵死人的酒店
260787033520,114359007253799,贵阳旅行｜纯吃不玩躺酒店的三天vlog（内含酒店推荐）,https://www.bilibili.com/video/av114359007253799,进***子,珉***u,,未知,2025-04-19 22:14,2025,153,1,9.25,客观探讨/咨询互动,0.0,餐饮美食与特色体验,特色小吃与夜市文化,餐饮美食与特色体验,特色小吃与夜市文化,贵州全域/综合,贵州全域/综合,看完主播这期我突然有一种新的想法，感觉像我这种懒癌人旅游可以直接定这种酒店（）感觉在这种酒店我就能玩的很开心
259916559201,114359007253799,贵阳旅行｜纯吃不玩躺酒店的三天vlog（内含酒店推荐）,https://www.bilibili.com/video/av114359007253799,进***子,墨***子,,未知,2025-04-20 08:24,2025,66,0,7.31,客观探讨/咨询互动,0.0,综合旅游体验与漫游杂谈,全省概览/多景点串联游记,综合旅游体验与漫游杂谈,全省概览/多景点串联游记,贵州全域/综合,贵州全域/综合,2700 两个人实在是太合适了 完全是一个大值特值啊
261408408832,114359007253799,贵阳旅行｜纯吃不玩躺酒店的三天vlog（内含酒店推荐）,https://www.bilibili.com/video/av114359007253799,进***子,金***姆,,未知,2025-04-27 16:44,2025,69,2,8.47,客观探讨/咨询互动,0.0,餐饮美食与特色体验,老字号口碑 vs 网红营销店,餐饮美食与特色体验,老字号口碑 vs 网红营销店,贵州全域/综合,贵州全域/综合,主包酒店应该给你推广费！我已经在看这个套餐了狠狠种草！
267752121424,114359007253799,贵阳旅行｜纯吃不玩躺酒店的三天vlog（内含酒店推荐）,https://www.bilibili.com/video/av114359007253799,进***子,子***寒,,未知,2025-07-06 04:01,2025,64,9,9.56,强力种草/惊艳好评,2.0,餐饮美食与特色体验,酸汤系列与特色火锅,餐饮美食与特色体验,酸汤系列与特色火锅,贵阳市区/黔灵山,贵阳市区/黔灵山,大家来贵阳玩吃酸汤牛肉推荐普陀路的牛鼎旗舰店，个人跟身边以及外地的朋友都觉得很好吃，酸汤不会那么酸而且肉的品质也很好，还有水果自助（但是没有蔬菜自助，套餐内会送一份，一般也够吃了）。还有民生路的一统烤肉，酱爆肉串跟烤排骨烤猪脚最爱，因为是等店员一盘一盘端过来自己拿，都优先推荐先吃一串尝尝味道再考虑是否要不要多拿几串。最后推荐山花的冰淇淋酸奶以及津威酸奶，超爱喝[打call][打call]
260698986784,114359007253799,贵阳旅行｜纯吃不玩躺酒店的三天vlog（内含酒店推荐）,https://www.bilibili.com/video/av114359007253799,进***子,仙***望,,未知,2025-04-18 22:10,2025,63,0,7.24,客观探讨/咨询互动,0.0,综合旅游体验与漫游杂谈,全省概览/多景点串联游记,综合旅游体验与漫游杂谈,全省概览/多景点串联游记,贵州全域/综合,贵州全域/综合,姐真的把一个人的快乐发挥到了极致[微笑]
259803839425,114359007253799,贵阳旅行｜纯吃不玩躺酒店的三天vlog（内含酒店推荐）,https://www.bilibili.com/video/av114359007253799,进***子,简***I,,未知,2025-04-18 21:38,2025,44,0,6.71,客观探讨/咨询互动,0.0,餐饮美食与特色体验,特色小吃与夜市文化,餐饮美食与特色体验,特色小吃与夜市文化,贵州全域/综合,贵州全域/综合,这个酒店真的好棒，我要努力奋斗以后去住[大哭]
261447368224,114359007253799,贵阳旅行｜纯吃不玩躺酒店的三天vlog（内含酒店推荐）,https://www.bilibili.com/video/av114359007253799,进***子,人***机,,未知,2025-04-28 01:29,2025,36,2,7.51,客观探讨/咨询互动,0.0,餐饮美食与特色体验,特色小吃与夜市文化,餐饮美食与特色体验,特色小吃与夜市文化,贵阳市区/黔灵山,贵阳市区/黔灵山,早上喝奶茶喝咖啡是对的，喝完再逛吃逛吃，要是电没放完再去爬爬黔灵山或者鹿冲关森林公园，爬完回酒店保证浑身哪里都痛只想睡觉[OK]
261022017360,114359007253799,贵阳旅行｜纯吃不玩躺酒店的三天vlog（内含酒店推荐）,https://www.bilibili.com/video/av114359007253799,进***子,舀*,,未知,2025-04-22 19:33,2025,40,3,7.96,强力种草/惊艳好评,1.0,餐饮美食与特色体验,特色小吃与夜市文化,餐饮美食与特色体验,特色小吃与夜市文化,贵州全域/综合,贵州全域/综合,这家酒店自助早餐的豆腐圆子我吃了五个，明明很好吃[保卫萝卜_哇]，酒店大堂旁边面包店出品也很好，入住会送两张任选的劵
259799661537,114359007253799,贵阳旅行｜纯吃不玩躺酒店的三天vlog（内含酒店推荐）,https://www.bilibili.com/video/av114359007253799,进***子,K***n,,未知,2025-04-18 20:45,2025,25,1,6.58,客观探讨/咨询互动,0.0,综合旅游体验与漫游杂谈,全省概览/多景点串联游记,综合旅游体验与漫游杂谈,全省概览/多景点串联游记,贵州全域/综合,贵州全域/综合,隔着屏幕被香到了。
260694004928,114359007253799,贵阳旅行｜纯吃不玩躺酒店的三天vlog（内含酒店推荐）,https://www.bilibili.com/video/av114359007253799,进***子,圆***熊,,未知,2025-04-18 21:09,2025,29,1,6.79,客观探讨/咨询互动,0.0,餐饮美食与特色体验,特色小吃与夜市文化,餐饮美食与特色体验,特色小吃与夜市文化,贵州全域/综合,贵州全域/综合,哪家酒店哇[星星眼]
261012581504,114359007253799,贵阳旅行｜纯吃不玩躺酒店的三天vlog（内含酒店推荐）,https://www.bilibili.com/video/av114359007253799,进***子,唯***我,,未知,2025-04-22 17:36,2025,17,8,7.53,客观探讨/咨询互动,0.0,自然风光与气候避暑,瀑布水景视觉震撼,自然风光与气候避暑,瀑布水景视觉震撼,贵州全域/综合,贵州全域/综合,我觉得这个去茶山爆难喝，[笑哭] 还是说我没买到好喝的？
260692633808,114359007253799,贵阳旅行｜纯吃不玩躺酒店的三天vlog（内含酒店推荐）,https://www.bilibili.com/video/av114359007253799,进***子,登***球,,未知,2025-04-18 20:54,2025,23,0,5.77,客观探讨/咨询互动,0.0,综合旅游体验与漫游杂谈,全省概览/多景点串联游记,综合旅游体验与漫游杂谈,全省概览/多景点串联游记,贵州全域/综合,贵州全域/综合,哇塞哇塞！！！！期待主播的日本vlog！！
259887197393,114359007253799,贵阳旅行｜纯吃不玩躺酒店的三天vlog（内含酒店推荐）,https://www.bilibili.com/video/av114359007253799,进***子,k***i,,未知,2025-04-19 21:38,2025,12,4,6.46,强力种草/惊艳好评,1.0,餐饮美食与特色体验,老字号口碑 vs 网红营销店,餐饮美食与特色体验,老字号口碑 vs 网红营销店,贵州全域/综合,贵州全域/综合,种草了[喜欢]，下周就去贵州！按主包的攻略
259805880721,114359007253799,贵阳旅行｜纯吃不玩躺酒店的三天vlog（内含酒店推荐）,https://www.bilibili.com/video/av114359007253799,进***子,甜***喝,,未知,2025-04-18 22:03,2025,12,0,4.85,客观探讨/咨询互动,0.0,综合旅游体验与漫游杂谈,全省概览/多景点串联游记,综合旅游体验与漫游杂谈,全省概览/多景点串联游记,贵州全域/综合,贵州全域/综合,你转型了吗要（）
260801050640,114359007253799,贵阳旅行｜纯吃不玩躺酒店的三天vlog（内含酒店推荐）,https://www.bilibili.com/video/av114359007253799,进***子,希***r,,未知,2025-04-20 00:54,2025,15,2,6.26,客观探讨/咨询互动,0.0,餐饮美食与特色体验,特色小吃与夜市文化,餐饮美食与特色体验,特色小吃与夜市文化,贵州全域/综合,贵州全域/综合,我嘞个什么酒店呀，好值[星星眼]暑假去玩准备去住
260859715088,114359007253799,贵阳旅行｜纯吃不玩躺酒店的三天vlog（内含酒店推荐）,https://www.bilibili.com/video/av114359007253799,进***子,Q***a,,未知,2025-04-20 18:35,2025,10,1,5.29,客观探讨/咨询互动,0.0,餐饮美食与特色体验,特色小吃与夜市文化,餐饮美食与特色体验,特色小吃与夜市文化,贵州全域/综合,贵州全域/综合,包了这么多东西TT同价位的酒店在我这边没有这么多餐食
174416921872,655819927,贵州旅游攻略，超详细PPT讲解。贵阳 黄果树 铜仁梵净山,https://www.bilibili.com/video/av655819927,好***桑,沫***n,,未知,2023-07-11 19:24,2023,239,21,12.31,实战攻略/避坑技巧,0.2,景区运营与排队管理,核心项目超长排队与拥堵,景区运营与排队管理,核心项目超长排队与拥堵,梵净山,梵净山,爬梵净山好像做体测，一定要买索道票，山上没什么高大的植物，感觉光秃秃的，要一直爬楼梯，中间好像就有一个休息的亭子，一个人停在阶梯上后面就堵车，所以要一直爬，一般的体力可能要爬一个小时（记不太清了，差不多吧），然后到第一个金顶，第二个更陡，但是不会太远了，个人建议没有信仰的话真的不用去梵净山
173712960048,655819927,贵州旅游攻略，超详细PPT讲解。贵阳 黄果树 铜仁梵净山,https://www.bilibili.com/video/av655819927,好***桑,D***5,,未知,2023-07-07 19:49,2023,197,86,13.4,实战攻略/避坑技巧,0.2,景区运营与排队管理,门票优惠政策与便民好评,景区运营与排队管理,门票优惠政策与便民好评,贵州全域/综合,贵州全域/综合,谢谢up主，对我很有帮助。然后提示一下贵州这几个月门票半价，可以去 一码游贵州 小程序上买票
213135980224,655819927,贵州旅游攻略，超详细PPT讲解。贵阳 黄果树 铜仁梵净山,https://www.bilibili.com/video/av655819927,好***桑,极***冰,,未知,2024-03-20 08:00,2024,150,13,11.16,客观探讨/咨询互动,0.0,自然风光与气候避暑,瀑布水景视觉震撼,自然风光与气候避暑,瀑布水景视觉震撼,黄果树瀑布,黄果树瀑布,兄弟们，去黄果树瀑布那个往返大巴，要换一个方式了，现在人就在车上，一个自称是导游卖货的开车上喇叭在逼逼叨逼逼叨，觉都睡不了。
186533635232,655819927,贵州旅游攻略，超详细PPT讲解。贵阳 黄果树 铜仁梵净山,https://www.bilibili.com/video/av655819927,好***桑,A***理,,未知,2023-09-19 09:26,2023,129,0,8.3,强力种草/惊艳好评,2.0,餐饮美食与特色体验 | 交通自驾与行程路况 | 景区运营与排队管理,酸汤系列与特色火锅 | 山路弯道与自驾难度 | 高铁大巴换乘与班次衔接 | 大门外移与强制观光车 | 核心项目超长排队与拥堵 | 门票预约与抢票限制,餐饮美食与特色体验,酸汤系列与特色火锅,黄果树瀑布 | 西江千户苗寨 | 梵净山 | 贵阳市区/黔灵山,黄果树瀑布,"一、作者在贵州旅游时的经验和攻略，包括交通、住宿、门票、餐饮等方面，希望能为观众提供有用的信息。
00:01 - 介绍贵州旅游，展示详细攻略
00:51 - 规划交通和订票，建议选择喷水池作为住宿地点
04:19 - 推荐从黔灵山公园的东门进入，因为人少，距离动物园稍微有点远
二、贵阳安顺朵朵粉的排队方式和店铺位置，以及贵阳至黄果树景区的往返直通车信息，还提供了景区门票购买时间段的建议。
07:01 - 安顺朵朵粉超级火，需要在网上排队预定
08:34 - 建议提前规划好去吃饭的时间，避免高峰期排队等待
10:12 - 在贵阳往返黄果树景区直通车，单程60元，往返99元，最多可提前25天预约
三、如何提前预约购买黄果树景区门票，避免排队等候。此外，视频还介绍了黄果树景区的门票种类、价格以及餐饮情况。
14:00 - 提前预订的票可以在黄果树景区直接进入，无需排队。
15:56 - 黄果树景区的门票可以单买，但进入景区必须购买门票加观光车票。
18:02 - 黄果树景区分为黄果树、天星桥和陡坡塘三个景点，每个景点都有观景台和水帘洞。
四、作者在贵州旅游的经历，包括住宿、交通、景点等方面的内容。其中介绍了铜仁和梵净山的旅游攻略。
21:00 - 宾馆离高铁站只有10米，隔音不太好
22:06 - 下午去了中南门，可玩程度还可以，但没什么可吃的
24:23 - 班车到梵净山，票提前五天可以在贵阳长途汽车票查询预定购买，提前三天也有票卖，但建议提前五天买，上车点在铜仁旅游站
五、黄果树景区的观光车、索道票、门票及天气等方面的注意事项，建议游客提前购买门票和索道票，并注意携带雨衣等物品。
28:00 - 观光车需按时段入场，可提前半个小时进入。
29:23 - 索道票往返是必须买的，否则需要体力好才能登顶。
30:52 - 山上的东西很贵，烤肠卖12元，自热火锅很好吃。
--本内容由AI视频小助理生成，关注解锁AI助理，由@I猫咪i老师I 召唤发送"
185796493520,655819927,贵州旅游攻略，超详细PPT讲解。贵阳 黄果树 铜仁梵净山,https://www.bilibili.com/video/av655819927,好***桑,E***g,,未知,2023-09-13 22:24,2023,95,1,8.54,客观探讨/咨询互动,0.0,餐饮美食与特色体验,酸汤系列与特色火锅 | 特色小吃与夜市文化,餐饮美食与特色体验,酸汤系列与特色火锅,贵阳市区/黔灵山,贵阳市区/黔灵山,"DAY1
广州到贵阳北，下午1点到
住宿选择喷水池附近
去民生街（小吃街）
下午到黔灵山公园，吃地摊火锅
安顺夺夺粉火锅，4.30开始排号（美味不用等）
..."
171355386992,655819927,贵州旅游攻略，超详细PPT讲解。贵阳 黄果树 铜仁梵净山,https://www.bilibili.com/video/av655819927,好***桑,观*,,未知,2023-06-23 16:47,2023,79,1,8.27,实战攻略/避坑技巧,0.2,综合旅游体验与漫游杂谈,全省概览/多景点串联游记,综合旅游体验与漫游杂谈,全省概览/多景点串联游记,贵州全域/综合,贵州全域/综合,攻略很棒，肚子里的孩子都能听懂
168093492848,655819927,贵州旅游攻略，超详细PPT讲解。贵阳 黄果树 铜仁梵净山,https://www.bilibili.com/video/av655819927,好***桑,生***人,,未知,2023-06-02 16:25,2023,52,19,9.95,实战攻略/避坑技巧,0.2,住宿价格与酒店民宿,景区内住宿 vs 市区中转选择,住宿价格与酒店民宿,景区内住宿 vs 市区中转选择,西江千户苗寨 | 贵阳市区/黔灵山,西江千户苗寨,非常细致且实用的攻略。up主，我过段时间想去贵阳，如果我想去苗寨，首选哪个苗寨，是自己找住宿好还是报团好？[抱拳][抱拳][抱拳]
213458191072,655819927,贵州旅游攻略，超详细PPT讲解。贵阳 黄果树 铜仁梵净山,https://www.bilibili.com/video/av655819927,好***桑,极***冰,,未知,2024-03-22 14:10,2024,45,13,9.38,实战攻略/避坑技巧,0.2,景区运营与排队管理 | 住宿价格与酒店民宿,大门外移与强制观光车 | 景区内住宿 vs 市区中转选择,景区运营与排队管理,大门外移与强制观光车,梵净山,梵净山,梵净山攻略来啦，我按up的攻略买票交通，但是与up主不同的是，我是前一天下午过去住一晚，民宿和吃的一言难尽啊。我是买最早的票，早上8点和大爷大妈一起抢菜一样进站，有那些在闸口所谓的景区拍照，只要你走得够快，够早，他们就拦不到你，无视即可。坐完观光车转索道9点正式开始爬山，他喵的，一步三喘，心跳都要蹦到喉咙了，全身开始瀑汗，那些博主旅游惯了，我这种坐办公室的，爬山10分钟就已经想掉头回去了。建议想爬这梵净山的，提前锻炼一下，别跟我一样在山上像死狗一样。
167178803952,655819927,贵州旅游攻略，超详细PPT讲解。贵阳 黄果树 铜仁梵净山,https://www.bilibili.com/video/av655819927,好***桑,C***i,,未知,2023-05-27 15:50,2023,35,1,7.07,客观探讨/咨询互动,0.0,住宿价格与酒店民宿,景区内住宿 vs 市区中转选择,住宿价格与酒店民宿,景区内住宿 vs 市区中转选择,贵州全域/综合,贵州全域/综合,听学术报告的感脚，忍不住打开笔记本记笔记
186533802976,655819927,贵州旅游攻略，超详细PPT讲解。贵阳 黄果树 铜仁梵净山,https://www.bilibili.com/video/av655819927,好***桑,有***员,,未知,2023-09-19 09:28,2023,32,0,6.24,实战攻略/避坑技巧,0.2,交通自驾与行程路况 | 景区运营与排队管理,高铁大巴换乘与班次衔接 | 大门外移与强制观光车 | 核心项目超长排队与拥堵 | 景中景与二次收费/套票陷阱,交通自驾与行程路况,高铁大巴换乘与班次衔接,黄果树瀑布 | 西江千户苗寨 | 梵净山 | 贵阳市区/黔灵山,黄果树瀑布,"【内容总结】
这个视频是一位UP主分享的贵州旅游攻略，主要介绍了贵阳、黄果树、铜仁和梵净山的旅游信息。视频中提到整个旅游行程耗时5天，包括贵阳、黄果树、铜仁和梵净山。UP主详细讲解了每个地方的攻略和注意事项，包括交通、门票购买、观光车、索道等信息。UP主还分享了自己的旅游经历和一些建议，例如在梵净山需要购买索道票，天气不好时不宜前往等。视频内容详细实用，适合计划前往贵州旅游的人参考。

【时间线】
- 00:00 - 视频介绍贵州旅游攻略的目的
- 01:29 - 第一站：贵阳，介绍住宿选择和黔灵山公园
- 05:24 - 第二站：黄果树，介绍景区的门票购买方式和游览注意事项
- 09:55 - 第三站：铜仁，介绍铜仁的交通方式和民族服饰拍摄
- 19:58 - 第四站：梵净山，介绍班车服务和游览方式
- 24:26 - 视频总结，提到下一站是梵净山的班车服务
- 24:30 - 购买贵阳到铜仁的班车票，提前五天购买，也可提前七天购买
- 25:03 - 铜仁旅游站是班车的上车点，位于贵阳高铁站对面
- 25:19 - 购买铜仁到梵净山的班车票，回程购买江口梵净山到铜仁的票
- 25:48 - 班车从铜仁旅游站出发，大约一个半小时到达梵净山东门
- 26:32 - 进入梵净山后，先去游客服务中心留下电话，方便改签车票
- 27:31 - 购买梵净山门票和观光车票，提前三天抢购
- 28:00 - 索道票需购买，往返票价为140元
- 28:39 - 进入梵净山后，需提前30分钟进入观光车排队
- 29:18 - 建议购买索道票，因为登顶需要较长时间和体力
- 30:06 - 学生票需先在网上购买，到景点后退差额
- 30:48 - 梵净山上的食物价格较贵，建议自备食物
- 31:46 - 天气不好时不宜前往梵净山，可能会闭园
- 33:29 - 苗寨的住宿价格较贵，建议考虑其他住宿选择
- 34:40 - 苗寨的交通较远，需先到凯里南站再坐车前往
- 35:00 - 观看
内容由AI自动总结, 总结内容仅供参考~ @I猫咪i老师I 触发了视频总结, 触发方式是 @有趣的程序员 总结一下"
172233587072,655819927,贵州旅游攻略，超详细PPT讲解。贵阳 黄果树 铜仁梵净山,https://www.bilibili.com/video/av655819927,好***桑,好***桑,,未知,2023-06-28 23:43,2023,26,78,10.31,客观探讨/咨询互动,0.0,综合旅游体验与漫游杂谈,全省概览/多景点串联游记,综合旅游体验与漫游杂谈,全省概览/多景点串联游记,贵州全域/综合,贵州全域/综合,需要ppt的可以私聊我，置顶链接总是被吞，我看到了就会回复的[微笑]
183264400656,655819927,贵州旅游攻略，超详细PPT讲解。贵阳 黄果树 铜仁梵净山,https://www.bilibili.com/video/av655819927,好***桑,斑***友,,未知,2023-08-27 18:44,2023,17,1,6.03,实战攻略/避坑技巧,0.2,景区运营与排队管理,核心项目超长排队与拥堵,景区运营与排队管理,核心项目超长排队与拥堵,贵阳市区/黔灵山,贵阳市区/黔灵山,人在贵阳，大家千万不要去那个笔记夺夺粉，提前两个小时排队，前面52桌，服务员说大概一个个小时可以，又去步行街逛了40分钟回来，还有46桌，再看看美团评价大概好评都是刷出来，本地人都说是骗游客，避大雷
226625565616,655819927,贵州旅游攻略，超详细PPT讲解。贵阳 黄果树 铜仁梵净山,https://www.bilibili.com/video/av655819927,好***桑,花***子,,未知,2024-06-16 16:55,2024,15,1,5.85,强力种草/惊艳好评,2.0,自然风光与气候避暑 | 交通自驾与行程路况 | 景区运营与排队管理 | 住宿价格与酒店民宿,瀑布水景视觉震撼 | 高山峡谷与世界级桥梁 | 山路弯道与自驾难度 | 门票预约与抢票限制 | 民宿卫生隔音与硬件体验,自然风光与气候避暑,瀑布水景视觉震撼,黄果树瀑布 | 梵净山,黄果树瀑布,梵净山上的普渡广场有免费热水，所以可以带泡面上去。然后水是真的贵，10块钱350ml，所以可以带两瓶水上去。其他吃的看自己需要就行。从梵净山回铜仁的车，一个小时一班，可以改签，就在门口游客中心那里。如果忘记背水的话，还是这个游客中心，里边有一个自动贩卖机，哇哈哈3块，十分良心，我是买完10块的，买5块的，最后买的这个3块的，整个景区水几乎买全了[喜极而泣]还有红云金顶的预约，可以下索道就预约，然后在上边吃个饭，上个厕所休整一下，差不多就喊到你们的号了，而且过号作废！我们是先蘑菇石，再普渡广场，再红云金顶。如果行程不同的话，可以适当提前预约。其他的，up主哥哥，说的都很对。我们黄果树也是按照哥哥的套路走的，没去天星桥，因为我俩体力不行。就先大瀑布，再陡坡塘。相信up主哥哥，感谢up主哥哥[给心心]
171003296544,655819927,贵州旅游攻略，超详细PPT讲解。贵阳 黄果树 铜仁梵净山,https://www.bilibili.com/video/av655819927,好***桑,医***本,,未知,2023-06-21 13:29,2023,15,2,6.26,客观探讨/咨询互动,0.0,自然风光与气候避暑 | 交通自驾与行程路况 | 景区运营与排队管理,瀑布水景视觉震撼 | 山路弯道与自驾难度 | 高铁大巴换乘与班次衔接 | 大门外移与强制观光车,自然风光与气候避暑,瀑布水景视觉震撼,黄果树瀑布,黄果树瀑布,up主，晕车的话有没有更好的方式去黄果树瀑布，高铁舒适观光车之类的
181735108224,655819927,贵州旅游攻略，超详细PPT讲解。贵阳 黄果树 铜仁梵净山,https://www.bilibili.com/video/av655819927,好***桑,真***字,,未知,2023-08-19 10:29,2023,12,3,6.23,客观探讨/咨询互动,0.0,综合旅游体验与漫游杂谈,全省概览/多景点串联游记,综合旅游体验与漫游杂谈,全省概览/多景点串联游记,贵州全域/综合,贵州全域/综合,课代表来了[OK]
167634549264,655819927,贵州旅游攻略，超详细PPT讲解。贵阳 黄果树 铜仁梵净山,https://www.bilibili.com/video/av655819927,好***桑,喜***儿,,未知,2023-05-30 14:25,2023,12,1,5.54,实战攻略/避坑技巧,0.2,交通自驾与行程路况,山路弯道与自驾难度,交通自驾与行程路况,山路弯道与自驾难度,贵州全域/综合,贵州全域/综合,哈哈哈哈哈哈好牛的攻略，现在开始上课老师您好[打call]
169556791440,655819927,贵州旅游攻略，超详细PPT讲解。贵阳 黄果树 铜仁梵净山,https://www.bilibili.com/video/av655819927,好***桑,蛋***e,,未知,2023-06-11 21:04,2023,10,10,6.99,客观探讨/咨询互动,0.0,景区运营与排队管理,核心项目超长排队与拥堵,景区运营与排队管理,核心项目超长排队与拥堵,荔波小七孔,荔波小七孔,小七孔的票是不是可以用两天呀[星星眼]
168551820832,655819927,贵州旅游攻略，超详细PPT讲解。贵阳 黄果树 铜仁梵净山,https://www.bilibili.com/video/av655819927,好***桑,怕***噗,,未知,2023-06-05 16:32,2023,10,1,5.29,客观探讨/咨询互动,0.0,景区运营与排队管理,核心项目超长排队与拥堵,景区运营与排队管理,核心项目超长排队与拥堵,贵阳市区/黔灵山,贵阳市区/黔灵山,up我现在在上班偷偷看，没有听声音，想问一下黔灵山公园需要门票吗？[doge]
301243414416,116510701919848,深夜探险小巷子，差点儿迷失在贵阳站。地下过道曾经很多小足疗店，目前很多都关掉了。阴暗潮湿的脏兮兮的环境，隐藏着许多不为人知的秘密。,https://www.bilibili.com/video/av116510701919848,奇***記,c***l,,未知,2026-05-04 08:57,2026,138,14,11.11,实战攻略/避坑技巧,0.2,交通自驾与行程路况,山路弯道与自驾难度,交通自驾与行程路况,山路弯道与自驾难度,贵阳市区/黔灵山,贵阳市区/黔灵山,去年自驾从贵阳过，印象挺深。从没见过如此洋溢着青春气息的混乱城市。
298579318513,116510701919848,深夜探险小巷子，差点儿迷失在贵阳站。地下过道曾经很多小足疗店，目前很多都关掉了。阴暗潮湿的脏兮兮的环境，隐藏着许多不为人知的秘密。,https://www.bilibili.com/video/av116510701919848,奇***記,狮***斗,,未知,2026-05-06 12:49,2026,56,21,10.16,客观探讨/咨询互动,0.0,交通自驾与行程路况,高铁大巴换乘与班次衔接,交通自驾与行程路况,高铁大巴换乘与班次衔接,贵州全域/综合,贵州全域/综合,火车站特色，以前出火车站就有大妈问要美女不[笑哭]
298478118865,116510701919848,深夜探险小巷子，差点儿迷失在贵阳站。地下过道曾经很多小足疗店，目前很多都关掉了。阴暗潮湿的脏兮兮的环境，隐藏着许多不为人知的秘密。,https://www.bilibili.com/video/av116510701919848,奇***記,我***寧,,未知,2026-05-05 13:52,2026,31,0,6.2,客观探讨/咨询互动,0.0,综合旅游体验与漫游杂谈,全省概览/多景点串联游记,综合旅游体验与漫游杂谈,全省概览/多景点串联游记,贵州全域/综合,贵州全域/综合,来这里先把50罚款交了
298555739617,116510701919848,深夜探险小巷子，差点儿迷失在贵阳站。地下过道曾经很多小足疗店，目前很多都关掉了。阴暗潮湿的脏兮兮的环境，隐藏着许多不为人知的秘密。,https://www.bilibili.com/video/av116510701919848,奇***記,野***舞,,未知,2026-05-06 06:17,2026,25,3,7.27,客观探讨/咨询互动,0.0,交通自驾与行程路况,包车打车与出租车避坑,交通自驾与行程路况,包车打车与出租车避坑,贵州全域/综合,贵州全域/综合,大学时下去过一次，全是🐔，我女朋友跟着我呢她们都要坚持拉客
298529669409,116510701919848,深夜探险小巷子，差点儿迷失在贵阳站。地下过道曾经很多小足疗店，目前很多都关掉了。阴暗潮湿的脏兮兮的环境，隐藏着许多不为人知的秘密。,https://www.bilibili.com/video/av116510701919848,奇***記,A***素,,未知,2026-05-05 22:03,2026,24,4,7.44,客观探讨/咨询互动,0.0,综合旅游体验与漫游杂谈,全省概览/多景点串联游记,综合旅游体验与漫游杂谈,全省概览/多景点串联游记,贵州全域/综合,贵州全域/综合,the people[doge]
298403030273,116510701919848,深夜探险小巷子，差点儿迷失在贵阳站。地下过道曾经很多小足疗店，目前很多都关掉了。阴暗潮湿的脏兮兮的环境，隐藏着许多不为人知的秘密。,https://www.bilibili.com/video/av116510701919848,奇***記,张***斗,,未知,2026-05-04 20:52,2026,24,5,7.62,客观探讨/咨询互动,0.0,综合旅游体验与漫游杂谈,全省概览/多景点串联游记,综合旅游体验与漫游杂谈,全省概览/多景点串联游记,贵州全域/综合,贵州全域/综合,罚款交了没？就敢往巷子里转？[doge]
302032934672,116510701919848,深夜探险小巷子，差点儿迷失在贵阳站。地下过道曾经很多小足疗店，目前很多都关掉了。阴暗潮湿的脏兮兮的环境，隐藏着许多不为人知的秘密。,https://www.bilibili.com/video/av116510701919848,奇***記,吃***箭,,未知,2026-05-11 13:13,2026,19,0,5.49,客观探讨/咨询互动,0.0,消费预算与综合性价比,高性价比与平民消费好评,消费预算与综合性价比,高性价比与平民消费好评,贵阳市区/黔灵山,贵阳市区/黔灵山,看了up我才发现，贵州人对贵阳的挖宝还是少了[笑哭]知道传闻但真没见过
301273672784,116510701919848,深夜探险小巷子，差点儿迷失在贵阳站。地下过道曾经很多小足疗店，目前很多都关掉了。阴暗潮湿的脏兮兮的环境，隐藏着许多不为人知的秘密。,https://www.bilibili.com/video/av116510701919848,奇***記,小***小,,未知,2026-05-04 13:56,2026,16,2,6.35,客观探讨/咨询互动,0.0,住宿价格与酒店民宿,景区内住宿 vs 市区中转选择,住宿价格与酒店民宿,景区内住宿 vs 市区中转选择,贵阳市区/黔灵山,贵阳市区/黔灵山,之前跟前女友住在贵阳，满满的回忆
298521581057,116510701919848,深夜探险小巷子，差点儿迷失在贵阳站。地下过道曾经很多小足疗店，目前很多都关掉了。阴暗潮湿的脏兮兮的环境，隐藏着许多不为人知的秘密。,https://www.bilibili.com/video/av116510701919848,奇***記,U***s,,未知,2026-05-05 20:51,2026,19,3,6.88,客观探讨/咨询互动,0.0,综合旅游体验与漫游杂谈,全省概览/多景点串联游记,综合旅游体验与漫游杂谈,全省概览/多景点串联游记,贵州全域/综合,贵州全域/综合,我问嬢嬢冷不冷，嬢嬢问我整不整
298415636129,116510701919848,深夜探险小巷子，差点儿迷失在贵阳站。地下过道曾经很多小足疗店，目前很多都关掉了。阴暗潮湿的脏兮兮的环境，隐藏着许多不为人知的秘密。,https://www.bilibili.com/video/av116510701919848,奇***記,h***w,,未知,2026-05-04 22:35,2026,13,6,6.9,客观探讨/咨询互动,0.0,住宿价格与酒店民宿,景区内住宿 vs 市区中转选择,住宿价格与酒店民宿,景区内住宿 vs 市区中转选择,贵阳市区/黔灵山,贵阳市区/黔灵山,我一号去的，想找精神小妹玩，在花果园住了3天，4号来南宁了
299356860369,116510701919848,深夜探险小巷子，差点儿迷失在贵阳站。地下过道曾经很多小足疗店，目前很多都关掉了。阴暗潮湿的脏兮兮的环境，隐藏着许多不为人知的秘密。,https://www.bilibili.com/video/av116510701919848,奇***記,月***凛,,未知,2026-05-14 08:41,2026,12,0,4.85,客观探讨/咨询互动,0.0,餐饮美食与特色体验,特色小吃与夜市文化,餐饮美食与特色体验,特色小吃与夜市文化,贵州全域/综合,贵州全域/综合,足疗饭店才是最能体现经济形势的
299425231889,116510701919848,深夜探险小巷子，差点儿迷失在贵阳站。地下过道曾经很多小足疗店，目前很多都关掉了。阴暗潮湿的脏兮兮的环境，隐藏着许多不为人知的秘密。,https://www.bilibili.com/video/av116510701919848,奇***記,尼***啊,,未知,2026-05-14 22:27,2026,14,2,6.16,客观探讨/咨询互动,0.0,交通自驾与行程路况,山路弯道与自驾难度,交通自驾与行程路况,山路弯道与自驾难度,贵州全域/综合,贵州全域/综合,三桥后坝黄金路，一排嬢嬢站一路，我问嬢嬢冷不冷，嬢嬢问我整不整
298694852305,116510701919848,深夜探险小巷子，差点儿迷失在贵阳站。地下过道曾经很多小足疗店，目前很多都关掉了。阴暗潮湿的脏兮兮的环境，隐藏着许多不为人知的秘密。,https://www.bilibili.com/video/av116510701919848,奇***記,岂***心,,未知,2026-05-07 16:43,2026,11,1,5.42,客观探讨/咨询互动,0.0,综合旅游体验与漫游杂谈,全省概览/多景点串联游记,综合旅游体验与漫游杂谈,全省概览/多景点串联游记,贵州全域/综合,贵州全域/综合,江西新余，老西街姐妹足浴后面的小巷子。
301433207312,116510701919848,深夜探险小巷子，差点儿迷失在贵阳站。地下过道曾经很多小足疗店，目前很多都关掉了。阴暗潮湿的脏兮兮的环境，隐藏着许多不为人知的秘密。,https://www.bilibili.com/video/av116510701919848,奇***記,忘***室,,未知,2026-05-05 19:36,2026,10,0,4.6,客观探讨/咨询互动,0.0,综合旅游体验与漫游杂谈,全省概览/多景点串联游记,综合旅游体验与漫游杂谈,全省概览/多景点串联游记,贵州全域/综合,贵州全域/综合,没有人带你去学英语。
301271124784,116510701919848,深夜探险小巷子，差点儿迷失在贵阳站。地下过道曾经很多小足疗店，目前很多都关掉了。阴暗潮湿的脏兮兮的环境，隐藏着许多不为人知的秘密。,https://www.bilibili.com/video/av116510701919848,奇***記,没***1,,未知,2026-05-04 13:32,2026,15,7,7.24,客观探讨/咨询互动,0.0,综合旅游体验与漫游杂谈,全省概览/多景点串联游记,综合旅游体验与漫游杂谈,全省概览/多景点串联游记,贵州全域/综合,贵州全域/综合,武汉来[doge]
